angle,t_count_x,t_count_2x,len_x,len_2x
1,48,52,78,79
1.0052831853071795,50,52,78,73
1.0105663706143593,46,52,65,73
1.0158495559215388,46,52,69,73
1.0211327412287183,52,52,83,84
1.0264159265358979,48,52,76,84
1.0316991118430776,50,52,75,84
1.0369822971502571,50,52,77,84
1.0422654824574367,46,50,72,81
1.0475486677646162,50,50,77,81
1.0528318530717959,46,50,76,81
1.0581150383789755,48,50,71,81
1.063398223686155,52,50,75,78
1.0686814089933345,50,50,81,78
1.0739645943005143,50,50,74,78
1.0792477796076938,50,50,77,78
1.0845309649148733,52,50,90,72
1.0898141502220531,50,50,77,72
1.0950973355292326,52,50,79,72
1.1003805208364121,48,50,77,72
1.1056637061435917,46,50,65,82
1.1109468914507714,50,50,72,82
1.1162300767579509,46,50,68,82
1.1215132620651305,50,50,73,82
1.12679644737231,48,50,76,77
1.1320796326794897,48,50,79,77
1.1373628179866693,50,50,71,77
1.1426460032938488,48,50,71,77
1.1479291886010283,48,48,74,76
1.1532123739082081,52,48,77,76
1.1584955592153876,50,48,76,76
1.1637787445225671,52,48,81,76
1.1690619298297467,52,48,79,76
1.1743451151369264,50,52,80,75
1.1796283004441059,50,52,78,75
1.1849114857512855,48,52,69,75
1.1901946710584652,48,50,76,75
1.1954778563656447,46,50,72,75
1.2007610416728243,42,50,62,75
1.2060442269800038,50,50,69,75
1.2113274122871835,44,48,64,71
1.2166105975943631,46,48,66,71
1.2218937829015426,46,48,72,71
1.2271769682087221,50,48,79,71
1.2324601535159019,50,50,79,71
1.2377433388230814,52,50,77,71
1.2430265241302609,48,50,72,71
1.2483097094374405,48,50,81,71
1.2535928947446202,48,50,75,79
1.2588760800517997,50,50,67,79
1.2641592653589793,50,50,77,79
1.269442450666159,52,52,79,78
1.2747256359733385,52,52,81,78
1.2800088212805181,56,52,81,78
1.2852920065876976,50,52,84,78
1.2905751918948773,48,52,70,78
1.2958583772020569,48,50,74,77
1.3011415625092364,50,50,76,77
1.3064247478164159,48,50,75,77
1.3117079331235957,50,50,79,79
1.3169911184307752,50,50,79,79
1.3222743037379547,48,50,73,79
1.3275574890451343,50,50,73,79
1.332840674352314,52,50,81,79
1.3381238596594935,50,48,80,74
1.3434070449666731,52,48,83,74
1.3486902302738528,48,50,73,75
1.3539734155810323,52,50,81,75
1.3592566008882119,52,50,83,75
1.3645397861953914,46,50,69,75
1.3698229715025712,50,50,67,75
1.3751061568097507,50,54,74,86
1.3803893421169302,50,54,74,86
1.3856725274241097,44,54,70,86
1.3909557127312895,52,50,79,73
1.396238898038469,48,50,72,73
1.4015220833456485,48,50,71,73
1.4068052686528281,48,50,73,73
1.4120884539600078,50,50,75,73
1.4173716392671873,50,50,77,73
1.4226548245743669,48,48,73,71
1.4279380098815466,48,48,78,71
1.4332211951887261,50,50,73,80
1.4385043804959057,48,50,73,80
1.4437875658030852,50,50,78,80
1.449070751110265,46,50,74,80
1.4543539364174445,50,50,78,80
1.459637121724624,46,50,77,80
1.4649203070318035,50,52,75,84
1.4702034923389833,46,52,76,84
1.4754866776461628,52,50,74,75
1.4807698629533423,48,50,71,75
1.4860530482605219,50,50,77,75
1.4913362335677016,50,50,75,75
1.4966194188748811,50,50,77,75
1.5019026041820607,48,50,73,75
1.5071857894892404,50,50,74,75
1.51246897479642,50,50,79,82
1.5177521601035995,50,50,78,82
1.523035345410779,48,50,77,82
1.5283185307179588,54,50,83,82
1.5336017160251383,46,50,67,82
1.5388849013323178,46,50,75,82
1.5441680866394973,48,48,68,76
1.5494512719466771,50,48,72,76
1.5547344572538566,50,48,75,69
1.5600176425610361,48,48,76,69
1.5653008278682157,52,48,79,69
1.5705840131753954,50,48,78,69
1.5758671984825749,50,48,76,82
1.5811503837897545,50,48,74,82
1.586433569096934,50,48,77,82
1.5917167544041138,52,48,72,73
1.5969999397112933,50,48,73,73
1.6022831250184728,50,50,74,78
1.6075663103256526,50,50,75,78
1.6128494956328321,50,50,79,78
1.6181326809400116,52,50,77,78
1.6234158662471911,52,50,77,78
1.6286990515543709,52,50,84,78
1.6339822368615504,50,50,77,83
1.6392654221687299,48,50,73,76
1.6445486074759095,48,50,72,76
1.6498317927830892,50,50,87,76
1.6551149780902688,44,50,63,76
1.6603981633974483,54,50,78,76
1.6656813487046278,52,50,79,76
1.6709645340118076,50,52,81,77
1.6762477193189871,50,52,78,77
1.6815309046261666,50,50,81,76
1.6868140899333464,48,50,74,76
1.6920972752405259,52,50,79,76
1.6973804605477054,54,50,84,76
1.7026636458548849,48,50,69,76
1.7079468311620647,46,50,76,76
1.7132300164692442,46,48,65,74
1.7185132017764237,48,48,76,74
1.7237963870836033,52,48,78,74
1.729079572390783,50,50,75,81
1.7343627576979626,52,50,71,81
1.7396459430051421,50,50,81,81
1.7449291283123216,50,50,70,81
1.7502123136195014,50,50,69,81
1.7554954989266809,50,54,79,77
1.7607786842338604,48,54,69,77
1.7660618695410402,52,54,77,77
1.7713450548482197,50,50,77,79
1.7766282401553992,52,50,75,79
1.7819114254625787,48,50,78,79
1.7871946107697585,48,50,75,79
1.792477796076938,50,50,73,79
1.7977609813841176,48,48,79,74
1.8030441666912971,50,48,80,74
1.8083273519984768,50,50,83,70
1.8136105373056564,48,50,72,70
1.8188937226128359,52,50,86,70
1.8241769079200154,48,50,74,70
1.8294600932271952,48,50,69,70
1.8347432785343747,50,50,77,77
1.8400264638415542,52,50,81,77
1.8453096491487337,52,50,81,77
1.8505928344559135,50,52,81,81
1.855876019763093,52,52,84,81
1.8611592050702725,48,52,75,81
1.8664423903774523,50,52,73,81
1.8717255756846318,50,52,78,81
1.8770087609918114,50,50,82,78
1.8822919462989909,50,50,85,78
1.8875751316061706,50,50,78,78
1.8928583169133502,50,50,81,86
1.8981415022205297,48,50,76,86
1.9034246875277092,50,50,76,86
1.908707872834889,50,50,75,86
1.9139910581420685,48,50,75,86
1.919274243449248,52,48,83,76
1.9245574287564275,48,48,74,76
1.9298406140636073,50,48,84,76
1.9351237993707868,50,50,77,78
1.9404069846779664,50,50,78,78
1.9456901699851461,48,50,72,78
1.9509733552923256,52,50,71,78
1.9562565405995052,50,52,72,77
1.9615397259066847,48,52,75,77
1.9668229112138644,52,52,77,77
1.972106096521044,46,52,76,77
1.9773892818282235,52,48,79,71
1.982672467135403,52,48,79,71
1.9879556524425828,52,48,81,71
1.9932388377497623,52,48,85,71
1.9985220230569418,50,50,77,77
2.0038052083641213,50,50,74,77
2.0090883936713011,50,50,74,77
2.0143715789784808,52,50,80,77
2.0196547642856602,52,50,73,78
2.0249379495928399,52,50,86,78
2.0302211349000192,52,50,79,78
2.035504320207199,52,50,79,78
2.0407875055143787,50,50,79,81
2.046070690821558,50,50,76,81
2.0513538761287378,52,50,83,81
2.0566370614359175,52,50,84,81
2.0619202467430968,52,50,84,78
2.0672034320502766,46,50,61,78
2.0724866173574559,48,50,76,78
2.0777698026646356,48,50,77,78
2.0830529879718154,48,50,75,69
2.0883361732789947,44,50,64,69
2.0936193585861744,50,50,76,69
2.0989025438933542,50,50,78,69
2.1041857292005335,50,52,81,84
2.1094689145077132,52,52,77,84
2.114752099814893,52,52,82,84
2.1200352851220723,48,52,75,84
2.125318470429252,50,52,73,88
2.1306016557364313,52,52,81,88
2.1358848410436111,50,52,76,88
2.1411680263507908,48,52,76,87
2.1464512116579701,50,52,78,87
2.1517343969651499,48,52,73,87
2.1570175822723296,50,52,69,87
2.162300767579509,50,50,81,73
2.1675839528866887,46,50,71,73
2.172867138193868,52,50,83,73
2.1781503235010478,52,50,80,73
2.1834335088082275,50,48,69,76
2.1887166941154068,50,48,72,76
2.1939998794225866,40,48,62,76
2.1992830647297663,50,48,74,76
2.2045662500369456,50,52,78,80
2.2098494353441254,52,52,78,80
2.2151326206513051,52,52,82,80
2.2204158059584844,50,52,68,80
2.2256989912656642,52,52,88,78
2.2309821765728435,50,52,82,78
2.2362653618800232,50,52,84,78
2.241548547187203,50,48,77,74
2.2468317324943823,50,52,76,78
2.252114917801562,50,52,73,78
2.2573981031087418,52,52,76,78
2.2626812884159211,46,50,72,75
2.2679644737231008,50,52,74,85
2.2732476590302806,50,52,77,85
2.2785308443374599,58,52,93,85
2.2838140296446396,52,46,79,71
2.2890972149518189,46,52,69,81
2.2943804002589987,50,52,82,81
2.2996635855661784,52,52,82,81
2.3049467708733578,50,50,74,79
2.3102299561805375,52,44,86,70
2.3155131414877173,48,44,76,70
2.3207963267948966,48,44,69,70
2.3260795121020763,52,50,77,79
2.3313626974092556,52,50,80,75
2.3366458827164354,52,50,73,75
2.3419290680236151,52,50,88,75
2.3472122533307944,50,52,84,81
2.3524954386379742,52,50,75,78
2.3577786239451539,48,50,73,78
2.3630618092523332,50,50,75,78
2.368344994559513,50,50,72,76
2.3736281798666927,46,54,73,84
2.378911365173872,48,54,69,84
2.3841945504810518,48,54,77,84
2.3894777357882311,50,50,72,80
2.3947609210954108,50,50,75,80
2.4000441064025906,50,50,81,80
2.4053272917097699,48,46,74,71
2.4106104770169496,50,46,74,70
2.4158936623241294,50,46,75,70
2.4211768476313087,46,46,72,70
2.4264600329384884,50,48,81,78
2.4317432182456677,48,48,79,83
2.4370264035528475,48,48,71,83
2.4423095888600272,52,48,82,83
2.4475927741672066,50,44,79,68
2.4528759594743863,46,46,76,73
2.4581591447815661,50,46,76,73
2.4634423300887454,50,46,73,73
2.4687255153959251,50,52,74,82
2.4740087007031049,52,50,73,79
2.4792918860102842,50,50,71,79
2.4845750713174639,52,48,73,72
2.4898582566246432,52,48,78,72
2.495141441931823,52,50,78,86
2.5004246272390027,50,50,77,86
2.505707812546182,50,50,75,76
2.5109909978533618,50,50,78,76
2.5162741831605415,50,48,79,78
2.5215573684677208,52,48,81,78
2.5268405537749006,50,46,71,75
2.5321237390820803,50,46,80,75
2.5374069243892596,50,42,76,67
2.5426901096964394,48,42,73,67
2.5479732950036187,48,50,69,76
2.5532564803107984,48,50,71,76
2.5585396656179782,52,52,78,86
2.5638228509251575,44,52,66,86
2.5691060362323372,48,48,70,75
2.574389221539517,52,48,82,75
2.5796724068466963,48,50,76,82
2.584955592153876,48,50,71,82
2.5902387774610554,50,48,79,81
2.5955219627682351,48,48,76,81
2.6008051480754149,50,50,77,74
2.6060883333825942,50,50,80,74
2.6113715186897739,50,48,77,76
2.6166547039969537,50,48,75,76
2.621937889304133,50,50,83,76
2.6272210746113127,52,50,84,76
2.6325042599184925,50,46,81,69
2.6377874452256718,48,48,76,78
2.6430706305328515,50,60,79,91
2.6483538158400308,44,62,68,92
2.6536370011472106,50,62,78,99
2.6589201864543903,52,62,79,99
2.6642033717615696,44,64,67,102
2.6694865570687494,48,62,78,93
2.6747697423759291,50,62,74,93
2.6800529276831084,48,60,74,88
2.6853361129902882,50,60,68,88
2.6906192982974675,52,60,79,95
2.6959024836046472,54,62,84,97
2.701185668911827,50,62,79,97
2.7064688542190063,46,54,77,76
2.711752039526186,50,60,79,86
2.7170352248333658,50,60,81,93
2.7223184101405451,50,60,75,93
2.7276015954477248,46,60,73,85
2.7328847807549046,48,58,73,92
2.7381679660620839,52,58,80,95
2.7434511513692637,52,58,84,95
2.748734336676443,50,58,75,87
2.7540175219836227,52,60,80,87
2.7593007072908025,50,56,82,78
2.7645838925979818,54,56,86,78
2.7698670779051615,52,64,78,96
2.7751502632123413,48,60,72,95
2.7804334485195206,50,56,79,95
2.7857166338267003,50,56,79,95
2.7909998191338801,50,62,79,95
2.7962830044410594,50,62,74,101
2.8015661897482391,38,60,54,94
2.8068493750554184,50,60,73,94
2.8121325603625982,50,60,76,92
2.8174157456697779,50,64,72,98
2.8226989309769572,44,60,66,102
2.827982116284137,46,60,71,102
2.8332653015913167,50,60,73,92
2.838548486898496,50,52,70,76
2.8438316722056758,50,62,67,95
2.8491148575128551,48,62,71,95
2.8543980428200348,52,56,81,82
2.8596812281272146,48,62,77,97
2.8649644134343939,48,60,75,95
2.8702475987415736,50,58,78,90
2.8755307840487534,48,62,72,96
2.8808139693559327,48,62,76,100
2.8860971546631125,52,60,79,96
2.8913803399702922,50,56,80,86
2.8966635252774715,50,60,79,88
2.9019467105846513,50,62,75,89
2.9072298958918306,46,58,74,92
2.9125130811990103,48,58,78,94
2.9177962665061901,54,60,88,93
2.9230794518133694,48,62,80,86
2.9283626371205491,46,60,72,93
2.9336458224277289,52,60,84,85
2.9389290077349082,48,58,74,84
2.9442121930420879,52,58,78,90
2.9494953783492677,52,62,90,95
2.954778563656447,48,54,70,85
2.9600617489636267,50,60,81,98
2.965344934270806,52,60,74,95
2.9706281195779858,48,60,74,90
2.9759113048851655,50,60,75,93
2.9811944901923448,50,58,77,91
2.9864776754995246,48,60,76,90
2.9917608608067043,50,62,77,85
2.9970440461138836,50,58,74,93
3.0023272314210634,50,60,76,97
3.0076104167282427,50,60,81,96
3.0128936020354224,50,62,75,92
3.0181767873426022,48,56,76,89
3.0234599726497815,50,60,81,88
3.0287431579569613,48,58,72,87
3.034026343264141,52,62,79,95
3.0393095285713203,50,64,77,97
3.0445927138785001,52,60,84,89
3.0498758991856798,40,58,60,90
3.0551590844928591,50,62,82,100
3.0604422698000389,50,60,75,97
3.0657254551072182,50,60,75,90
3.0710086404143979,48,60,70,84
3.0762918257215777,50,60,78,91
3.081575011028757,48,62,74,99
3.0868581963359367,50,56,72,80
3.0921413816431165,48,72,77,108
3.0974245669502958,48,70,76,103
3.1027077522574755,50,70,85,107
3.1079909375646548,46,70,69,105
3.1132741228718346,46,72,69,108
3.1185573081790143,50,68,79,99
3.1238404934861936,50,72,74,115
3.1291236787933734,46,72,71,106
3.1344068641005531,50,72,72,114
3.1396900494077324,48,82,69,129
3.1449732347149122,50,82,83,126
3.1502564200220919,52,70,82,103
3.1555396053292712,50,70,72,114
3.160822790636451,50,70,72,104
3.1661059759436303,50,70,78,104
3.1713891612508101,52,70,81,109
3.1766723465579898,50,66,74,105
3.1819555318651691,50,72,83,115
3.1872387171723489,52,66,77,100
3.1925219024795286,50,62,72,94
3.1978050877867079,50,58,75,88
3.2030882730938877,50,58,76,91
3.2083714584010674,48,58,76,89
3.2136546437082467,54,60,85,91
3.2189378290154265,48,62,77,91
3.2242210143226058,52,62,75,101
3.2295041996297855,52,58,86,88
3.2347873849369653,46,60,61,89
3.2400705702441446,50,62,76,99
3.2453537555513243,46,60,79,99
3.2506369408585041,52,62,82,102
3.2559201261656834,50,62,83,96
3.2612033114728631,50,60,75,87
3.2664864967800424,50,62,74,97
3.2717696820872222,52,60,84,88
3.2770528673944019,52,60,80,92
3.2823360527015812,50,60,77,95
3.287619238008761,50,60,72,92
3.2929024233159407,46,62,73,94
3.29818560862312,50,56,76,85
3.3034687939302998,48,62,72,101
3.3087519792374795,50,60,81,99
3.3140351645446589,50,60,79,90
3.3193183498518386,50,60,81,90
3.3246015351590179,46,60,74,90
3.3298847204661977,50,60,78,96
3.3351679057733774,50,62,77,97
3.3404510910805567,50,60,77,91
3.3457342763877365,54,58,84,84
3.3510174616949162,52,60,82,90
3.3563006470020955,52,62,77,92
3.3615838323092753,52,62,81,101
3.366867017616455,44,60,66,92
3.3721502029236343,46,58,67,89
3.3774333882308141,50,60,78,96
3.3827165735379934,48,62,73,100
3.3879997588451731,50,60,78,97
3.3932829441523529,48,60,75,95
3.3985661294595322,50,62,85,100
3.4038493147667119,48,62,77,90
3.4091325000738917,50,62,64,92
3.414415685381071,50,60,72,90
3.4196988706882507,48,56,71,89
3.42498205599543,50,62,78,93
3.4302652413026098,50,56,79,86
3.4355484266097895,50,62,73,93
3.4408316119169688,48,62,79,90
3.4461147972241486,48,52,75,86
3.4513979825313283,52,60,79,84
3.4566811678385077,46,60,72,86
3.4619643531456874,46,62,69,95
3.4672475384528672,48,64,69,105
3.4725307237600465,52,60,73,82
3.4778139090672262,50,60,76,99
3.4830970943744055,50,62,75,95
3.4883802796815853,50,62,73,95
3.493663464988765,52,62,74,88
3.4989466502959443,44,56,74,88
3.5042298356031241,52,60,76,95
3.5095130209103038,52,60,78,95
3.5147962062174831,50,64,77,98
3.5200793915246629,46,56,70,84
3.5253625768318422,48,60,72,84
3.5306457621390219,52,60,80,84
3.5359289474462017,50,58,77,87
3.541212132753381,48,58,74,88
3.5464953180605607,50,58,80,88
3.5517785033677405,52,58,75,89
3.5570616886749198,50,60,70,92
3.5623448739820995,52,60,75,98
3.5676280592892793,48,60,81,90
3.5729112445964586,50,60,75,90
3.5781944299036383,50,54,78,84
3.5834776152108176,54,62,86,92
3.5887608005179974,48,62,74,92
3.5940439858251771,52,60,84,88
3.5993271711323565,50,60,74,92
3.6046103564395362,50,60,76,86
3.609893541746716,50,62,72,98
3.6151767270538953,48,62,77,98
3.620459912361075,48,64,76,100
3.6257430976682548,50,62,80,93
3.6310262829754341,48,62,74,93
3.6363094682826138,50,60,79,93
3.6415926535897931,50,48,73,78
3.6468758388969729,46,46,69,69
3.6521590242041526,50,46,74,69
3.6574422095113319,48,50,71,77
3.6627253948185117,48,50,74,77
3.6680085801256914,48,48,76,71
3.6732917654328707,50,48,72,71
3.6785749507400505,50,50,77,77
3.6838581360472298,50,50,68,77
3.6891413213544095,54,48,79,77
3.6944245066615893,46,48,78,77
3.6997076919687686,52,50,70,73
3.7049908772759483,50,50,71,73
3.7102740625831281,50,48,76,71
3.7155572478903074,50,48,76,71
3.7208404331974871,52,52,84,81
3.7261236185046669,46,52,70,81
3.7314068038118462,48,50,71,78
3.7366899891190259,48,42,75,62
3.7419731744262053,50,42,78,62
3.747256359733385,48,42,75,62
3.7525395450405648,50,46,77,72
3.7578227303477441,48,48,71,72
3.7631059156549238,52,48,76,72
3.7683891009621036,50,48,74,72
3.7736722862692829,48,50,71,77
3.7789554715764626,48,50,72,84
3.7842386568836419,52,50,75,84
3.7895218421908217,48,50,72,84
3.7948050274980014,50,48,76,75
3.8000882128051807,48,50,77,73
3.8053713981123605,46,50,75,73
3.8106545834195402,46,50,71,73
3.8159377687267195,52,52,76,83
3.8212209540338993,48,46,72,69
3.826504139341079,46,46,70,69
3.8317873246482583,48,44,75,70
3.8370705099554381,48,44,77,70
3.8423536952626174,50,48,74,73
3.8476368805697971,50,48,75,73
3.8529200658769769,50,48,75,78
3.8582032511841562,50,48,83,78
3.8634864364913359,50,46,75,74
3.8687696217985157,48,46,71,74
3.874052807105695,48,46,71,76
3.8793359924128747,50,46,72,76
3.8846191777200545,52,50,76,75
3.8899023630272338,52,50,79,75
3.8951855483344136,52,50,73,74
3.9004687336415929,48,54,77,83
3.9057519189487726,52,54,81,83
3.9110351042559524,50,54,80,83
3.9163182895631317,50,50,83,72
3.9216014748703114,52,50,75,78
3.9268846601774912,52,50,77,78
3.9321678454846705,48,50,74,78
3.9374510307918502,52,52,80,72
3.9427342160990295,52,50,84,79
3.9480174014062093,48,50,82,79
3.953300586713389,52,50,81,79
3.9585837720205683,50,50,78,77
3.9638669573277481,50,44,72,63
3.9691501426349278,48,44,70,63
3.9744333279421071,52,44,80,63
3.9797165132492869,48,52,73,79
3.9849996985564666,50,52,76,79
3.9902828838636459,50,52,79,79
3.9955660691708257,54,52,88,79
4.0008492544780054,52,52,81,71
4.0061324397851852,50,52,74,71
4.011415625092364,48,52,81,71
4.0166988103995438,50,52,78,71
4.0219819957067235,52,52,92,75
4.0272651810139033,50,52,72,75
4.032548366321083,50,52,86,75
4.0378315516282619,50,52,79,75
4.0431147369354417,48,52,60,86
4.0483979222426214,50,52,76,86
4.0536811075498012,52,52,84,86
4.0589642928569809,48,52,80,86
4.0642474781641607,52,52,83,84
4.0695306634713395,50,52,78,84
4.0748138487785193,48,52,73,84
4.080097034085699,48,50,77,82
4.0853802193928788,52,48,78,76
4.0906634047000585,50,48,80,76
4.0959465900072374,48,48,75,76
4.1012297753144171,50,52,79,83
4.1065129606215969,50,50,80,78
4.1117961459287766,50,50,81,78
4.1170793312359564,50,50,79,78
4.1223625165431352,50,48,82,75
4.127645701850315,48,52,69,79
4.1329288871574947,46,52,70,79
4.1382120724646745,52,52,77,79
4.1434952577718542,50,52,81,73
4.148778443079034,50,52,80,73
4.1540616283862128,48,52,70,73
4.1593448136933926,52,52,83,73
4.1646279990005723,50,52,83,84
4.1699111843077521,52,52,76,84
4.1751943696149318,50,52,76,84
4.1804775549221107,50,52,81,84
4.1857607402292905,50,50,71,81
4.1910439255364702,50,50,76,81
4.19632711084365,50,50,81,81
4.2016102961508297,52,50,84,81
4.2068934814580095,50,50,73,78
4.2121766667651883,46,50,68,78
4.2174598520723681,50,50,79,78
4.2227430373795478,52,50,84,78
4.2280262226867276,50,50,79,72
4.2333094079939073,52,50,80,72
4.2385925933010862,46,50,70,72
4.2438757786082659,52,50,80,72
4.2491589639154457,52,50,78,82
4.2544421492226254,50,50,78,82
4.2597253345298052,50,50,76,82
4.2650085198369849,44,50,72,82
4.2702917051441638,52,50,87,77
4.2755748904513435,50,50,81,77
4.2808580757585233,46,50,69,77
4.286141261065703,50,50,76,77
4.2914244463728828,50,48,74,76
4.2967076316800616,50,48,77,76
4.3019908169872414,52,48,82,76
4.3072740022944211,50,48,81,76
4.3125571876016009,50,52,74,75
4.3178403729087806,48,52,79,75
4.3231235582159604,50,52,73,75
4.3284067435231393,50,50,77,75
4.333689928830319,48,50,74,75
4.3389731141374988,48,50,70,75
4.3442562994446785,48,50,70,75
4.3495394847518583,50,50,72,75
4.3548226700590371,52,48,80,71
4.3601058553662169,52,48,74,71
4.3653890406733966,50,48,74,71
4.3706722259805764,52,50,78,71
4.3759554112877561,52,50,86,71
4.381238596594935,52,50,76,71
4.3865217819021147,48,50,73,71
4.3918049672092945,50,50,66,71
4.3970881525164742,52,50,74,79
4.402371337823654,50,50,75,79
4.4076545231308337,48,50,74,79
4.4129377084380126,48,52,84,78
4.4182208937451923,50,52,74,78
4.4235040790523721,50,52,76,78
4.4287872643595518,50,52,75,78
4.4340704496667316,50,50,77,77
4.4393536349739104,50,50,76,77
4.4446368202810902,50,50,79,77
4.4499200055882699,50,50,76,77
4.4552031908954497,52,50,88,79
4.4604863762026294,52,50,80,79
4.4657695615098092,48,50,70,79
4.4710527468169881,52,50,79,79
4.4763359321241678,48,50,72,79
4.4816191174313476,50,48,80,74
4.4869023027385273,52,48,84,74
4.4921854880457071,50,50,82,75
4.4974686733528859,50,50,77,75
4.5027518586600657,52,50,82,75
4.5080350439672454,50,50,73,75
4.5133182292744252,50,50,79,75
4.5186014145816049,52,54,84,86
4.5238845998887847,50,54,73,86
4.5291677851959635,52,54,74,86
4.5344509705031433,50,50,83,73
4.539734155810323,50,50,77,73
4.5450173411175028,52,50,82,73
4.5503005264246825,52,50,84,73
4.5555837117318614,52,50,82,73
4.5608668970390411,44,48,68,71
4.5661500823462209,52,48,82,71
4.5714332676534006,48,48,71,71
4.5767164529605804,52,50,78,80
4.5819996382677601,50,50,76,80
4.587282823574939,48,50,74,80
4.5925660088821187,52,50,77,80
4.5978491941892985,48,50,74,80
4.6031323794964782,52,52,76,84
4.608415564803658,52,52,73,84
4.6136987501108369,50,52,80,84
4.6189819354180166,50,50,70,75
4.6242651207251964,50,50,83,75
4.6295483060323761,52,50,73,75
4.6348314913395559,50,50,76,75
4.6401146766467356,50,50,78,75
4.6453978619539145,50,50,77,75
4.6506810472610942,48,50,75,75
4.655964232568274,52,50,81,82
4.6612474178754537,48,50,70,82
4.6665306031826335,50,50,81,82
4.6718137884898123,50,50,74,82
4.6770969737969921,50,50,84,82
4.6823801591041718,48,50,72,82
4.6876633444113516,50,48,75,76
4.6929465297185313,50,48,74,76
4.6982297150257102,52,48,81,69
4.7035129003328899,52,48,80,69
4.7087960856400697,48,48,69,69
4.7140792709472494,50,48,74,82
4.7193624562544292,52,48,82,82
4.7246456415616089,50,48,81,82
4.7299288268687878,52,48,74,73
4.7352120121759675,52,48,78,73
4.7404951974831473,48,50,77,78
4.745778382790327,48,50,71,78
4.7510615680975068,50,50,78,78
4.7563447534046857,50,50,82,78
4.7616279387118654,52,50,81,78
4.7669111240190452,42,50,67,78
4.7721943093262249,44,50,73,83
4.7774774946334047,50,50,72,83
4.7827606799405844,50,50,76,76
4.7880438652477633,46,50,69,76
4.793327050554943,52,50,80,76
4.7986102358621228,50,50,79,76
4.8038934211693025,52,50,82,76
4.8091766064764823,48,50,78,76
4.8144597917836611,50,52,79,77
4.8197429770908409,50,52,73,77
4.8250261623980206,48,50,70,76
4.8303093477052004,50,50,75,76
4.8355925330123801,48,50,74,76
4.8408757183195599,52,50,74,76
4.8461589036267387,52,50,77,76
4.8514420889339185,44,50,70,76
4.8567252742410982,50,48,81,74
4.862008459548278,52,48,77,74
4.8672916448554577,48,50,82,81
4.8725748301626366,50,50,76,81
4.8778580154698163,52,50,82,81
4.8831412007769961,50,50,71,81
4.8884243860841758,50,50,78,81
4.8937075713913556,50,54,74,77
4.8989907566985353,52,54,78,77
4.9042739420057142,46,54,67,77
4.909557127312894,50,50,73,79
4.9148403126200737,50,50,81,79
4.9201234979272535,50,50,81,79
4.9254066832344332,54,50,82,79
4.9306898685416121,46,50,71,79
4.9359730538487918,52,48,77,74
4.9412562391559716,48,48,71,74
4.9465394244631513,50,48,78,74
4.9518226097703311,52,50,86,70
4.9571057950775099,50,50,73,70
4.9623889803846897,50,50,84,70
4.9676721656918694,52,50,79,70
4.9729553509990492,48,50,70,70
4.9782385363062289,48,50,72,77
4.9835217216134087,52,50,77,77
4.9888049069205875,52,50,80,77
4.9940880922277673,48,52,73,81
4.999371277534947,48,52,79,81
5.0046544628421268,52,52,82,81
5.0099376481493065,42,52,68,81
5.0152208334564854,48,52,75,81
5.0205040187636651,50,50,77,78
5.0257872040708449,50,50,77,78
5.0310703893780246,48,50,73,86
5.0363535746852044,46,50,76,86
5.0416367599923841,50,50,78,86
5.046919945299563,50,50,78,86
5.0522031306067428,56,50,88,86
5.0574863159139225,48,48,72,76
5.0627695012211023,48,48,72,76
5.068052686528282,48,48,76,76
5.0733358718354609,50,48,80,76
5.0786190571426406,48,50,74,78
5.0839022424498204,52,50,87,78
5.0891854277570001,50,50,76,78
5.0944686130641799,44,50,65,78
5.0997517983713596,50,52,73,77
5.1050349836785385,50,52,76,77
5.1103181689857182,50,52,78,77
5.115601354292898,50,48,76,71
5.1208845396000777,54,48,83,71
5.1261677249072575,48,48,66,71
5.1314509102144363,46,48,63,71
5.1367340955216161,46,48,73,71
5.1420172808287958,50,50,73,77
5.1473004661359756,52,50,73,77
5.1525836514431553,50,50,75,77
5.1578668367503351,52,50,76,78
5.1631500220575139,50,50,71,78
5.1684332073646937,48,50,73,78
5.1737163926718734,50,50,70,78
5.1789995779790532,46,50,68,81
5.1842827632862329,48,50,70,81
5.1895659485934118,52,50,83,81
5.1948491339005916,44,50,68,81
5.2001323192077713,44,50,68,78
5.2054155045149511,50,50,76,78
5.2106986898221308,48,50,73,78
5.2159818751293097,50,50,77,78
5.2212650604364894,48,50,75,69
5.2265482457436692,52,50,80,69
5.2318314310508489,50,50,75,69
5.2371146163580287,52,50,82,69
5.2423978016652084,48,52,76,84
5.2476809869723873,50,52,71,84
5.252964172279567,46,52,73,84
5.2582473575867468,50,52,75,84
5.2635305428939265,50,52,80,88
5.2688137282011063,52,52,78,88
5.2740969135082851,52,52,85,88
5.2793800988154649,50,52,80,88
5.2846632841226446,50,52,85,87
5.2899464694298244,50,52,72,87
5.2952296547370041,48,52,75,87
5.3005128400441839,48,52,70,87
5.3057960253513627,48,50,81,73
5.3110792106585425,50,50,79,73
5.3163623959657222,52,50,85,73
5.321645581272902,44,50,69,73
5.3269287665800817,48,48,71,76
5.3322119518872606,50,48,80,76
5.3374951371944404,50,48,82,76
5.3427783225016201,52,48,84,76
5.3480615078087999,50,52,76,80
5.3533446931159796,52,52,82,80
5.3586278784231594,50,52,76,80
5.3639110637303382,50,52,76,80
5.369194249037518,50,52,82,78
5.3744774343446977,48,52,72,78
5.3797606196518775,50,52,80,78
5.3850438049590572,50,48,78,74
5.3903269902662361,50,52,73,78
5.3956101755734158,48,52,70,78
5.4008933608805956,48,52,73,78
5.4061765461877753,48,50,78,75
5.4114597314949551,48,52,77,85
5.4167429168021348,50,52,83,85
5.4220261021093137,52,52,79,85
5.4273092874164934,46,46,72,71
5.4325924727236732,50,52,75,81
5.4378756580308529,50,52,77,81
5.4431588433380327,48,52,74,81
5.4484420286452115,50,44,76,70
5.4537252139523913,42,44,65,70
5.459008399259571,46,44,67,70
5.4642915845667508,52,50,75,79
5.4695747698739305,50,50,73,75
5.4748579551811094,52,50,76,75
5.4801411404882892,50,50,78,75
5.4854243257954689,52,52,86,81
5.4907075111026487,46,50,69,78
5.4959906964098284,48,50,72,78
5.5012738817170082,50,50,79,78
5.506557067024187,50,50,78,76
5.5118402523313668,52,54,76,84
5.5171234376385465,50,54,76,84
5.5224066229457263,48,54,76,84
5.527689808252906,52,50,80,75
5.5329729935600849,44,50,74,80
5.5382561788672646,52,50,79,80
5.5435393641744444,50,50,74,80
5.5488225494816241,50,46,71,71
5.5541057347888039,50,46,85,70
5.5593889200959836,50,46,80,70
5.5646721054031625,52,46,78,70
5.5699552907103422,44,48,69,78
5.575238476017522,50,48,77,83
5.5805216613247017,50,48,80,83
5.5858048466318815,48,48,72,83
5.5910880319390603,52,44,78,68
5.5963712172462401,52,46,85,73
5.6016544025534198,50,46,74,73
5.6069375878605996,46,46,71,73
5.6122207731677793,48,52,75,82
5.6175039584749591,52,50,79,79
5.622787143782138,48,50,79,79
5.6280703290893177,50,48,75,72
5.6333535143964975,52,48,84,72
5.6386366997036772,48,50,72,86
5.643919885010857,46,50,64,86
5.6492030703180358,50,50,82,76
5.6544862556252156,50,50,84,76
5.6597694409323953,50,48,78,78
5.6650526262395751,50,48,77,78
5.6703358115467548,50,46,79,75
5.6756189968539346,52,46,71,75
5.6809021821611134,50,42,76,67
5.6861853674682932,46,42,74,67
5.6914685527754729,52,50,82,76
5.6967517380826527,50,52,73,86
5.7020349233898324,52,52,80,86
5.7073181086970113,48,48,68,75
5.712601294004191,52,48,74,75
5.7178844793113708,48,50,62,82
5.7231676646185505,52,50,81,82
5.7284508499257303,48,48,76,81
5.73373403523291,48,48,79,81
5.7390172205400889,52,50,78,74
5.7443004058472686,54,50,85,74
5.7495835911544484,46,48,70,76
5.7548667764616281,42,48,64,76
5.7601499617688079,48,50,65,76
5.7654331470759868,52,50,84,76
5.7707163323831665,52,46,83,69
5.7759995176903463,52,46,82,69
5.781282702997526,48,48,73,78
5.7865658883047058,50,60,85,91
5.7918490736118846,50,62,72,92
5.7971322589190644,50,62,76,99
5.8024154442262441,50,62,81,99
5.8076986295334239,50,62,77,93
5.8129818148406036,52,62,81,93
5.8182650001477834,50,60,74,90
5.8235481854549622,48,60,72,88
5.828831370762142,52,60,78,88
5.8341145560693217,50,60,80,95
5.8393977413765015,50,62,78,97
5.8446809266836812,46,54,65,76
5.8499641119908601,50,60,76,86
5.8552472972980398,48,60,69,86
5.8605304826052196,48,60,74,93
5.8658136679123993,50,60,73,85
5.8710968532195791,50,60,77,85
5.8763800385267588,46,58,73,92
5.8816632238339377,50,58,82,95
5.8869464091411174,50,58,77,87
5.8922295944482972,52,60,86,87
5.8975127797554769,56,60,80,87
5.9027959650626567,48,56,68,78
5.9080791503698356,48,64,67,96
5.9133623356770153,48,64,74,96
5.9186455209841951,52,60,80,95
5.9239287062913748,48,56,71,95
5.9292118915985546,46,62,75,95
5.9344950769057343,48,62,69,95
5.9397782622129132,50,62,80,101
5.9450614475200929,50,60,74,94
5.9503446328272727,48,60,75,92
5.9556278181344524,52,60,80,92
5.9609110034416322,48,64,76,98
5.966194188748811,42,60,69,102
5.9714773740559908,50,60,80,92
5.9767605593631705,50,60,80,92
5.9820437446703503,50,52,84,76
5.98732692997753,52,62,78,95
5.9926101152847098,48,56,69,82
5.9978933005918886,50,62,78,93
6.0031764858990684,52,62,74,97
6.0084596712062481,52,60,81,95
6.0137428565134279,48,62,74,96
6.0190260418206076,48,56,74,78
6.0243092271277865,52,62,83,100
6.0295924124349662,44,60,72,96
6.034875597742146,48,60,79,88
6.0401587830493257,48,62,71,92
6.0454419683565055,46,62,79,89
6.0507251536636844,50,58,75,92
6.0560083389708641,50,60,74,93
6.0612915242780439,50,60,76,91
6.0665747095852236,48,62,74,86
6.0718578948924034,50,60,70,93
6.0771410801995831,50,60,75,85
6.082424265506762,46,60,68,93
6.0877074508139417,48,58,74,90
6.0929906361211215,52,60,90,84
6.0982738214283012,50,54,84,85
6.103557006735481,48,60,76,88
6.1088401920426598,50,60,81,95
6.1141233773498396,48,60,76,98
6.1194065626570193,50,60,76,93
6.1246897479641991,52,60,76,89
6.1299729332713788,48,60,80,98
6.1352561185785586,48,62,66,93
6.1405393038857374,48,58,72,93
6.1458224891929172,52,60,83,93
6.1511056745000969,50,58,79,81
6.1563888598072767,50,60,67,86
6.1616720451144564,50,54,71,83
6.1669552304216353,52,56,82,88
6.172238415728815,52,64,85,98
6.1775216010359948,52,58,78,91
6.1828047863431745,54,62,80,95
6.1880879716503543,48,60,74,89
6.193371156957534,50,56,78,87
6.1986543422647129,48,60,77,94
6.2039375275718927,50,56,71,83
6.2092207128790724,50,60,76,94
6.2145038981862522,52,60,87,90
6.2197870834934319,44,58,64,83
6.2250702688006108,46,60,70,93
6.2303534541077905,48,60,73,89
6.2356366394149703,46,68,65,104
6.24091982472215,50,70,76,112
6.2462030100293298,48,72,74,105
6.2514861953365095,50,64,76,93
6.2567693806436884,50,70,81,108
6.2620525659508681,50,70,77,104
6.2673357512580479,48,72,82,109
6.2726189365652276,50,70,79,100
6.2779021218724074,50,72,78,114
-1,48,52,78,87
-1.0052831853071795,50,52,74,88
-1.0105663706143593,46,52,65,88
-1.0158495559215388,46,52,69,88
-1.0211327412287183,52,52,80,84
-1.0264159265358979,48,52,73,84
-1.0316991118430776,50,52,75,84
-1.0369822971502571,50,52,76,84
-1.0422654824574367,46,50,68,69
-1.0475486677646162,50,50,78,69
-1.0528318530717959,46,50,64,69
-1.0581150383789755,48,50,76,69
-1.063398223686155,52,50,77,78
-1.0686814089933345,50,50,73,78
-1.0739645943005143,50,50,76,78
-1.0792477796076938,50,50,74,78
-1.0845309649148733,52,50,82,81
-1.0898141502220531,50,50,76,81
-1.0950973355292326,52,50,71,81
-1.1003805208364121,48,50,81,81
-1.1056637061435917,46,50,76,78
-1.1109468914507714,50,50,86,78
-1.1162300767579509,46,50,69,78
-1.1215132620651305,50,50,82,78
-1.12679644737231,48,50,78,77
-1.1320796326794897,48,50,68,77
-1.1373628179866693,50,50,77,77
-1.1426460032938488,48,50,75,77
-1.1479291886010283,48,48,73,71
-1.1532123739082081,52,48,77,71
-1.1584955592153876,50,48,81,71
-1.1637787445225671,52,48,86,71
-1.1690619298297467,52,48,79,71
-1.1743451151369264,50,52,78,77
-1.1796283004441059,50,52,76,77
-1.1849114857512855,48,52,69,77
-1.1901946710584652,48,50,73,78
-1.1954778563656447,46,50,74,78
-1.2007610416728243,42,50,67,78
-1.2060442269800038,50,50,84,78
-1.2113274122871835,44,48,62,76
-1.2166105975943631,46,48,76,76
-1.2218937829015426,46,48,75,76
-1.2271769682087221,50,48,79,76
-1.2324601535159019,50,50,80,86
-1.2377433388230814,52,50,80,86
-1.2430265241302609,48,50,78,86
-1.2483097094374405,48,50,73,86
-1.2535928947446202,48,50,76,78
-1.2588760800517997,50,50,78,78
-1.2641592653589793,50,50,76,78
-1.269442450666159,52,52,82,81
-1.2747256359733385,52,52,75,81
-1.2800088212805181,56,52,83,81
-1.2852920065876976,50,52,86,81
-1.2905751918948773,48,52,72,81
-1.2958583772020569,48,50,74,77
-1.3011415625092364,50,50,77,77
-1.3064247478164159,48,50,72,77
-1.3117079331235957,50,50,76,70
-1.3169911184307752,50,50,72,70
-1.3222743037379547,48,50,77,70
-1.3275574890451343,50,50,79,70
-1.332840674352314,52,50,79,70
-1.3381238596594935,50,48,75,74
-1.3434070449666731,52,48,82,74
-1.3486902302738528,48,50,78,79
-1.3539734155810323,52,50,82,79
-1.3592566008882119,52,50,78,79
-1.3645397861953914,46,50,73,79
-1.3698229715025712,50,50,85,79
-1.3751061568097507,50,54,75,77
-1.3803893421169302,50,54,78,77
-1.3856725274241097,44,54,68,77
-1.3909557127312895,52,50,86,81
-1.396238898038469,48,50,71,81
-1.4015220833456485,48,50,73,81
-1.4068052686528281,48,50,83,81
-1.4120884539600078,50,50,75,81
-1.4173716392671873,50,50,79,81
-1.4226548245743669,48,48,71,74
-1.4279380098815466,48,48,78,74
-1.4332211951887261,50,50,77,76
-1.4385043804959057,48,50,73,76
-1.4437875658030852,50,50,74,76
-1.449070751110265,46,50,70,76
-1.4543539364174445,50,50,79,76
-1.459637121724624,46,50,68,76
-1.4649203070318035,50,52,72,77
-1.4702034923389833,46,52,71,77
-1.4754866776461628,52,50,87,76
-1.4807698629533423,48,50,82,76
-1.4860530482605219,50,50,86,76
-1.4913362335677016,50,50,80,76
-1.4966194188748811,50,50,78,76
-1.5019026041820607,48,50,77,76
-1.5071857894892404,50,50,75,83
-1.51246897479642,50,50,82,78
-1.5177521601035995,50,50,77,78
-1.523035345410779,48,50,70,78
-1.5283185307179588,54,50,84,78
-1.5336017160251383,46,50,71,78
-1.5388849013323178,46,50,69,78
-1.5441680866394973,48,48,80,73
-1.5494512719466771,50,48,76,73
-1.5547344572538566,50,48,80,82
-1.5600176425610361,48,48,72,82
-1.5653008278682157,52,48,76,82
-1.5705840131753954,50,48,78,82
-1.5758671984825749,50,48,81,69
-1.5811503837897545,50,48,84,69
-1.586433569096934,50,48,76,69
-1.5917167544041138,52,48,81,76
-1.5969999397112933,50,48,79,76
-1.6022831250184728,50,50,75,82
-1.6075663103256526,50,50,73,82
-1.6128494956328321,50,50,75,82
-1.6181326809400116,52,50,73,82
-1.6234158662471911,52,50,75,82
-1.6286990515543709,52,50,79,82
-1.6339822368615504,50,50,79,75
-1.6392654221687299,48,50,70,75
-1.6445486074759095,48,50,82,75
-1.6498317927830892,50,50,85,75
-1.6551149780902688,44,50,70,75
-1.6603981633974483,54,50,76,75
-1.6656813487046278,52,50,77,75
-1.6709645340118076,50,52,79,84
-1.6762477193189871,50,52,76,84
-1.6815309046261666,50,50,77,80
-1.6868140899333464,48,50,73,80
-1.6920972752405259,52,50,81,80
-1.6973804605477054,54,50,75,80
-1.7026636458548849,48,50,73,80
-1.7079468311620647,46,50,70,80
-1.7132300164692442,46,48,71,71
-1.7185132017764237,48,48,79,71
-1.7237963870836033,52,48,74,71
-1.729079572390783,50,50,72,73
-1.7343627576979626,52,50,85,73
-1.7396459430051421,50,50,77,73
-1.7449291283123216,50,50,80,73
-1.7502123136195014,50,50,76,73
-1.7554954989266809,50,54,75,86
-1.7607786842338604,48,54,80,86
-1.7660618695410402,52,54,84,86
-1.7713450548482197,50,50,76,75
-1.7766282401553992,52,50,78,75
-1.7819114254625787,48,50,77,75
-1.7871946107697585,48,50,76,75
-1.792477796076938,50,50,70,75
-1.7977609813841176,48,48,74,74
-1.8030441666912971,50,48,79,74
-1.8083273519984768,50,50,80,79
-1.8136105373056564,48,50,73,79
-1.8188937226128359,52,50,78,79
-1.8241769079200154,48,50,81,79
-1.8294600932271952,48,50,75,79
-1.8347432785343747,50,50,76,77
-1.8400264638415542,52,50,79,77
-1.8453096491487337,52,50,85,77
-1.8505928344559135,50,52,75,78
-1.855876019763093,52,52,80,78
-1.8611592050702725,48,52,72,78
-1.8664423903774523,50,52,75,78
-1.8717255756846318,50,52,78,78
-1.8770087609918114,50,50,73,79
-1.8822919462989909,50,50,80,79
-1.8875751316061706,50,50,71,79
-1.8928583169133502,50,50,80,71
-1.8981415022205297,48,50,76,71
-1.9034246875277092,50,50,79,71
-1.908707872834889,50,50,72,71
-1.9139910581420685,48,50,73,71
-1.919274243449248,52,48,79,71
-1.9245574287564275,48,48,69,71
-1.9298406140636073,50,48,81,71
-1.9351237993707868,50,50,76,75
-1.9404069846779664,50,50,73,75
-1.9456901699851461,48,50,70,75
-1.9509733552923256,52,50,81,75
-1.9562565405995052,50,52,79,75
-1.9615397259066847,48,52,72,75
-1.9668229112138644,52,52,79,75
-1.972106096521044,46,52,67,75
-1.9773892818282235,52,48,81,76
-1.982672467135403,52,48,87,76
-1.9879556524425828,52,48,80,76
-1.9932388377497623,52,48,85,76
-1.9985220230569418,50,50,78,77
-2.0038052083641213,50,50,76,77
-2.0090883936713011,50,50,82,77
-2.0143715789784808,52,50,79,77
-2.0196547642856602,52,50,88,82
-2.0249379495928399,52,50,80,82
-2.0302211349000192,52,50,80,82
-2.035504320207199,52,50,85,82
-2.0407875055143787,50,50,77,72
-2.046070690821558,50,50,69,72
-2.0513538761287378,52,50,77,72
-2.0566370614359175,52,50,84,72
-2.0619202467430968,52,50,84,78
-2.0672034320502766,46,50,62,78
-2.0724866173574559,48,50,78,78
-2.0777698026646356,48,50,76,78
-2.0830529879718154,48,50,78,81
-2.0883361732789947,44,50,68,81
-2.0936193585861744,50,50,75,81
-2.0989025438933542,50,50,73,81
-2.1041857292005335,50,52,69,84
-2.1094689145077132,52,52,85,84
-2.114752099814893,52,52,75,84
-2.1200352851220723,48,52,75,84
-2.125318470429252,50,52,73,73
-2.1306016557364313,52,52,81,73
-2.1358848410436111,50,52,75,73
-2.1411680263507908,48,52,76,79
-2.1464512116579701,50,52,78,79
-2.1517343969651499,48,52,70,79
-2.1570175822723296,50,52,73,79
-2.162300767579509,50,50,81,78
-2.1675839528866887,46,50,73,78
-2.172867138193868,52,50,83,78
-2.1781503235010478,52,50,79,78
-2.1834335088082275,50,48,76,76
-2.1887166941154068,50,48,81,76
-2.1939998794225866,40,48,64,76
-2.1992830647297663,50,48,82,76
-2.2045662500369456,50,52,80,84
-2.2098494353441254,52,52,78,84
-2.2151326206513051,52,52,76,84
-2.2204158059584844,50,52,78,84
-2.2256989912656642,52,52,82,86
-2.2309821765728435,50,52,78,86
-2.2362653618800232,50,52,90,86
-2.241548547187203,50,48,77,79
-2.2468317324943823,50,52,79,75
-2.252114917801562,50,52,78,75
-2.2573981031087418,52,52,79,75
-2.2626812884159211,46,50,66,79
-2.2679644737231008,50,52,76,71
-2.2732476590302806,50,52,77,71
-2.2785308443374599,58,52,95,71
-2.2838140296446396,52,46,79,65
-2.2890972149518189,46,52,71,79
-2.2943804002589987,50,52,78,79
-2.2996635855661784,52,52,73,79
-2.3049467708733578,50,50,71,81
-2.3102299561805375,52,44,77,63
-2.3155131414877173,48,44,71,63
-2.3207963267948966,48,44,70,63
-2.3260795121020763,52,50,75,77
-2.3313626974092556,52,50,86,79
-2.3366458827164354,52,50,85,79
-2.3419290680236151,52,50,75,79
-2.3472122533307944,50,52,83,72
-2.3524954386379742,52,50,77,78
-2.3577786239451539,48,50,76,78
-2.3630618092523332,50,50,75,78
-2.368344994559513,50,50,74,72
-2.3736281798666927,46,54,68,83
-2.378911365173872,48,54,76,83
-2.3841945504810518,48,54,75,83
-2.3894777357882311,50,50,73,75
-2.3947609210954108,50,50,78,75
-2.4000441064025906,50,50,74,75
-2.4053272917097699,48,46,74,76
-2.4106104770169496,50,46,77,74
-2.4158936623241294,50,46,77,74
-2.4211768476313087,46,46,74,74
-2.4264600329384884,50,48,73,78
-2.4317432182456677,48,48,78,73
-2.4370264035528475,48,48,76,73
-2.4423095888600272,52,48,87,73
-2.4475927741672066,50,44,79,70
-2.4528759594743863,46,46,70,69
-2.4581591447815661,50,46,79,69
-2.4634423300887454,50,46,77,69
-2.4687255153959251,50,52,84,83
-2.4740087007031049,52,50,83,73
-2.4792918860102842,50,50,86,73
-2.4845750713174639,52,48,79,75
-2.4898582566246432,52,48,81,75
-2.495141441931823,52,50,78,84
-2.5004246272390027,50,50,81,84
-2.505707812546182,50,50,75,77
-2.5109909978533618,50,50,74,77
-2.5162741831605415,50,48,78,72
-2.5215573684677208,52,48,73,72
-2.5268405537749006,50,46,76,72
-2.5321237390820803,50,46,77,72
-2.5374069243892596,50,42,75,62
-2.5426901096964394,48,42,71,62
-2.5479732950036187,48,50,75,78
-2.5532564803107984,48,50,73,78
-2.5585396656179782,52,52,81,81
-2.5638228509251575,44,52,65,81
-2.5691060362323372,48,48,74,71
-2.574389221539517,52,48,71,71
-2.5796724068466963,48,50,67,73
-2.584955592153876,48,50,76,73
-2.5902387774610554,50,48,77,77
-2.5955219627682351,48,48,76,77
-2.6008051480754149,50,50,77,77
-2.6060883333825942,50,50,76,77
-2.6113715186897739,50,48,84,71
-2.6166547039969537,50,48,79,71
-2.621937889304133,50,50,76,77
-2.6272210746113127,52,50,84,77
-2.6325042599184925,50,46,85,69
-2.6377874452256718,48,48,76,78
-2.6430706305328515,50,60,70,93
-2.6483538158400308,44,62,70,92
-2.6536370011472106,50,62,83,93
-2.6589201864543903,52,62,81,93
-2.6642033717615696,44,64,71,100
-2.6694865570687494,48,62,76,98
-2.6747697423759291,50,62,80,98
-2.6800529276831084,48,60,74,92
-2.6853361129902882,50,60,83,92
-2.6906192982974675,52,60,83,88
-2.6959024836046472,54,62,89,92
-2.701185668911827,50,62,79,92
-2.7064688542190063,46,54,65,84
-2.711752039526186,50,60,77,90
-2.7170352248333658,50,60,81,98
-2.7223184101405451,50,60,79,98
-2.7276015954477248,46,60,66,92
-2.7328847807549046,48,58,78,89
-2.7381679660620839,52,58,83,88
-2.7434511513692637,52,58,80,88
-2.748734336676443,50,58,76,87
-2.7540175219836227,52,60,82,84
-2.7593007072908025,50,56,78,84
-2.7645838925979818,54,56,77,84
-2.7698670779051615,52,64,76,98
-2.7751502632123413,48,60,73,95
-2.7804334485195206,50,56,79,88
-2.7857166338267003,50,56,75,88
-2.7909998191338801,50,62,67,88
-2.7962830044410594,50,62,80,95
-2.8015661897482391,38,60,62,99
-2.8068493750554184,50,60,81,99
-2.8121325603625982,50,60,72,82
-2.8174157456697779,50,64,79,105
-2.8226989309769572,44,60,69,86
-2.827982116284137,46,60,77,86
-2.8332653015913167,50,60,74,84
-2.838548486898496,50,52,82,86
-2.8438316722056758,50,62,74,93
-2.8491148575128551,48,62,74,93
-2.8543980428200348,52,56,74,86
-2.8596812281272146,48,62,77,93
-2.8649644134343939,48,60,73,90
-2.8702475987415736,50,58,81,92
-2.8755307840487534,48,62,72,92
-2.8808139693559327,48,62,76,90
-2.8860971546631125,52,60,81,95
-2.8913803399702922,50,56,76,88
-2.8966635252774715,50,60,71,97
-2.9019467105846513,50,62,77,100
-2.9072298958918306,46,58,72,89
-2.9125130811990103,48,58,75,90
-2.9177962665061901,54,60,75,92
-2.9230794518133694,48,62,83,101
-2.9283626371205491,46,60,70,90
-2.9336458224277289,52,60,77,97
-2.9389290077349082,48,58,71,84
-2.9442121930420879,52,58,78,90
-2.9494953783492677,52,62,78,97
-2.954778563656447,48,54,72,85
-2.9600617489636267,50,60,76,90
-2.965344934270806,52,60,78,90
-2.9706281195779858,48,60,68,90
-2.9759113048851655,50,60,76,95
-2.9811944901923448,50,58,79,85
-2.9864776754995246,48,60,75,91
-2.9917608608067043,50,62,77,94
-2.9970440461138836,50,58,79,91
-3.0023272314210634,50,60,72,95
-3.0076104167282427,50,60,79,88
-3.0128936020354224,50,62,83,89
-3.0181767873426022,48,56,69,83
-3.0234599726497815,50,60,80,94
-3.0287431579569613,48,58,75,88
-3.034026343264141,52,62,86,96
-3.0393095285713203,50,64,76,99
-3.0445927138785001,52,60,82,91
-3.0498758991856798,40,58,60,88
-3.0551590844928591,50,62,78,92
-3.0604422698000389,50,60,81,97
-3.0657254551072182,50,60,74,93
-3.0710086404143979,48,60,77,96
-3.0762918257215777,50,60,80,95
-3.081575011028757,48,62,73,95
-3.0868581963359367,50,56,72,87
-3.0921413816431165,48,72,76,110
-3.0974245669502958,48,70,73,109
-3.1027077522574755,50,70,73,108
-3.1079909375646548,46,70,75,112
-3.1132741228718346,46,72,69,105
-3.1185573081790143,50,68,70,102
-3.1238404934861936,50,72,73,111
-3.1291236787933734,46,72,72,113
-3.1344068641005531,50,72,77,109
-3.1396900494077324,48,82,82,126
-3.1449732347149122,50,82,69,123
-3.1502564200220919,52,70,80,112
-3.1555396053292712,50,70,73,102
-3.160822790636451,50,70,80,112
-3.1661059759436303,50,70,78,111
-3.1713891612508101,52,70,85,109
-3.1766723465579898,50,66,79,99
-3.1819555318651691,50,72,77,118
-3.1872387171723489,52,66,75,106
-3.1925219024795286,50,62,71,94
-3.1978050877867079,50,58,88,84
-3.2030882730938877,50,58,76,92
-3.2083714584010674,48,58,73,92
-3.2136546437082467,54,60,82,88
-3.2189378290154265,48,62,77,90
-3.2242210143226058,52,62,81,99
-3.2295041996297855,52,58,82,91
-3.2347873849369653,46,60,73,90
-3.2400705702441446,50,62,80,95
-3.2453537555513243,46,60,71,95
-3.2506369408585041,52,62,84,96
-3.2559201261656834,50,62,76,96
-3.2612033114728631,50,60,89,93
-3.2664864967800424,50,62,82,90
-3.2717696820872222,52,60,76,89
-3.2770528673944019,52,60,81,95
-3.2823360527015812,50,60,75,97
-3.287619238008761,50,60,83,92
-3.2929024233159407,46,62,74,85
-3.29818560862312,50,56,77,83
-3.3034687939302998,48,62,70,101
-3.3087519792374795,50,60,78,98
-3.3140351645446589,50,60,78,90
-3.3193183498518386,50,60,74,95
-3.3246015351590179,46,60,67,98
-3.3298847204661977,50,60,77,84
-3.3351679057733774,50,62,76,95
-3.3404510910805567,50,60,77,93
-3.3457342763877365,54,58,83,84
-3.3510174616949162,52,60,78,93
-3.3563006470020955,52,62,83,90
-3.3615838323092753,52,62,75,86
-3.366867017616455,44,60,68,93
-3.3721502029236343,46,58,71,92
-3.3774333882308141,50,60,78,93
-3.3827165735379934,48,62,80,89
-3.3879997588451731,50,60,78,88
-3.3932829441523529,48,60,74,96
-3.3985661294595322,50,62,73,92
-3.4038493147667119,48,62,72,100
-3.4091325000738917,50,62,80,96
-3.414415685381071,50,60,78,95
-3.4196988706882507,48,56,75,87
-3.42498205599543,50,62,77,97
-3.4302652413026098,50,56,78,82
-3.4355484266097895,50,62,82,95
-3.4408316119169688,48,62,73,98
-3.4461147972241486,48,52,75,76
-3.4513979825313283,52,60,75,92
-3.4566811678385077,46,60,74,102
-3.4619643531456874,46,62,69,92
-3.4672475384528672,48,64,74,98
-3.4725307237600465,52,60,82,92
-3.4778139090672262,50,60,72,94
-3.4830970943744055,50,62,75,101
-3.4883802796815853,50,62,77,101
-3.493663464988765,52,62,82,95
-3.4989466502959443,44,56,74,95
-3.5042298356031241,52,60,81,95
-3.5095130209103038,52,60,84,95
-3.5147962062174831,50,64,77,96
-3.5200793915246629,46,56,71,78
-3.5253625768318422,48,60,72,87
-3.5306457621390219,52,60,84,87
-3.5359289474462017,50,58,81,87
-3.541212132753381,48,58,75,95
-3.5464953180605607,50,58,72,95
-3.5517785033677405,52,58,82,92
-3.5570616886749198,50,60,81,85
-3.5623448739820995,52,60,83,93
-3.5676280592892793,48,60,73,86
-3.5729112445964586,50,60,77,86
-3.5781944299036383,50,54,75,76
-3.5834776152108176,54,62,84,97
-3.5887608005179974,48,62,76,97
-3.5940439858251771,52,60,83,95
-3.5993271711323565,50,60,74,88
-3.6046103564395362,50,60,76,90
-3.609893541746716,50,62,75,93
-3.6151767270538953,48,62,74,93
-3.620459912361075,48,64,72,102
-3.6257430976682548,50,62,75,99
-3.6310262829754341,48,62,77,99
-3.6363094682826138,50,60,76,91
-3.6415926535897931,50,48,73,78
-3.6468758388969729,46,46,71,69
-3.6521590242041526,50,46,78,69
-3.6574422095113319,48,50,71,76
-3.6627253948185117,48,50,78,76
-3.6680085801256914,48,48,76,76
-3.6732917654328707,50,48,75,76
-3.6785749507400505,50,50,77,74
-3.6838581360472298,50,50,66,74
-3.6891413213544095,54,48,81,81
-3.6944245066615893,46,48,64,81
-3.6997076919687686,52,50,78,82
-3.7049908772759483,50,50,72,82
-3.7102740625831281,50,48,82,75
-3.7155572478903074,50,48,72,75
-3.7208404331974871,52,52,82,86
-3.7261236185046669,46,52,62,86
-3.7314068038118462,48,50,69,76
-3.7366899891190259,48,42,78,67
-3.7419731744262053,50,42,78,67
-3.747256359733385,48,42,73,67
-3.7525395450405648,50,46,79,75
-3.7578227303477441,48,48,71,78
-3.7631059156549238,52,48,86,78
-3.7683891009621036,50,48,72,78
-3.7736722862692829,48,50,71,76
-3.7789554715764626,48,50,74,86
-3.7842386568836419,52,50,77,86
-3.7895218421908217,48,50,67,86
-3.7948050274980014,50,48,77,72
-3.8000882128051807,48,50,75,79
-3.8053713981123605,46,50,63,79
-3.8106545834195402,46,50,78,79
-3.8159377687267195,52,52,78,82
-3.8212209540338993,48,46,77,73
-3.826504139341079,46,46,68,73
-3.8317873246482583,48,44,77,68
-3.8370705099554381,48,44,71,68
-3.8423536952626174,50,48,85,83
-3.8476368805697971,50,48,75,83
-3.8529200658769769,50,48,77,78
-3.8582032511841562,50,48,78,78
-3.8634864364913359,50,46,73,70
-3.8687696217985157,48,46,81,70
-3.874052807105695,48,46,74,71
-3.8793359924128747,50,46,78,71
-3.8846191777200545,52,50,76,80
-3.8899023630272338,52,50,72,80
-3.8951855483344136,52,50,79,75
-3.9004687336415929,48,54,69,84
-3.9057519189487726,52,54,85,84
-3.9110351042559524,50,54,77,84
-3.9163182895631317,50,50,76,76
-3.9216014748703114,52,50,76,78
-3.9268846601774912,52,50,74,78
-3.9321678454846705,48,50,69,78
-3.9374510307918502,52,52,76,81
-3.9427342160990295,52,50,85,75
-3.9480174014062093,48,50,68,75
-3.953300586713389,52,50,83,75
-3.9585837720205683,50,50,72,79
-3.9638669573277481,50,44,80,70
-3.9691501426349278,48,44,76,70
-3.9744333279421071,52,44,80,70
-3.9797165132492869,48,52,79,81
-3.9849996985564666,50,52,79,81
-3.9902828838636459,50,52,80,81
-3.9955660691708257,54,52,90,81
-4.0008492544780054,52,52,81,85
-4.0061324397851852,50,52,83,85
-4.011415625092364,48,52,72,85
-4.0166988103995438,50,52,75,85
-4.0219819957067235,52,52,84,78
-4.0272651810139033,50,52,72,78
-4.032548366321083,50,52,84,78
-4.0378315516282619,50,52,82,78
-4.0431147369354417,48,52,79,78
-4.0483979222426214,50,52,75,78
-4.0536811075498012,52,52,82,78
-4.0589642928569809,48,52,70,78
-4.0642474781641607,52,52,77,80
-4.0695306634713395,50,52,74,80
-4.0748138487785193,48,52,73,80
-4.080097034085699,48,50,71,73
-4.0853802193928788,52,48,83,76
-4.0906634047000585,50,48,78,76
-4.0959465900072374,48,48,72,76
-4.1012297753144171,50,52,71,79
-4.1065129606215969,50,50,74,73
-4.1117961459287766,50,50,80,73
-4.1170793312359564,50,50,74,73
-4.1223625165431352,50,48,72,72
-4.127645701850315,48,52,69,87
-4.1329288871574947,46,52,69,87
-4.1382120724646745,52,52,83,87
-4.1434952577718542,50,52,82,88
-4.148778443079034,50,52,80,88
-4.1540616283862128,48,52,80,88
-4.1593448136933926,52,52,76,88
-4.1646279990005723,50,52,72,84
-4.1699111843077521,52,52,74,84
-4.1751943696149318,50,52,72,84
-4.1804775549221107,50,52,84,84
-4.1857607402292905,50,50,77,69
-4.1910439255364702,50,50,79,69
-4.19632711084365,50,50,66,69
-4.2016102961508297,52,50,78,69
-4.2068934814580095,50,50,75,78
-4.2121766667651883,46,50,69,78
-4.2174598520723681,50,50,77,78
-4.2227430373795478,52,50,79,78
-4.2280262226867276,50,50,78,81
-4.2333094079939073,52,50,80,81
-4.2385925933010862,46,50,72,81
-4.2438757786082659,52,50,78,81
-4.2491589639154457,52,50,82,78
-4.2544421492226254,50,50,75,78
-4.2597253345298052,50,50,79,78
-4.2650085198369849,44,50,67,78
-4.2702917051441638,52,50,74,77
-4.2755748904513435,50,50,76,77
-4.2808580757585233,46,50,68,77
-4.286141261065703,50,50,76,77
-4.2914244463728828,50,48,81,71
-4.2967076316800616,50,48,78,71
-4.3019908169872414,52,48,82,71
-4.3072740022944211,50,48,77,71
-4.3125571876016009,50,52,85,77
-4.3178403729087806,48,52,77,77
-4.3231235582159604,50,52,73,77
-4.3284067435231393,50,50,81,78
-4.333689928830319,48,50,70,78
-4.3389731141374988,48,50,76,78
-4.3442562994446785,48,50,69,78
-4.3495394847518583,50,50,72,78
-4.3548226700590371,52,48,78,76
-4.3601058553662169,52,48,82,76
-4.3653890406733966,50,48,74,76
-4.3706722259805764,52,50,85,86
-4.3759554112877561,52,50,75,86
-4.381238596594935,52,50,78,86
-4.3865217819021147,48,50,69,86
-4.3918049672092945,50,50,78,86
-4.3970881525164742,52,50,83,78
-4.402371337823654,50,50,73,78
-4.4076545231308337,48,50,68,78
-4.4129377084380126,48,52,70,81
-4.4182208937451923,50,52,84,81
-4.4235040790523721,50,52,75,81
-4.4287872643595518,50,52,77,81
-4.4340704496667316,50,50,80,77
-4.4393536349739104,50,50,79,77
-4.4446368202810902,50,50,77,77
-4.4499200055882699,50,50,75,77
-4.4552031908954497,52,50,77,70
-4.4604863762026294,52,50,83,70
-4.4657695615098092,48,50,79,70
-4.4710527468169881,52,50,80,70
-4.4763359321241678,48,50,69,70
-4.4816191174313476,50,48,74,74
-4.4869023027385273,52,48,78,74
-4.4921854880457071,50,50,77,79
-4.4974686733528859,50,50,77,79
-4.5027518586600657,52,50,78,79
-4.5080350439672454,50,50,79,79
-4.5133182292744252,50,50,73,79
-4.5186014145816049,52,54,79,77
-4.5238845998887847,50,54,70,77
-4.5291677851959635,52,54,82,77
-4.5344509705031433,50,50,75,81
-4.539734155810323,50,50,81,81
-4.5450173411175028,52,50,87,81
-4.5503005264246825,52,50,84,81
-4.5555837117318614,52,50,78,81
-4.5608668970390411,44,48,72,74
-4.5661500823462209,52,48,76,74
-4.5714332676534006,48,48,74,74
-4.5767164529605804,52,50,72,76
-4.5819996382677601,50,50,78,76
-4.587282823574939,48,50,72,76
-4.5925660088821187,52,50,78,76
-4.5978491941892985,48,50,76,76
-4.6031323794964782,52,52,86,77
-4.608415564803658,52,52,87,77
-4.6136987501108369,50,52,73,77
-4.6189819354180166,50,50,77,76
-4.6242651207251964,50,50,76,76
-4.6295483060323761,52,50,79,76
-4.6348314913395559,50,50,73,76
-4.6401146766467356,50,50,78,76
-4.6453978619539145,50,50,77,83
-4.6506810472610942,48,50,74,83
-4.655964232568274,52,50,74,78
-4.6612474178754537,48,50,74,78
-4.6665306031826335,50,50,80,78
-4.6718137884898123,50,50,77,78
-4.6770969737969921,50,50,75,78
-4.6823801591041718,48,50,72,78
-4.6876633444113516,50,48,75,73
-4.6929465297185313,50,48,76,73
-4.6982297150257102,52,48,81,82
-4.7035129003328899,52,48,77,82
-4.7087960856400697,48,48,75,82
-4.7140792709472494,50,48,72,69
-4.7193624562544292,52,48,78,69
-4.7246456415616089,50,48,79,69
-4.7299288268687878,52,48,76,76
-4.7352120121759675,52,48,82,76
-4.7404951974831473,48,50,74,82
-4.745778382790327,48,50,79,82
-4.7510615680975068,50,50,79,82
-4.7563447534046857,50,50,71,82
-4.7616279387118654,52,50,81,82
-4.7669111240190452,42,50,61,82
-4.7721943093262249,44,50,66,75
-4.7774774946334047,50,50,81,75
-4.7827606799405844,50,50,76,75
-4.7880438652477633,46,50,69,75
-4.793327050554943,52,50,78,75
-4.7986102358621228,50,50,79,75
-4.8038934211693025,52,50,80,75
-4.8091766064764823,48,50,72,75
-4.8144597917836611,50,52,77,84
-4.8197429770908409,50,52,72,84
-4.8250261623980206,48,50,77,80
-4.8303093477052004,50,50,76,80
-4.8355925330123801,48,50,79,80
-4.8408757183195599,52,50,81,80
-4.8461589036267387,52,50,72,80
-4.8514420889339185,44,50,66,80
-4.8567252742410982,50,48,77,71
-4.862008459548278,52,48,90,71
-4.8672916448554577,48,50,78,73
-4.8725748301626366,50,50,84,73
-4.8778580154698163,52,50,79,73
-4.8831412007769961,50,50,73,73
-4.8884243860841758,50,50,72,73
-4.8937075713913556,50,54,81,86
-4.8989907566985353,52,54,81,86
-4.9042739420057142,46,54,75,86
-4.909557127312894,50,50,70,75
-4.9148403126200737,50,50,80,75
-4.9201234979272535,50,50,78,75
-4.9254066832344332,54,50,81,75
-4.9306898685416121,46,50,77,75
-4.9359730538487918,52,48,79,74
-4.9412562391559716,48,48,76,74
-4.9465394244631513,50,48,78,74
-4.9518226097703311,52,50,81,79
-4.9571057950775099,50,50,72,79
-4.9623889803846897,50,50,76,79
-4.9676721656918694,52,50,81,79
-4.9729553509990492,48,50,70,79
-4.9782385363062289,48,50,76,77
-4.9835217216134087,52,50,78,77
-4.9888049069205875,52,50,76,77
-4.9940880922277673,48,52,70,78
-4.999371277534947,48,52,74,78
-5.0046544628421268,52,52,79,78
-5.0099376481493065,42,52,68,78
-5.0152208334564854,48,52,73,78
-5.0205040187636651,50,50,79,79
-5.0257872040708449,50,50,73,79
-5.0310703893780246,48,50,69,71
-5.0363535746852044,46,50,70,71
-5.0416367599923841,50,50,81,71
-5.046919945299563,50,50,75,71
-5.0522031306067428,56,50,88,71
-5.0574863159139225,48,48,79,71
-5.0627695012211023,48,48,73,71
-5.068052686528282,48,48,72,71
-5.0733358718354609,50,48,80,71
-5.0786190571426406,48,50,72,75
-5.0839022424498204,52,50,76,75
-5.0891854277570001,50,50,83,75
-5.0944686130641799,44,50,66,75
-5.0997517983713596,50,52,77,75
-5.1050349836785385,50,52,80,75
-5.1103181689857182,50,52,78,75
-5.115601354292898,50,48,80,76
-5.1208845396000777,54,48,85,76
-5.1261677249072575,48,48,73,76
-5.1314509102144363,46,48,73,76
-5.1367340955216161,46,48,71,76
-5.1420172808287958,50,50,79,77
-5.1473004661359756,52,50,77,77
-5.1525836514431553,50,50,79,77
-5.1578668367503351,52,50,81,82
-5.1631500220575139,50,50,79,82
-5.1684332073646937,48,50,69,82
-5.1737163926718734,50,50,77,82
-5.1789995779790532,46,50,69,72
-5.1842827632862329,48,50,72,72
-5.1895659485934118,52,50,83,72
-5.1948491339005916,44,50,64,72
-5.2001323192077713,44,50,70,78
-5.2054155045149511,50,50,77,78
-5.2106986898221308,48,50,74,78
-5.2159818751293097,50,50,81,78
-5.2212650604364894,48,50,75,81
-5.2265482457436692,52,50,85,81
-5.2318314310508489,50,50,77,81
-5.2371146163580287,52,50,74,81
-5.2423978016652084,48,52,71,84
-5.2476809869723873,50,52,76,84
-5.252964172279567,46,52,71,84
-5.2582473575867468,50,52,73,84
-5.2635305428939265,50,52,76,73
-5.2688137282011063,52,52,84,73
-5.2740969135082851,52,52,88,73
-5.2793800988154649,50,52,82,73
-5.2846632841226446,50,52,77,79
-5.2899464694298244,50,52,76,79
-5.2952296547370041,48,52,76,79
-5.3005128400441839,48,52,76,79
-5.3057960253513627,48,50,73,78
-5.3110792106585425,50,50,76,78
-5.3163623959657222,52,50,75,78
-5.321645581272902,44,50,71,78
-5.3269287665800817,48,48,69,76
-5.3322119518872606,50,48,75,76
-5.3374951371944404,50,48,69,76
-5.3427783225016201,52,48,81,76
-5.3480615078087999,50,52,77,84
-5.3533446931159796,52,52,84,84
-5.3586278784231594,50,52,75,84
-5.3639110637303382,50,52,76,84
-5.369194249037518,50,52,79,86
-5.3744774343446977,48,52,80,86
-5.3797606196518775,50,52,85,86
-5.3850438049590572,50,48,75,79
-5.3903269902662361,50,52,83,75
-5.3956101755734158,48,52,72,75
-5.4008933608805956,48,52,75,75
-5.4061765461877753,48,50,73,79
-5.4114597314949551,48,52,77,71
-5.4167429168021348,50,52,73,71
-5.4220261021093137,52,52,77,71
-5.4273092874164934,46,46,72,65
-5.4325924727236732,50,52,81,79
-5.4378756580308529,50,52,73,79
-5.4431588433380327,48,52,78,79
-5.4484420286452115,50,44,69,63
-5.4537252139523913,42,44,66,63
-5.459008399259571,46,44,69,63
-5.4642915845667508,52,50,84,77
-5.4695747698739305,50,50,79,79
-5.4748579551811094,52,50,80,79
-5.4801411404882892,50,50,77,79
-5.4854243257954689,52,52,83,72
-5.4907075111026487,46,50,73,78
-5.4959906964098284,48,50,75,78
-5.5012738817170082,50,50,77,78
-5.506557067024187,50,50,80,72
-5.5118402523313668,52,54,83,83
-5.5171234376385465,50,54,73,83
-5.5224066229457263,48,54,76,83
-5.527689808252906,52,50,81,74
-5.5329729935600849,44,50,60,75
-5.5382561788672646,52,50,78,75
-5.5435393641744444,50,50,74,75
-5.5488225494816241,50,46,73,76
-5.5541057347888039,50,46,79,74
-5.5593889200959836,50,46,82,74
-5.5646721054031625,52,46,74,74
-5.5699552907103422,44,48,61,78
-5.575238476017522,50,48,75,73
-5.5805216613247017,50,48,79,73
-5.5858048466318815,48,48,68,73
-5.5910880319390603,52,44,74,70
-5.5963712172462401,52,46,77,69
-5.6016544025534198,50,46,80,69
-5.6069375878605996,46,46,73,69
-5.6122207731677793,48,52,71,83
-5.6175039584749591,52,50,83,73
-5.622787143782138,48,50,73,73
-5.6280703290893177,50,48,69,75
-5.6333535143964975,52,48,81,75
-5.6386366997036772,48,50,76,84
-5.643919885010857,46,50,66,84
-5.6492030703180358,50,50,77,77
-5.6544862556252156,50,50,72,77
-5.6597694409323953,50,48,81,72
-5.6650526262395751,50,48,79,72
-5.6703358115467548,50,46,80,72
-5.6756189968539346,52,46,85,72
-5.6809021821611134,50,42,74,62
-5.6861853674682932,46,42,71,62
-5.6914685527754729,52,50,79,78
-5.6967517380826527,50,52,80,81
-5.7020349233898324,52,52,80,81
-5.7073181086970113,48,48,77,71
-5.712601294004191,52,48,75,71
-5.7178844793113708,48,50,80,73
-5.7231676646185505,52,50,82,73
-5.7284508499257303,48,48,74,77
-5.73373403523291,48,48,77,77
-5.7390172205400889,52,50,81,77
-5.7443004058472686,54,50,86,77
-5.7495835911544484,46,48,74,71
-5.7548667764616281,42,48,62,71
-5.7601499617688079,48,50,76,77
-5.7654331470759868,52,50,78,77
-5.7707163323831665,52,46,79,69
-5.7759995176903463,52,46,82,69
-5.781282702997526,48,48,75,78
-5.7865658883047058,50,60,75,93
-5.7918490736118846,50,62,81,92
-5.7971322589190644,50,62,72,93
-5.8024154442262441,50,62,75,93
-5.8076986295334239,50,62,78,98
-5.8129818148406036,52,62,83,98
-5.8182650001477834,50,60,76,86
-5.8235481854549622,48,60,70,92
-5.828831370762142,52,60,78,92
-5.8341145560693217,50,60,77,88
-5.8393977413765015,50,62,70,92
-5.8446809266836812,46,54,74,84
-5.8499641119908601,50,60,72,90
-5.8552472972980398,48,60,70,90
-5.8605304826052196,48,60,76,98
-5.8658136679123993,50,60,73,92
-5.8710968532195791,50,60,79,92
-5.8763800385267588,46,58,74,89
-5.8816632238339377,50,58,78,88
-5.8869464091411174,50,58,79,87
-5.8922295944482972,52,60,80,84
-5.8975127797554769,56,60,83,84
-5.9027959650626567,48,56,74,84
-5.9080791503698356,48,64,77,98
-5.9133623356770153,48,64,72,98
-5.9186455209841951,52,60,75,95
-5.9239287062913748,48,56,74,88
-5.9292118915985546,46,62,65,88
-5.9344950769057343,48,62,71,88
-5.9397782622129132,50,62,78,95
-5.9450614475200929,50,60,76,99
-5.9503446328272727,48,60,71,82
-5.9556278181344524,52,60,82,82
-5.9609110034416322,48,64,69,105
-5.966194188748811,42,60,69,86
-5.9714773740559908,50,60,82,84
-5.9767605593631705,50,60,76,84
-5.9820437446703503,50,52,78,86
-5.98732692997753,52,62,85,93
-5.9926101152847098,48,56,74,86
-5.9978933005918886,50,62,76,93
-6.0031764858990684,52,62,77,93
-6.0084596712062481,52,60,75,90
-6.0137428565134279,48,62,72,92
-6.0190260418206076,48,56,71,86
-6.0243092271277865,52,62,75,90
-6.0295924124349662,44,60,68,95
-6.034875597742146,48,60,77,97
-6.0401587830493257,48,62,78,91
-6.0454419683565055,46,62,70,100
-6.0507251536636844,50,58,80,89
-6.0560083389708641,50,60,79,92
-6.0612915242780439,50,60,73,96
-6.0665747095852236,48,62,72,101
-6.0718578948924034,50,60,81,90
-6.0771410801995831,50,60,76,97
-6.082424265506762,46,60,75,91
-6.0877074508139417,48,58,72,90
-6.0929906361211215,52,60,80,96
-6.0982738214283012,50,54,84,85
-6.103557006735481,48,60,65,94
-6.1088401920426598,50,60,75,90
-6.1141233773498396,48,60,71,99
-6.1194065626570193,50,60,72,95
-6.1246897479641991,52,60,71,92
-6.1299729332713788,48,60,71,93
-6.1352561185785586,48,62,76,95
-6.1405393038857374,48,58,74,91
-6.1458224891929172,52,60,77,86
-6.1511056745000969,50,58,80,95
-6.1563888598072767,50,60,75,96
-6.1616720451144564,50,54,83,85
-6.1669552304216353,52,56,82,82
-6.172238415728815,52,64,78,101
-6.1775216010359948,52,58,76,85
-6.1828047863431745,54,62,80,94
-6.1880879716503543,48,60,72,91
-6.193371156957534,50,56,68,88
-6.1986543422647129,48,60,77,94
-6.2039375275718927,50,56,80,86
-6.2092207128790724,50,60,79,94
-6.2145038981862522,52,60,83,91
-6.2197870834934319,44,58,69,93
-6.2250702688006108,46,60,74,92
-6.2303534541077905,48,60,73,93
-6.2356366394149703,46,68,75,101
-6.24091982472215,50,70,80,100
-6.2462030100293298,48,72,74,116
-6.2514861953365095,50,64,75,93
-6.2567693806436884,50,70,77,106
-6.2620525659508681,50,70,79,106
-6.2673357512580479,48,72,73,112
-6.2726189365652276,50,70,79,102
-6.2779021218724074,50,72,79,110
0.10000000000000001,60,62,96,94
0.1009,60,62,102,94
0.1018,60,64,91,99
0.1027,62,64,94,99
0.10360000000000001,58,60,91,99
0.10450000000000001,60,60,91,99
0.10540000000000001,58,58,92,85
0.10630000000000001,60,58,93,85
0.1072,62,62,97,96
0.1081,60,62,93,102
0.109,62,62,92,102
0.10990000000000001,56,62,87,102
0.11080000000000001,62,64,88,101
0.11170000000000001,56,58,88,88
0.11260000000000001,60,58,92,88
0.1135,58,58,88,88
0.1144,58,62,87,96
0.1153,58,56,92,82
0.11620000000000001,66,56,98,82
0.11710000000000001,60,56,92,82
0.11800000000000001,58,60,84,94
0.11890000000000001,60,60,99,87
0.1198,60,60,93,87
0.1207,62,60,95,87
0.1216,60,54,80,85
0.12250000000000001,58,56,91,83
0.12340000000000001,62,56,90,83
0.12430000000000001,60,62,99,97
0.12520000000000001,62,62,99,97
0.12610000000000002,60,60,92,96
0.127,58,60,96,96
0.12790000000000001,58,62,93,89
0.1288,62,62,97,89
0.12970000000000001,60,60,91,88
0.13059999999999999,60,60,95,88
0.13150000000000001,60,58,92,95
0.13240000000000002,60,60,92,88
0.1333,62,60,89,88
0.13420000000000001,58,60,89,88
0.1351,56,60,89,92
0.13600000000000001,60,60,82,86
0.13689999999999999,62,60,103,86
0.13780000000000001,60,60,91,86
0.13870000000000002,58,64,82,95
0.1396,62,60,95,95
0.14050000000000001,62,60,91,95
0.1414,60,60,96,95
0.14230000000000001,58,56,86,88
0.14319999999999999,62,58,95,91
0.14410000000000001,60,58,88,91
0.14500000000000002,60,58,91,91
0.1459,58,60,80,92
0.14680000000000001,64,62,96,95
0.1477,58,62,84,95
0.14860000000000001,60,62,94,95
0.14949999999999999,60,60,90,90
0.15040000000000001,60,62,96,94
0.15130000000000002,58,62,93,94
0.1522,60,62,93,94
0.15310000000000001,62,60,96,93
0.154,60,60,86,91
0.15490000000000001,60,60,93,91
0.15579999999999999,62,60,91,91
0.15670000000000001,60,56,95,85
0.15760000000000002,60,60,92,92
0.1585,56,60,86,92
0.15940000000000001,58,60,92,92
0.1603,60,58,95,85
0.16120000000000001,58,62,90,101
0.16209999999999999,60,62,97,101
0.16300000000000001,58,62,89,101
0.16389999999999999,62,60,91,95
0.1648,60,60,90,95
0.16570000000000001,62,60,101,95
0.1666,60,60,87,95
0.16750000000000001,62,60,89,99
0.16839999999999999,60,60,91,99
0.16930000000000001,60,60,94,99
0.17019999999999999,58,60,88,99
0.1711,62,60,97,90
0.17200000000000001,56,60,87,90
0.1729,62,60,92,90
0.17380000000000001,58,60,90,90
0.17469999999999999,58,60,95,90
0.17560000000000001,60,60,93,90
0.17649999999999999,58,60,88,90
0.1774,62,60,99,90
0.17830000000000001,56,60,82,94
0.1792,60,60,95,94
0.18010000000000001,56,60,88,94
0.18099999999999999,62,60,94,90
0.18190000000000001,54,60,83,90
0.18279999999999999,58,60,79,90
0.1837,58,60,88,90
0.18460000000000001,56,54,83,85
0.1855,60,54,89,85
0.18640000000000001,60,54,89,85
0.18729999999999999,60,54,90,85
0.18820000000000001,60,60,95,96
0.18909999999999999,58,60,88,96
0.19,60,60,91,96
0.19090000000000001,60,60,97,96
0.1918,58,60,80,96
0.19270000000000001,58,62,93,97
0.19359999999999999,60,62,91,97
0.19450000000000001,58,62,89,97
0.19539999999999999,56,58,91,90
0.1963,60,58,89,90
0.19720000000000001,62,58,99,90
0.1981,60,58,93,90
0.19900000000000001,62,60,92,91
0.19989999999999999,58,60,97,91
0.20080000000000001,62,60,94,91
0.20169999999999999,56,60,82,91
0.2026,60,58,94,84
0.20350000000000001,58,58,86,84
0.2044,64,58,99,84
0.20530000000000001,60,58,87,84
0.20619999999999999,58,60,87,97
0.20710000000000001,56,60,86,97
0.20799999999999999,60,60,99,97
0.2089,56,60,83,97
0.20980000000000001,58,60,89,90
0.2107,60,60,91,90
0.21160000000000001,58,60,85,90
0.21249999999999999,54,60,81,90
0.21340000000000001,60,62,87,92
0.21429999999999999,62,62,96,92
0.2152,60,62,99,92
0.21610000000000001,56,62,90,92
0.217,56,62,82,101
0.21790000000000001,62,62,102,101
0.21879999999999999,60,62,97,101
0.21970000000000001,58,62,88,101
0.22059999999999999,60,60,90,96
0.2215,64,60,101,96
0.22240000000000001,60,60,95,96
0.2233,60,60,95,92
0.22420000000000001,60,60,93,92
0.22509999999999999,58,60,88,92
0.22600000000000001,60,60,92,92
0.22689999999999999,60,60,92,92
0.2278,60,58,88,90
0.22870000000000001,62,58,96,90
0.2296,60,58,93,90
0.23050000000000001,56,58,89,89
0.23139999999999999,62,58,91,89
0.23230000000000001,56,58,82,89
0.23319999999999999,62,58,90,89
0.2341,60,58,84,89
0.23500000000000001,62,60,93,96
0.2359,60,60,94,96
0.23680000000000001,60,62,90,100
0.23769999999999999,60,62,91,100
0.23860000000000001,62,62,97,100
0.23949999999999999,60,62,87,100
0.2404,60,62,86,100
0.24130000000000001,56,62,89,100
0.2422,54,62,85,91
0.24310000000000001,58,62,87,91
0.24399999999999999,58,60,90,97
0.24490000000000001,62,60,95,97
0.24579999999999999,56,60,83,97
0.2467,62,60,88,97
0.24760000000000001,62,60,97,97
0.2485,60,60,89,97
0.24940000000000001,62,56,97,88
0.25030000000000002,56,56,89,88
0.25119999999999998,60,60,91,95
0.25209999999999999,58,60,92,95
0.253,60,60,96,95
0.25390000000000001,62,60,86,95
0.25480000000000003,58,60,92,95
0.25569999999999998,62,62,100,100
0.25659999999999999,62,62,89,100
0.25750000000000001,60,62,87,100
0.25840000000000002,60,62,88,90
0.25929999999999997,60,62,87,90
0.26019999999999999,60,62,88,90
0.2611,62,62,96,90
0.26200000000000001,58,62,89,90
0.26290000000000002,62,56,91,86
0.26379999999999998,58,56,95,86
0.26469999999999999,58,56,92,86
0.2656,62,62,93,92
0.26650000000000001,60,62,93,92
0.26740000000000003,60,62,88,92
0.26829999999999998,62,62,92,92
0.26919999999999999,60,62,97,92
0.27010000000000001,60,58,92,92
0.27100000000000002,58,58,91,92
0.27189999999999998,60,60,87,90
0.27279999999999999,60,60,91,90
0.2737,60,60,86,90
0.27460000000000001,62,60,93,90
0.27550000000000002,58,60,86,90
0.27639999999999998,64,60,98,90
0.27729999999999999,64,60,95,90
0.2782,60,56,92,89
0.27910000000000001,60,62,94,93
0.28000000000000003,56,62,93,93
0.28089999999999998,60,62,95,93
0.28179999999999999,60,62,87,93
0.28270000000000001,58,62,96,93
0.28360000000000002,60,62,86,93
0.28449999999999998,56,62,88,93
0.28539999999999999,62,62,97,93
0.2863,56,56,90,86
0.28720000000000001,60,56,88,86
0.28810000000000002,58,56,91,86
0.28899999999999998,60,56,89,86
0.28989999999999999,60,56,98,86
0.2908,62,56,98,86
0.29170000000000001,60,60,92,95
0.29260000000000003,62,62,91,93
0.29349999999999998,60,62,83,93
0.2944,62,62,91,93
0.29530000000000001,62,62,95,93
0.29620000000000002,60,62,96,93
0.29709999999999998,60,62,86,93
0.29799999999999999,60,62,91,93
0.2989,60,62,90,90
0.29980000000000001,62,52,92,86
0.30070000000000002,60,52,95,86
0.30159999999999998,58,52,90,86
0.30249999999999999,62,52,94,86
0.3034,60,52,86,86
0.30430000000000001,56,52,89,86
0.30520000000000003,60,52,91,86
0.30609999999999998,60,54,93,85
0.307,62,60,94,84
0.30790000000000001,56,60,85,84
0.30880000000000002,62,60,98,84
0.30969999999999998,60,60,91,84
0.31059999999999999,60,60,97,84
0.3115,60,60,93,84
0.31240000000000001,62,62,95,91
0.31330000000000002,56,60,85,86
0.31419999999999998,60,60,96,86
0.31509999999999999,60,60,91,86
0.316,60,60,90,86
0.31690000000000002,60,60,92,86
0.31780000000000003,60,60,99,86
0.31869999999999998,60,60,92,86
0.3196,56,62,89,95
0.32050000000000001,58,64,85,105
0.32140000000000002,60,64,97,105
0.32229999999999998,58,64,87,105
0.32319999999999999,60,64,100,105
0.3241,62,64,101,105
0.32500000000000001,60,64,93,105
0.32590000000000002,60,64,87,105
0.32679999999999998,60,64,92,105
0.32769999999999999,56,60,81,82
0.3286,62,60,97,82
0.32950000000000002,58,60,85,82
0.33040000000000003,60,60,95,82
0.33129999999999998,62,60,95,82
0.3322,52,60,81,82
0.33310000000000001,58,60,84,82
0.33400000000000002,58,60,88,82
0.33489999999999998,58,60,97,99
0.33579999999999999,60,60,91,99
0.3367,60,60,96,99
0.33760000000000001,60,60,99,99
0.33850000000000002,58,60,89,99
0.33939999999999998,60,60,94,99
0.34029999999999999,60,60,94,99
0.3412,56,60,92,102
0.34210000000000002,64,62,93,95
0.34299999999999997,62,62,96,95
0.34389999999999998,56,62,83,95
0.3448,60,62,90,95
0.34570000000000001,60,62,94,95
0.34660000000000002,60,62,94,95
0.34749999999999998,60,62,85,95
0.34839999999999999,60,62,95,88
0.3493,60,62,100,88
0.35020000000000001,62,62,91,88
0.35110000000000002,62,62,87,88
0.35199999999999998,60,62,90,88
0.35289999999999999,60,62,93,88
0.3538,56,62,82,88
0.35470000000000002,60,62,92,88
0.35559999999999997,60,56,96,88
0.35649999999999998,62,56,93,88
0.3574,60,56,90,88
0.35830000000000001,60,56,94,88
0.35920000000000002,60,56,85,88
0.36009999999999998,58,56,91,88
0.36099999999999999,60,56,93,88
0.3619,60,56,92,88
0.36280000000000001,60,60,92,95
0.36370000000000002,60,60,87,95
0.36459999999999998,60,60,96,95
0.36549999999999999,60,60,90,95
0.3664,60,60,92,95
0.36730000000000002,60,60,96,95
0.36819999999999997,60,60,88,95
0.36909999999999998,62,64,98,98
0.37,60,64,88,98
0.37090000000000001,62,64,97,98
0.37180000000000002,58,64,84,98
0.37269999999999998,54,64,85,98
0.37359999999999999,60,64,94,98
0.3745,60,64,86,98
0.37540000000000001,62,64,93,98
0.37630000000000002,52,64,75,98
0.37719999999999998,60,56,94,84
0.37809999999999999,60,56,84,84
0.379,58,56,93,84
0.37990000000000002,60,56,96,84
0.38079999999999997,62,56,94,84
0.38169999999999998,58,56,90,84
0.3826,62,56,91,84
0.38350000000000001,62,60,96,84
0.38440000000000002,56,60,85,84
0.38529999999999998,56,60,87,84
0.38619999999999999,62,60,97,84
0.3871,60,60,93,84
0.38800000000000001,62,60,94,84
0.38890000000000002,56,60,88,84
0.38979999999999998,62,60,92,84
0.39069999999999999,60,60,89,84
0.3916,58,58,89,87
0.39250000000000002,60,58,92,87
0.39339999999999997,58,58,90,87
0.39429999999999998,60,58,90,87
0.3952,62,58,89,87
0.39610000000000001,58,58,83,87
0.39700000000000002,60,58,82,87
0.39789999999999998,58,58,86,88
0.39879999999999999,54,58,85,88
0.3997,62,58,99,88
0.40060000000000001,60,58,91,88
0.40150000000000002,64,58,103,88
0.40239999999999998,62,58,98,88
0.40329999999999999,62,58,89,88
0.4042,60,58,86,88
0.40510000000000002,56,58,78,89
0.40599999999999997,60,58,101,89
0.40689999999999998,60,58,94,89
0.4078,58,58,84,89
0.40870000000000001,56,58,86,89
0.40960000000000002,58,58,85,89
0.41049999999999998,60,58,93,89
0.41139999999999999,60,60,86,92
0.4123,56,60,78,92
0.41320000000000001,62,60,98,92
0.41410000000000002,60,60,92,92
0.41499999999999998,60,60,97,92
0.41589999999999999,60,60,83,92
0.4168,58,60,94,92
0.41770000000000002,58,60,92,92
0.41859999999999997,60,60,94,92
0.41949999999999998,62,60,95,98
0.4204,60,60,89,98
0.42130000000000001,60,60,93,98
0.42220000000000002,60,60,90,98
0.42309999999999998,58,60,92,98
0.42399999999999999,62,60,93,98
0.4249,60,60,91,90
0.42580000000000001,64,60,92,90
0.42670000000000002,58,60,83,90
0.42759999999999998,62,60,95,90
0.42849999999999999,62,60,90,90
0.4294,62,60,92,90
0.43030000000000002,64,60,103,90
0.43119999999999997,60,60,93,90
0.43209999999999998,58,60,95,90
0.433,60,60,100,90
0.43390000000000001,62,54,98,84
0.43480000000000002,58,54,91,84
0.43569999999999998,62,54,92,84
0.43659999999999999,62,54,101,84
0.4375,60,54,89,84
0.43840000000000001,62,54,96,84
0.43930000000000002,60,62,94,92
0.44019999999999998,58,62,84,92
0.44109999999999999,62,62,92,92
0.442,60,62,91,92
0.44290000000000002,60,62,96,92
0.44379999999999997,58,62,89,92
0.44469999999999998,62,62,94,92
0.4456,62,62,98,92
0.44650000000000001,62,62,94,92
0.44740000000000002,60,62,100,92
0.44829999999999998,62,60,99,88
0.44919999999999999,60,60,94,88
0.4501,60,60,92,88
0.45100000000000001,62,60,104,88
0.45189999999999997,62,60,95,88
0.45279999999999998,62,60,94,92
0.45369999999999999,62,60,98,92
0.4546,62,60,97,92
0.45550000000000002,62,60,95,92
0.45639999999999997,58,60,92,92
0.45729999999999998,58,60,90,92
0.4582,60,60,92,92
0.45910000000000001,60,60,96,92
0.46000000000000002,62,60,95,92
0.46089999999999998,62,60,97,92
0.46179999999999999,60,60,89,92
0.4627,58,60,90,86
0.46360000000000001,60,60,98,86
0.46449999999999997,58,60,89,86
0.46539999999999998,60,60,93,86
0.46629999999999999,60,60,90,86
0.4672,60,62,92,98
0.46810000000000002,58,62,81,98
0.46899999999999997,58,62,89,98
0.46989999999999998,62,62,93,98
0.4708,60,62,96,98
0.47170000000000001,60,62,94,98
0.47260000000000002,60,62,91,98
0.47349999999999998,58,62,84,98
0.47439999999999999,62,62,96,98
0.4753,58,62,93,98
0.47620000000000001,60,64,92,100
0.47709999999999997,58,64,84,100
0.47799999999999998,62,64,100,100
0.47889999999999999,60,64,101,100
0.4798,62,64,102,100
0.48070000000000002,60,62,94,93
0.48159999999999997,58,62,80,93
0.48249999999999998,60,62,91,93
0.4834,58,62,91,93
0.48430000000000001,60,62,83,93
0.48520000000000002,62,62,91,93
0.48609999999999998,62,62,100,93
0.48699999999999999,60,62,96,93
0.4879,62,62,93,93
0.48880000000000001,60,62,86,93
0.48969999999999997,62,62,99,93
0.49059999999999998,60,62,89,92
0.49149999999999999,60,62,94,92
0.4924,60,62,97,92
0.49330000000000002,60,62,96,92
0.49419999999999997,60,62,86,92
0.49509999999999998,58,60,93,93
0.496,60,60,96,93
0.49690000000000001,54,60,89,93
0.49780000000000002,62,60,91,93
0.49869999999999998,56,60,88,93
0.49959999999999999,62,60,101,93
0.50049999999999994,60,48,89,78
0.50139999999999996,62,48,97,78
0.50229999999999997,60,48,93,78
0.50319999999999998,62,48,103,78
0.50409999999999999,60,48,94,78
0.505,58,48,89,78
0.50590000000000002,60,46,95,69
0.50680000000000003,58,46,85,69
0.50770000000000004,56,46,83,69
0.50859999999999994,62,46,102,69
0.50949999999999995,62,46,100,69
0.51039999999999996,60,46,90,69
0.51129999999999998,62,46,101,69
0.51219999999999999,60,46,93,69
0.5131,62,48,100,76
0.51400000000000001,60,50,89,77
0.51490000000000002,60,50,86,77
0.51580000000000004,62,50,93,77
0.51670000000000005,60,50,90,77
0.51759999999999995,58,50,87,77
0.51849999999999996,58,50,87,77
0.51939999999999997,58,50,87,77
0.52029999999999998,62,50,90,77
0.5212,62,50,98,77
0.52210000000000001,60,50,86,77
0.52300000000000002,60,50,91,77
0.52390000000000003,58,48,81,71
0.52480000000000004,62,48,90,71
0.52569999999999995,60,48,95,71
0.52659999999999996,62,48,101,71
0.52749999999999997,56,48,86,71
0.52839999999999998,60,48,92,71
0.52929999999999999,60,48,88,71
0.5302,62,48,92,71
0.53110000000000002,60,48,97,71
0.53200000000000003,62,48,93,71
0.53290000000000004,58,48,95,71
0.53379999999999994,62,48,93,71
0.53469999999999995,62,50,92,77
0.53559999999999997,60,50,86,77
0.53649999999999998,56,50,91,77
0.53739999999999999,58,50,90,77
0.5383,60,50,99,77
0.53920000000000001,62,50,98,77
0.54010000000000002,62,50,94,77
0.54100000000000004,60,50,97,77
0.54190000000000005,58,50,92,77
0.54279999999999995,60,50,89,77
0.54369999999999996,58,50,91,77
0.54459999999999997,58,50,89,77
0.54549999999999998,60,48,88,77
0.5464,62,48,90,77
0.54730000000000001,60,48,87,77
0.54820000000000002,60,48,85,77
0.54910000000000003,60,48,90,77
0.55000000000000004,58,48,90,77
0.55089999999999995,60,48,87,77
0.55179999999999996,62,48,95,77
0.55269999999999997,60,48,91,77
0.55359999999999998,60,48,90,77
0.55449999999999999,62,48,98,77
0.5554,56,50,89,73
0.55630000000000002,62,50,97,73
0.55720000000000003,58,50,91,73
0.55810000000000004,58,50,89,73
0.55899999999999994,56,50,88,73
0.55989999999999995,62,50,98,73
0.56079999999999997,62,50,95,73
0.56169999999999998,62,50,93,73
0.56259999999999999,62,50,93,73
0.5635,58,50,93,73
0.56440000000000001,60,50,84,73
0.56530000000000002,60,50,91,73
0.56620000000000004,60,50,89,73
0.56709999999999994,62,48,93,71
0.56799999999999995,60,48,91,71
0.56889999999999996,62,48,89,71
0.56979999999999997,62,48,93,71
0.57069999999999999,60,48,92,71
0.5716,58,48,97,71
0.57250000000000001,60,48,90,71
0.57340000000000002,60,48,92,71
0.57430000000000003,60,48,91,71
0.57520000000000004,58,48,90,71
0.57609999999999995,60,48,86,71
0.57699999999999996,56,52,86,81
0.57789999999999997,56,52,84,81
0.57879999999999998,60,52,89,81
0.57969999999999999,60,52,94,81
0.5806,56,52,83,81
0.58150000000000002,56,52,87,81
0.58240000000000003,58,52,86,81
0.58330000000000004,60,52,95,81
0.58419999999999994,60,52,97,81
0.58509999999999995,60,52,98,81
0.58599999999999997,60,52,88,81
0.58689999999999998,62,52,93,81
0.58779999999999999,58,50,82,78
0.5887,62,50,92,78
0.58960000000000001,54,50,87,78
0.59050000000000002,62,50,93,78
0.59140000000000004,60,50,89,78
0.59229999999999994,60,50,92,78
0.59319999999999995,62,50,94,78
0.59409999999999996,60,50,94,78
0.59499999999999997,62,42,101,62
0.59589999999999999,60,42,93,62
0.5968,62,42,97,62
0.59770000000000001,62,42,90,62
0.59860000000000002,60,42,92,62
0.59950000000000003,58,42,99,62
0.60040000000000004,56,42,91,62
0.60129999999999995,60,42,94,62
0.60219999999999996,62,42,99,62
0.60309999999999997,62,42,93,62
0.60399999999999998,58,42,90,62
0.60489999999999999,52,42,86,62
0.60580000000000001,62,42,100,62
0.60670000000000002,62,46,96,72
0.60760000000000003,60,46,98,72
0.60850000000000004,62,46,95,72
0.60939999999999994,60,46,100,72
0.61029999999999995,60,46,89,72
0.61119999999999997,54,46,85,72
0.61209999999999998,60,46,92,72
0.61299999999999999,62,46,96,72
0.6139,58,46,98,72
0.61480000000000001,62,46,90,72
0.61570000000000003,62,48,93,72
0.61660000000000004,62,48,100,72
0.61749999999999994,62,48,100,72
0.61839999999999995,60,48,84,72
0.61929999999999996,62,48,100,72
0.62019999999999997,56,48,82,72
0.62109999999999999,60,48,98,72
0.622,60,48,91,72
0.62290000000000001,58,48,92,72
0.62380000000000002,62,48,90,72
0.62470000000000003,60,48,93,72
0.62560000000000004,62,48,91,72
0.62649999999999995,62,48,90,72
0.62739999999999996,60,48,85,72
0.62829999999999997,62,50,96,77
0.62919999999999998,62,50,98,77
0.63009999999999999,58,50,90,77
0.63100000000000001,54,50,83,77
0.63190000000000002,54,50,77,77
0.63280000000000003,60,50,86,77
0.63370000000000004,60,50,93,77
0.63459999999999994,60,50,92,77
0.63549999999999995,56,50,92,77
0.63639999999999997,56,50,87,84
0.63729999999999998,58,50,91,84
0.63819999999999999,62,50,94,84
0.6391,62,50,99,84
0.64000000000000001,62,50,95,84
0.64090000000000003,62,50,94,84
0.64180000000000004,62,50,86,84
0.64269999999999994,58,50,94,84
0.64359999999999995,62,50,87,84
0.64449999999999996,60,50,86,84
0.64539999999999997,56,50,88,84
0.64629999999999999,60,50,93,84
0.6472,64,50,105,84
0.64810000000000001,60,50,93,84
0.64900000000000002,60,50,94,84
0.64990000000000003,56,48,92,75
0.65080000000000005,62,48,101,75
0.65169999999999995,56,48,88,75
0.65259999999999996,60,48,94,75
0.65349999999999997,62,48,96,75
0.65439999999999998,60,48,85,75
0.65529999999999999,60,48,92,75
0.65620000000000001,60,48,92,75
0.65710000000000002,60,48,97,75
0.65800000000000003,60,50,97,73
0.65890000000000004,56,50,82,73
0.65979999999999994,60,50,88,73
0.66069999999999995,60,50,87,73
0.66159999999999997,60,50,82,73
0.66249999999999998,62,50,97,73
0.66339999999999999,60,50,90,73
0.6643,60,50,87,73
0.66520000000000001,60,50,103,73
0.66610000000000003,60,50,97,73
0.66700000000000004,62,50,84,73
0.66789999999999994,62,50,86,73
0.66879999999999995,60,50,92,73
0.66969999999999996,60,50,89,73
0.67059999999999997,56,52,80,83
0.67149999999999999,62,52,91,83
0.6724,62,52,90,83
0.67330000000000001,58,52,83,83
0.67420000000000002,62,52,98,83
0.67510000000000003,60,52,99,83
0.67599999999999993,60,46,91,69
0.67689999999999995,56,46,84,69
0.67779999999999996,58,46,84,69
0.67869999999999997,60,46,93,69
0.67959999999999998,60,46,88,69
0.68049999999999999,60,46,92,69
0.68140000000000001,58,46,89,69
0.68230000000000002,60,46,102,69
0.68320000000000003,62,46,98,69
0.68410000000000004,64,46,88,69
0.68499999999999994,62,46,99,69
0.68589999999999995,62,46,98,69
0.68679999999999997,54,46,84,69
0.68769999999999998,58,46,87,69
0.68859999999999999,62,46,90,69
0.6895,62,44,95,70
0.69040000000000001,58,44,88,70
0.69130000000000003,62,44,89,70
0.69220000000000004,60,44,93,70
0.69309999999999994,58,44,94,70
0.69399999999999995,60,44,83,70
0.69489999999999996,60,44,94,70
0.69579999999999997,58,44,85,70
0.69669999999999999,62,48,97,73
0.6976,60,48,101,73
0.69850000000000001,60,48,87,73
0.69940000000000002,62,48,98,73
0.70030000000000003,60,48,99,73
0.70119999999999993,60,48,99,73
0.70209999999999995,62,48,93,73
0.70299999999999996,62,48,88,73
0.70389999999999997,60,48,96,73
0.70479999999999998,62,48,103,73
0.70569999999999999,62,48,96,73
0.70660000000000001,58,48,89,73
0.70750000000000002,60,48,91,73
0.70840000000000003,58,48,86,73
0.70930000000000004,60,48,89,73
0.71019999999999994,60,48,86,73
0.71109999999999995,54,48,82,78
0.71199999999999997,60,48,94,78
0.71289999999999998,60,48,93,78
0.71379999999999999,60,48,90,78
0.7147,60,48,100,78
0.71560000000000001,62,48,94,78
0.71650000000000003,60,48,90,78
0.71740000000000004,56,46,88,74
0.71829999999999994,60,46,93,74
0.71919999999999995,64,46,97,74
0.72009999999999996,60,46,90,74
0.72099999999999997,60,46,94,74
0.72189999999999999,62,46,90,74
0.7228,60,46,88,74
0.72370000000000001,60,46,91,74
0.72460000000000002,58,46,88,74
0.72550000000000003,58,46,93,74
0.72639999999999993,60,46,93,74
0.72729999999999995,58,46,84,74
0.72819999999999996,58,46,88,74
0.72909999999999997,62,46,91,74
0.72999999999999998,60,46,95,74
0.73089999999999999,60,46,95,74
0.73180000000000001,60,46,97,74
0.73270000000000002,58,46,96,76
0.73360000000000003,62,46,97,76
0.73450000000000004,56,46,91,76
0.73539999999999994,58,46,86,76
0.73629999999999995,60,46,91,76
0.73719999999999997,58,46,90,76
0.73809999999999998,62,46,94,76
0.73899999999999999,62,50,92,75
0.7399,60,50,89,75
0.74080000000000001,60,50,89,75
0.74170000000000003,60,50,98,75
0.74260000000000004,58,50,88,75
0.74349999999999994,62,50,99,75
0.74439999999999995,62,50,93,75
0.74529999999999996,64,50,98,75
0.74619999999999997,60,50,93,75
0.74709999999999999,60,50,97,75
0.748,60,50,96,75
0.74890000000000001,62,50,94,75
0.74980000000000002,62,50,84,75
0.75070000000000003,60,50,94,75
0.75159999999999993,62,50,91,75
0.75249999999999995,62,50,94,75
0.75339999999999996,62,50,92,74
0.75429999999999997,56,50,85,74
0.75519999999999998,62,50,91,74
0.75609999999999999,62,50,95,74
0.75700000000000001,60,54,90,83
0.75790000000000002,60,54,96,83
0.75880000000000003,60,54,95,83
0.75970000000000004,56,54,84,83
0.76059999999999994,62,54,97,83
0.76149999999999995,60,54,94,83
0.76239999999999997,56,54,81,83
0.76329999999999998,62,54,94,83
0.76419999999999999,58,54,94,83
0.7651,62,54,95,83
0.76600000000000001,62,54,99,83
0.76690000000000003,58,54,88,83
0.76780000000000004,60,54,89,83
0.76869999999999994,60,54,83,83
0.76959999999999995,60,54,97,83
0.77049999999999996,62,54,97,83
0.77139999999999997,56,54,82,83
0.77229999999999999,60,50,89,72
0.7732,60,50,89,72
0.77410000000000001,60,50,84,72
0.77500000000000002,56,50,88,72
0.77590000000000003,62,50,94,72
0.77679999999999993,60,50,93,72
0.77769999999999995,62,50,98,78
0.77859999999999996,60,50,90,78
0.77949999999999997,60,50,89,78
0.78039999999999998,60,50,88,78
0.78129999999999999,62,50,98,78
0.78220000000000001,62,50,100,78
0.78310000000000002,62,50,89,78
0.78400000000000003,62,50,96,78
0.78490000000000004,60,50,95,78
0.78579999999999994,58,50,90,78
0.78669999999999995,60,50,96,78
0.78759999999999997,58,50,87,78
0.78849999999999998,60,50,90,78
0.78939999999999999,60,50,90,78
0.7903,62,50,91,78
0.79120000000000001,60,50,91,78
0.79210000000000003,60,50,96,78
0.79300000000000004,60,50,97,78
0.79389999999999994,62,52,98,72
0.79479999999999995,60,52,94,72
0.79569999999999996,60,52,99,72
0.79659999999999997,60,52,96,72
0.79749999999999999,60,52,93,72
0.7984,60,52,86,72
0.79930000000000001,60,50,93,79
0.80020000000000002,62,50,93,79
0.80110000000000003,60,50,92,79
0.80199999999999994,58,50,88,79
0.80289999999999995,60,50,96,79
0.80379999999999996,62,50,100,79
0.80469999999999997,60,50,97,79
0.80559999999999998,56,50,83,79
0.80649999999999999,60,50,90,79
0.80740000000000001,60,50,90,79
0.80830000000000002,60,50,85,79
0.80920000000000003,62,50,91,79
0.81009999999999993,62,50,95,79
0.81099999999999994,60,50,96,79
0.81189999999999996,60,50,94,79
0.81279999999999997,56,50,94,79
0.81369999999999998,60,50,97,79
0.81459999999999999,56,50,89,77
0.8155,58,50,89,77
0.81640000000000001,60,50,94,77
0.81730000000000003,58,50,85,77
0.81820000000000004,58,50,85,77
0.81909999999999994,60,50,94,77
0.81999999999999995,62,44,93,63
0.82089999999999996,60,44,91,63
0.82179999999999997,58,44,83,63
0.82269999999999999,60,44,95,63
0.8236,62,44,95,63
0.82450000000000001,58,44,90,63
0.82540000000000002,60,44,89,63
0.82630000000000003,62,44,89,63
0.82719999999999994,60,44,91,63
0.82809999999999995,60,44,91,63
0.82899999999999996,60,44,90,63
0.82989999999999997,60,44,92,63
0.83079999999999998,56,44,93,63
0.83169999999999999,60,44,90,63
0.83260000000000001,60,44,95,63
0.83350000000000002,62,44,99,63
0.83440000000000003,62,44,97,63
0.83529999999999993,62,44,94,63
0.83619999999999994,54,50,85,81
0.83709999999999996,62,50,101,81
0.83799999999999997,62,52,91,79
0.83889999999999998,60,52,89,79
0.83979999999999999,60,52,94,79
0.8407,58,52,88,79
0.84160000000000001,60,52,92,79
0.84250000000000003,58,52,90,79
0.84340000000000004,60,52,98,79
0.84429999999999994,58,52,88,79
0.84519999999999995,58,52,89,79
0.84609999999999996,62,52,101,79
0.84699999999999998,58,52,88,79
0.84789999999999999,58,52,93,79
0.8488,62,52,101,79
0.84970000000000001,60,52,89,79
0.85060000000000002,60,52,88,79
0.85150000000000003,60,52,90,79
0.85239999999999994,60,52,94,79
0.85329999999999995,62,52,97,79
0.85419999999999996,58,52,88,79
0.85509999999999997,60,46,92,65
0.85599999999999998,60,46,92,65
0.8569,60,46,89,65
0.85780000000000001,60,46,90,65
0.85870000000000002,60,52,88,71
0.85960000000000003,60,52,85,71
0.86049999999999993,56,52,86,71
0.86139999999999994,60,52,89,71
0.86229999999999996,62,52,92,71
0.86319999999999997,60,52,90,71
0.86409999999999998,60,52,83,71
0.86499999999999999,60,52,97,71
0.8659,58,52,91,71
0.86680000000000001,64,52,92,71
0.86770000000000003,56,52,82,71
0.86860000000000004,60,52,88,71
0.86949999999999994,60,52,92,71
0.87039999999999995,58,52,93,71
0.87129999999999996,60,52,95,71
0.87219999999999998,54,52,84,71
0.87309999999999999,62,52,97,71
0.874,60,52,94,71
0.87490000000000001,62,52,89,71
0.87580000000000002,60,52,94,71
0.87670000000000003,58,50,87,79
0.87759999999999994,62,50,93,79
0.87849999999999995,60,50,94,79
0.87939999999999996,62,50,91,79
0.88029999999999997,62,52,97,75
0.88119999999999998,60,52,87,75
0.8821,62,52,99,75
0.88300000000000001,58,52,90,75
0.88390000000000002,60,52,93,75
0.88480000000000003,56,52,89,75
0.88569999999999993,62,52,93,75
0.88659999999999994,62,52,92,75
0.88749999999999996,60,52,96,75
0.88839999999999997,58,52,88,75
0.88929999999999998,62,52,94,75
0.89019999999999999,62,52,95,75
0.8911,62,52,94,75
0.89200000000000002,60,52,98,75
0.89290000000000003,60,52,89,75
0.89380000000000004,60,52,95,75
0.89469999999999994,62,52,90,75
0.89559999999999995,62,52,93,75
0.89649999999999996,60,52,84,75
0.89739999999999998,58,48,90,79
0.89829999999999999,62,48,86,79
0.8992,62,48,92,79
0.90010000000000001,60,48,88,79
0.90100000000000002,62,52,101,86
0.90190000000000003,62,52,99,86
0.90279999999999994,60,52,95,86
0.90369999999999995,60,52,90,86
0.90459999999999996,58,52,87,86
0.90549999999999997,62,52,97,86
0.90639999999999998,58,52,82,86
0.9073,60,52,94,86
0.90820000000000001,62,52,96,86
0.90910000000000002,58,52,92,86
0.91000000000000003,60,52,97,86
0.91089999999999993,60,52,94,86
0.91179999999999994,62,52,95,86
0.91269999999999996,58,52,92,86
0.91359999999999997,60,52,96,86
0.91449999999999998,60,52,92,86
0.91539999999999999,60,52,87,86
0.9163,60,52,85,86
0.91720000000000002,60,52,95,86
0.91810000000000003,62,52,89,86
0.91899999999999993,60,52,90,84
0.91989999999999994,60,52,89,84
0.92079999999999995,58,52,94,84
0.92169999999999996,60,52,100,84
0.92259999999999998,58,52,84,84
0.92349999999999999,60,52,96,84
0.9244,60,52,94,84
0.92530000000000001,62,52,97,84
0.92620000000000002,60,52,85,84
0.92710000000000004,60,52,94,84
0.92799999999999994,60,52,86,84
0.92889999999999995,58,52,88,84
0.92979999999999996,60,52,92,84
0.93069999999999997,56,52,81,84
0.93159999999999998,60,52,96,84
0.9325,58,52,92,84
0.93340000000000001,62,52,89,84
0.93430000000000002,58,52,90,84
0.93520000000000003,56,52,87,84
0.93609999999999993,60,52,92,84
0.93699999999999994,60,52,91,84
0.93789999999999996,60,50,85,82
0.93879999999999997,62,50,92,82
0.93969999999999998,62,48,85,76
0.94059999999999999,58,48,87,76
0.9415,60,48,91,76
0.94240000000000002,62,48,98,76
0.94330000000000003,58,48,90,76
0.94419999999999993,58,48,90,76
0.94509999999999994,58,48,92,76
0.94599999999999995,62,48,99,76
0.94689999999999996,60,48,90,76
0.94779999999999998,62,48,93,76
0.94869999999999999,60,48,89,76
0.9496,54,48,90,76
0.95050000000000001,58,48,90,76
0.95140000000000002,60,48,94,76
0.95230000000000004,62,48,98,76
0.95319999999999994,60,48,91,76
0.95409999999999995,62,48,95,76
0.95499999999999996,60,48,96,76
0.95589999999999997,64,48,100,76
0.95679999999999998,60,48,89,76
0.9577,62,48,93,76
0.95860000000000001,60,48,89,76
0.95950000000000002,62,52,86,83
0.96040000000000003,60,52,87,83
0.96129999999999993,58,50,93,78
0.96219999999999994,60,50,89,78
0.96309999999999996,60,50,91,78
0.96399999999999997,58,50,92,78
0.96489999999999998,52,50,81,78
0.96579999999999999,60,50,92,78
0.9667,62,50,92,78
0.96760000000000002,62,50,92,78
0.96850000000000003,62,50,98,78
0.96939999999999993,62,50,95,78
0.97029999999999994,62,50,93,78
0.97119999999999995,60,50,91,78
0.97209999999999996,60,50,85,78
0.97299999999999998,60,50,94,78
0.97389999999999999,62,50,95,78
0.9748,62,50,96,78
0.97570000000000001,60,50,93,78
0.97660000000000002,58,50,92,78
0.97750000000000004,62,50,99,78
0.97839999999999994,58,50,88,78
0.97929999999999995,56,50,88,78
0.98019999999999996,60,48,87,75
0.98109999999999997,60,48,90,75
0.98199999999999998,58,52,87,79
0.9829,58,52,89,79
0.98380000000000001,58,52,83,79
0.98470000000000002,62,52,92,79
0.98560000000000003,56,52,84,79
0.98649999999999993,60,52,97,79
0.98739999999999994,60,52,96,79
0.98829999999999996,60,52,98,79
0.98919999999999997,62,52,95,79
0.99009999999999998,58,52,86,79
0.99099999999999999,62,52,97,79
0.9919,62,52,89,79
0.99280000000000002,62,52,94,79
0.99370000000000003,62,52,91,79
0.99459999999999993,60,52,95,79
0.99549999999999994,60,52,86,79
0.99639999999999995,60,52,95,79
0.99729999999999996,58,52,89,79
0.99819999999999998,60,52,93,79
0.99909999999999999,60,52,93,79
-0.10000000000000001,60,62,81,95
-0.1009,60,62,92,95
-0.1018,60,64,86,97
-0.1027,62,64,94,97
-0.10360000000000001,58,60,89,95
-0.10450000000000001,60,60,93,95
-0.10540000000000001,58,58,88,91
-0.10630000000000001,60,58,89,91
-0.1072,62,62,100,95
-0.1081,60,62,94,96
-0.109,62,62,90,96
-0.10990000000000001,56,62,80,96
-0.11080000000000001,62,64,91,98
-0.11170000000000001,56,58,86,87
-0.11260000000000001,60,58,90,87
-0.1135,58,58,84,87
-0.1144,58,62,85,96
-0.1153,58,56,90,88
-0.11620000000000001,66,56,105,88
-0.11710000000000001,60,56,93,88
-0.11800000000000001,58,60,91,88
-0.11890000000000001,60,60,87,93
-0.1198,60,60,92,93
-0.1207,62,60,99,93
-0.1216,60,54,98,83
-0.12250000000000001,58,56,92,89
-0.12340000000000001,62,56,89,89
-0.12430000000000001,60,62,95,90
-0.12520000000000001,62,62,97,90
-0.12610000000000002,60,60,96,86
-0.127,58,60,87,86
-0.12790000000000001,58,62,83,92
-0.1288,62,62,90,92
-0.12970000000000001,60,60,91,89
-0.13059999999999999,60,60,91,89
-0.13150000000000001,60,58,92,81
-0.13240000000000002,60,60,93,96
-0.1333,62,60,88,96
-0.13420000000000001,58,60,92,96
-0.1351,56,60,92,95
-0.13600000000000001,60,60,90,93
-0.13689999999999999,62,60,98,93
-0.13780000000000001,60,60,90,93
-0.13870000000000002,58,64,95,89
-0.1396,62,60,87,97
-0.14050000000000001,62,60,95,97
-0.1414,60,60,84,97
-0.14230000000000001,58,56,86,86
-0.14319999999999999,62,58,95,93
-0.14410000000000001,60,58,100,93
-0.14500000000000002,60,58,88,93
-0.1459,58,60,95,92
-0.14680000000000001,64,62,108,93
-0.1477,58,62,90,93
-0.14860000000000001,60,62,94,93
-0.14949999999999999,60,60,85,95
-0.15040000000000001,60,62,90,85
-0.15130000000000002,58,62,88,85
-0.1522,60,62,90,85
-0.15310000000000001,62,60,100,98
-0.154,60,60,93,90
-0.15490000000000001,60,60,89,90
-0.15579999999999999,62,60,90,90
-0.15670000000000001,60,56,96,83
-0.15760000000000002,60,60,99,89
-0.1585,56,60,83,89
-0.15940000000000001,58,60,89,89
-0.1603,60,58,97,91
-0.16120000000000001,58,62,90,101
-0.16209999999999999,60,62,97,101
-0.16300000000000001,58,62,86,101
-0.16389999999999999,62,60,89,93
-0.1648,60,60,94,93
-0.16570000000000001,62,60,99,93
-0.1666,60,60,95,93
-0.16750000000000001,62,60,93,98
-0.16839999999999999,60,60,85,98
-0.16930000000000001,60,60,94,98
-0.17019999999999999,58,60,93,98
-0.1711,62,60,93,90
-0.17200000000000001,56,60,88,90
-0.1729,62,60,100,90
-0.17380000000000001,58,60,81,90
-0.17469999999999999,58,60,86,95
-0.17560000000000001,60,60,89,95
-0.17649999999999999,58,60,91,95
-0.1774,62,60,93,95
-0.17830000000000001,56,60,84,88
-0.1792,60,60,89,88
-0.18010000000000001,56,60,87,88
-0.18099999999999999,62,60,100,98
-0.18190000000000001,54,60,85,98
-0.18279999999999999,58,60,91,98
-0.1837,58,60,90,98
-0.18460000000000001,56,54,85,85
-0.1855,60,54,95,85
-0.18640000000000001,60,54,90,85
-0.18729999999999999,60,54,92,85
-0.18820000000000001,60,60,95,84
-0.18909999999999999,58,60,88,84
-0.19,60,60,89,84
-0.19090000000000001,60,60,90,84
-0.1918,58,60,82,84
-0.19270000000000001,58,62,90,95
-0.19359999999999999,60,62,89,95
-0.19450000000000001,58,62,92,95
-0.19539999999999999,56,58,88,90
-0.1963,60,58,89,90
-0.19720000000000001,62,58,95,90
-0.1981,60,58,100,90
-0.19900000000000001,62,60,89,93
-0.19989999999999999,58,60,99,93
-0.20080000000000001,62,60,95,93
-0.20169999999999999,56,60,80,93
-0.2026,60,58,84,84
-0.20350000000000001,58,58,92,84
-0.2044,64,58,97,84
-0.20530000000000001,60,58,96,84
-0.20619999999999999,58,60,93,85
-0.20710000000000001,56,60,90,85
-0.20799999999999999,60,60,95,85
-0.2089,56,60,86,85
-0.20980000000000001,58,60,93,93
-0.2107,60,60,92,93
-0.21160000000000001,58,60,91,93
-0.21249999999999999,54,60,81,93
-0.21340000000000001,60,62,83,90
-0.21429999999999999,62,62,95,90
-0.2152,60,62,92,90
-0.21610000000000001,56,62,89,90
-0.217,56,62,82,86
-0.21790000000000001,62,62,96,86
-0.21879999999999999,60,62,96,86
-0.21970000000000001,58,62,90,86
-0.22059999999999999,60,60,90,91
-0.2215,64,60,98,91
-0.22240000000000001,60,60,94,91
-0.2233,60,60,93,93
-0.22420000000000001,60,60,97,93
-0.22509999999999999,58,60,87,93
-0.22600000000000001,60,60,90,93
-0.22689999999999999,60,60,87,93
-0.2278,60,58,95,94
-0.22870000000000001,62,58,96,94
-0.2296,60,58,93,94
-0.23050000000000001,56,58,84,92
-0.23139999999999999,62,58,92,92
-0.23230000000000001,56,58,88,92
-0.23319999999999999,62,58,101,92
-0.2341,60,58,90,92
-0.23500000000000001,62,60,92,93
-0.2359,60,60,88,93
-0.23680000000000001,60,62,98,89
-0.23769999999999999,60,62,89,89
-0.23860000000000001,62,62,101,89
-0.23949999999999999,60,62,93,89
-0.2404,60,62,89,89
-0.24130000000000001,56,62,85,89
-0.2422,54,62,83,92
-0.24310000000000001,58,62,95,92
-0.24399999999999999,58,60,88,88
-0.24490000000000001,62,60,93,88
-0.24579999999999999,56,60,89,88
-0.2467,62,60,98,88
-0.24760000000000001,62,60,93,88
-0.2485,60,60,91,88
-0.24940000000000001,62,56,90,86
-0.25030000000000002,56,56,91,86
-0.25119999999999998,60,60,94,96
-0.25209999999999999,58,60,84,96
-0.253,60,60,86,96
-0.25390000000000001,62,60,94,96
-0.25480000000000003,58,60,86,96
-0.25569999999999998,62,62,98,92
-0.25659999999999999,62,62,92,92
-0.25750000000000001,60,62,93,92
-0.25840000000000002,60,62,95,100
-0.25929999999999997,60,62,97,100
-0.26019999999999999,60,62,89,100
-0.2611,62,62,92,100
-0.26200000000000001,58,62,91,100
-0.26290000000000002,62,56,92,78
-0.26379999999999998,58,56,81,78
-0.26469999999999999,58,56,90,78
-0.2656,62,62,92,96
-0.26650000000000001,60,62,95,96
-0.26740000000000003,60,62,96,96
-0.26829999999999998,62,62,88,96
-0.26919999999999999,60,62,96,96
-0.27010000000000001,60,58,95,90
-0.27100000000000002,58,58,93,90
-0.27189999999999998,60,60,89,95
-0.27279999999999999,60,60,89,95
-0.2737,60,60,93,95
-0.27460000000000001,62,60,93,95
-0.27550000000000002,58,60,93,95
-0.27639999999999998,64,60,94,95
-0.27729999999999999,64,60,89,95
-0.2782,60,56,87,87
-0.27910000000000001,60,62,89,97
-0.28000000000000003,56,62,78,97
-0.28089999999999998,60,62,97,97
-0.28179999999999999,60,62,97,97
-0.28270000000000001,58,62,89,97
-0.28360000000000002,60,62,95,97
-0.28449999999999998,56,62,86,93
-0.28539999999999999,62,62,91,93
-0.2863,56,56,88,82
-0.28720000000000001,60,56,88,82
-0.28810000000000002,58,56,93,82
-0.28899999999999998,60,56,88,82
-0.28989999999999999,60,56,91,82
-0.2908,62,56,90,82
-0.29170000000000001,60,60,92,86
-0.29260000000000003,62,62,91,95
-0.29349999999999998,60,62,98,95
-0.2944,62,62,92,95
-0.29530000000000001,62,62,93,95
-0.29620000000000002,60,62,98,95
-0.29709999999999998,60,62,93,95
-0.29799999999999999,60,62,90,95
-0.2989,60,62,95,98
-0.29980000000000001,62,52,87,76
-0.30070000000000002,60,52,92,76
-0.30159999999999998,58,52,91,76
-0.30249999999999999,62,52,85,76
-0.3034,60,52,91,76
-0.30430000000000001,56,52,85,76
-0.30520000000000003,60,52,87,76
-0.30609999999999998,60,54,98,82
-0.307,62,60,90,92
-0.30790000000000001,56,60,84,92
-0.30880000000000002,62,60,97,92
-0.30969999999999998,60,60,90,92
-0.31059999999999999,60,60,89,92
-0.3115,60,60,94,92
-0.31240000000000001,62,62,92,93
-0.31330000000000002,56,60,83,102
-0.31419999999999998,60,60,86,102
-0.31509999999999999,60,60,93,102
-0.316,60,60,92,102
-0.31690000000000002,60,60,89,102
-0.31780000000000003,60,60,87,102
-0.31869999999999998,60,60,90,102
-0.3196,56,62,83,92
-0.32050000000000001,58,64,91,98
-0.32140000000000002,60,64,83,98
-0.32229999999999998,58,64,90,98
-0.32319999999999999,60,64,86,98
-0.3241,62,64,101,98
-0.32500000000000001,60,64,93,98
-0.32590000000000002,60,64,92,98
-0.32679999999999998,60,64,89,98
-0.32769999999999999,56,60,93,92
-0.3286,62,60,96,92
-0.32950000000000002,58,60,92,92
-0.33040000000000003,60,60,93,92
-0.33129999999999998,62,60,92,92
-0.3322,52,60,80,92
-0.33310000000000001,58,60,93,92
-0.33400000000000002,58,60,86,92
-0.33489999999999998,58,60,95,94
-0.33579999999999999,60,60,91,94
-0.3367,60,60,97,94
-0.33760000000000001,60,60,98,94
-0.33850000000000002,58,60,90,94
-0.33939999999999998,60,60,91,94
-0.34029999999999999,60,60,98,94
-0.3412,56,60,89,98
-0.34210000000000002,64,62,107,101
-0.34299999999999997,62,62,95,101
-0.34389999999999998,56,62,83,101
-0.3448,60,62,90,101
-0.34570000000000001,60,62,82,101
-0.34660000000000002,60,62,86,101
-0.34749999999999998,60,62,90,101
-0.34839999999999999,60,62,86,95
-0.3493,60,62,91,95
-0.35020000000000001,62,62,97,95
-0.35110000000000002,62,62,88,95
-0.35199999999999998,60,62,95,95
-0.35289999999999999,60,62,89,95
-0.3538,56,62,89,95
-0.35470000000000002,60,62,95,95
-0.35559999999999997,60,56,92,95
-0.35649999999999998,62,56,97,95
-0.3574,60,56,86,95
-0.35830000000000001,60,56,88,95
-0.35920000000000002,60,56,94,95
-0.36009999999999998,58,56,89,95
-0.36099999999999999,60,56,92,95
-0.3619,60,56,92,95
-0.36280000000000001,60,60,90,95
-0.36370000000000002,60,60,98,95
-0.36459999999999998,60,60,89,95
-0.36549999999999999,60,60,98,95
-0.3664,60,60,86,95
-0.36730000000000002,60,60,94,95
-0.36819999999999997,60,60,92,95
-0.36909999999999998,62,64,88,96
-0.37,60,64,92,96
-0.37090000000000001,62,64,92,96
-0.37180000000000002,58,64,89,96
-0.37269999999999998,54,64,85,96
-0.37359999999999999,60,64,94,96
-0.3745,60,64,91,96
-0.37540000000000001,62,64,94,96
-0.37630000000000002,52,64,85,96
-0.37719999999999998,60,56,91,78
-0.37809999999999999,60,56,92,78
-0.379,58,56,91,78
-0.37990000000000002,60,56,84,78
-0.38079999999999997,62,56,90,78
-0.38169999999999998,58,56,88,78
-0.3826,62,56,98,78
-0.38350000000000001,62,60,89,87
-0.38440000000000002,56,60,89,87
-0.38529999999999998,56,60,80,87
-0.38619999999999999,62,60,95,87
-0.3871,60,60,93,87
-0.38800000000000001,62,60,92,87
-0.38890000000000002,56,60,82,87
-0.38979999999999998,62,60,96,87
-0.39069999999999999,60,60,86,87
-0.3916,58,58,89,87
-0.39250000000000002,60,58,90,87
-0.39339999999999997,58,58,90,87
-0.39429999999999998,60,58,97,87
-0.3952,62,58,98,87
-0.39610000000000001,58,58,95,87
-0.39700000000000002,60,58,86,87
-0.39789999999999998,58,58,88,95
-0.39879999999999999,54,58,78,95
-0.3997,62,58,91,95
-0.40060000000000001,60,58,93,95
-0.40150000000000002,64,58,99,95
-0.40239999999999998,62,58,90,95
-0.40329999999999999,62,58,93,95
-0.4042,60,58,96,95
-0.40510000000000002,56,58,88,92
-0.40599999999999997,60,58,91,92
-0.40689999999999998,60,58,89,92
-0.4078,58,58,84,92
-0.40870000000000001,56,58,84,92
-0.40960000000000002,58,58,85,92
-0.41049999999999998,60,58,86,92
-0.41139999999999999,60,60,88,85
-0.4123,56,60,89,85
-0.41320000000000001,62,60,98,85
-0.41410000000000002,60,60,85,85
-0.41499999999999998,60,60,85,85
-0.41589999999999999,60,60,83,85
-0.4168,58,60,92,85
-0.41770000000000002,58,60,86,85
-0.41859999999999997,60,60,97,85
-0.41949999999999998,62,60,95,93
-0.4204,60,60,89,93
-0.42130000000000001,60,60,91,93
-0.42220000000000002,60,60,93,93
-0.42309999999999998,58,60,97,93
-0.42399999999999999,62,60,95,93
-0.4249,60,60,84,86
-0.42580000000000001,64,60,100,86
-0.42670000000000002,58,60,88,86
-0.42759999999999998,62,60,90,86
-0.42849999999999999,62,60,104,86
-0.4294,62,60,90,86
-0.43030000000000002,64,60,93,86
-0.43119999999999997,60,60,91,86
-0.43209999999999998,58,60,92,86
-0.433,60,60,85,86
-0.43390000000000001,62,54,100,76
-0.43480000000000002,58,54,96,76
-0.43569999999999998,62,54,90,76
-0.43659999999999999,62,54,86,76
-0.4375,60,54,95,76
-0.43840000000000001,62,54,93,76
-0.43930000000000002,60,62,92,97
-0.44019999999999998,58,62,92,97
-0.44109999999999999,62,62,91,97
-0.442,60,62,95,97
-0.44290000000000002,60,62,91,97
-0.44379999999999997,58,62,89,97
-0.44469999999999998,62,62,97,97
-0.4456,62,62,93,97
-0.44650000000000001,62,62,91,97
-0.44740000000000002,60,62,102,97
-0.44829999999999998,62,60,94,95
-0.44919999999999999,60,60,94,95
-0.4501,60,60,93,95
-0.45100000000000001,62,60,88,95
-0.45189999999999997,62,60,96,95
-0.45279999999999998,62,60,94,88
-0.45369999999999999,62,60,95,88
-0.4546,62,60,91,88
-0.45550000000000002,62,60,93,88
-0.45639999999999997,58,60,91,88
-0.45729999999999998,58,60,94,88
-0.4582,60,60,89,88
-0.45910000000000001,60,60,86,88
-0.46000000000000002,62,60,100,88
-0.46089999999999998,62,60,96,88
-0.46179999999999999,60,60,88,88
-0.4627,58,60,92,90
-0.46360000000000001,60,60,88,90
-0.46449999999999997,58,60,92,90
-0.46539999999999998,60,60,93,90
-0.46629999999999999,60,60,89,90
-0.4672,60,62,91,93
-0.46810000000000002,58,62,90,93
-0.46899999999999997,58,62,91,93
-0.46989999999999998,62,62,97,93
-0.4708,60,62,93,93
-0.47170000000000001,60,62,91,93
-0.47260000000000002,60,62,92,93
-0.47349999999999998,58,62,84,93
-0.47439999999999999,62,62,97,93
-0.4753,58,62,98,93
-0.47620000000000001,60,64,91,102
-0.47709999999999997,58,64,86,102
-0.47799999999999998,62,64,89,102
-0.47889999999999999,60,64,92,102
-0.4798,62,64,90,102
-0.48070000000000002,60,62,96,99
-0.48159999999999997,58,62,80,99
-0.48249999999999998,60,62,93,99
-0.4834,58,62,89,99
-0.48430000000000001,60,62,81,99
-0.48520000000000002,62,62,92,99
-0.48609999999999998,62,62,98,99
-0.48699999999999999,60,62,88,99
-0.4879,62,62,104,99
-0.48880000000000001,60,62,93,99
-0.48969999999999997,62,62,96,99
-0.49059999999999998,60,62,92,92
-0.49149999999999999,60,62,95,92
-0.4924,60,62,88,92
-0.49330000000000002,60,62,95,92
-0.49419999999999997,60,62,91,92
-0.49509999999999998,58,60,86,91
-0.496,60,60,100,91
-0.49690000000000001,54,60,78,91
-0.49780000000000002,62,60,96,91
-0.49869999999999998,56,60,86,91
-0.49959999999999999,62,60,95,91
-0.50049999999999994,60,48,93,78
-0.50139999999999996,62,48,97,78
-0.50229999999999997,60,48,96,78
-0.50319999999999998,62,48,90,78
-0.50409999999999999,60,48,95,78
-0.505,58,48,94,78
-0.50590000000000002,60,46,96,69
-0.50680000000000003,58,46,85,69
-0.50770000000000004,56,46,84,69
-0.50859999999999994,62,46,100,69
-0.50949999999999995,62,46,99,69
-0.51039999999999996,60,46,100,69
-0.51129999999999998,62,46,103,69
-0.51219999999999999,60,46,88,69
-0.5131,62,48,92,73
-0.51400000000000001,60,50,91,76
-0.51490000000000002,60,50,91,76
-0.51580000000000004,62,50,87,76
-0.51670000000000005,60,50,83,76
-0.51759999999999995,58,50,85,76
-0.51849999999999996,58,50,87,76
-0.51939999999999997,58,50,86,76
-0.52029999999999998,62,50,100,76
-0.5212,62,50,95,76
-0.52210000000000001,60,50,93,76
-0.52300000000000002,60,50,91,76
-0.52390000000000003,58,48,87,76
-0.52480000000000004,62,48,89,76
-0.52569999999999995,60,48,89,76
-0.52659999999999996,62,48,97,76
-0.52749999999999997,56,48,78,76
-0.52839999999999998,60,48,92,76
-0.52929999999999999,60,48,90,76
-0.5302,62,48,98,76
-0.53110000000000002,60,48,95,76
-0.53200000000000003,62,48,92,76
-0.53290000000000004,58,48,87,76
-0.53379999999999994,62,48,94,76
-0.53469999999999995,62,50,96,74
-0.53559999999999997,60,50,91,74
-0.53649999999999998,56,50,83,74
-0.53739999999999999,58,50,92,74
-0.5383,60,50,97,74
-0.53920000000000001,62,50,103,74
-0.54010000000000002,62,50,91,74
-0.54100000000000004,60,50,84,74
-0.54190000000000005,58,50,90,74
-0.54279999999999995,60,50,97,74
-0.54369999999999996,58,50,87,74
-0.54459999999999997,58,50,88,74
-0.54549999999999998,60,48,98,81
-0.5464,62,48,93,81
-0.54730000000000001,60,48,97,81
-0.54820000000000002,60,48,98,81
-0.54910000000000003,60,48,95,81
-0.55000000000000004,58,48,90,81
-0.55089999999999995,60,48,87,81
-0.55179999999999996,62,48,90,81
-0.55269999999999997,60,48,91,81
-0.55359999999999998,60,48,92,81
-0.55449999999999999,62,48,98,81
-0.5554,56,50,87,82
-0.55630000000000002,62,50,88,82
-0.55720000000000003,58,50,85,82
-0.55810000000000004,58,50,83,82
-0.55899999999999994,56,50,86,82
-0.55989999999999995,62,50,100,82
-0.56079999999999997,62,50,89,82
-0.56169999999999998,62,50,95,82
-0.56259999999999999,62,50,97,82
-0.5635,58,50,85,82
-0.56440000000000001,60,50,91,82
-0.56530000000000002,60,50,95,82
-0.56620000000000004,60,50,93,82
-0.56709999999999994,62,48,93,75
-0.56799999999999995,60,48,89,75
-0.56889999999999996,62,48,98,75
-0.56979999999999997,62,48,93,75
-0.57069999999999999,60,48,93,75
-0.5716,58,48,87,75
-0.57250000000000001,60,48,99,75
-0.57340000000000002,60,48,94,75
-0.57430000000000003,60,48,96,75
-0.57520000000000004,58,48,87,75
-0.57609999999999995,60,48,88,75
-0.57699999999999996,56,52,82,86
-0.57789999999999997,56,52,95,86
-0.57879999999999998,60,52,89,86
-0.57969999999999999,60,52,91,86
-0.5806,56,52,82,86
-0.58150000000000002,56,52,87,86
-0.58240000000000003,58,52,102,86
-0.58330000000000004,60,52,86,86
-0.58419999999999994,60,52,102,86
-0.58509999999999995,60,52,92,86
-0.58599999999999997,60,52,88,86
-0.58689999999999998,62,52,92,86
-0.58779999999999999,58,50,93,76
-0.5887,62,50,91,76
-0.58960000000000001,54,50,85,76
-0.59050000000000002,62,50,95,76
-0.59140000000000004,60,50,92,76
-0.59229999999999994,60,50,94,76
-0.59319999999999995,62,50,95,76
-0.59409999999999996,60,50,84,76
-0.59499999999999997,62,42,93,67
-0.59589999999999999,60,42,88,67
-0.5968,62,42,102,67
-0.59770000000000001,62,42,98,67
-0.59860000000000002,60,42,98,67
-0.59950000000000003,58,42,85,67
-0.60040000000000004,56,42,85,67
-0.60129999999999995,60,42,94,67
-0.60219999999999996,62,42,100,67
-0.60309999999999997,62,42,93,67
-0.60399999999999998,58,42,92,67
-0.60489999999999999,52,42,76,67
-0.60580000000000001,62,42,102,67
-0.60670000000000002,62,46,91,75
-0.60760000000000003,60,46,95,75
-0.60850000000000004,62,46,93,75
-0.60939999999999994,60,46,93,75
-0.61029999999999995,60,46,91,75
-0.61119999999999997,54,46,82,75
-0.61209999999999998,60,46,95,75
-0.61299999999999999,62,46,92,75
-0.6139,58,46,86,75
-0.61480000000000001,62,46,96,75
-0.61570000000000003,62,48,98,78
-0.61660000000000004,62,48,85,78
-0.61749999999999994,62,48,90,78
-0.61839999999999995,60,48,92,78
-0.61929999999999996,62,48,97,78
-0.62019999999999997,56,48,82,78
-0.62109999999999999,60,48,93,78
-0.622,60,48,94,78
-0.62290000000000001,58,48,96,78
-0.62380000000000002,62,48,93,78
-0.62470000000000003,60,48,89,78
-0.62560000000000004,62,48,93,78
-0.62649999999999995,62,48,91,78
-0.62739999999999996,60,48,99,78
-0.62829999999999997,62,50,96,76
-0.62919999999999998,62,50,94,76
-0.63009999999999999,58,50,90,76
-0.63100000000000001,54,50,88,76
-0.63190000000000002,54,50,84,76
-0.63280000000000003,60,50,102,76
-0.63370000000000004,60,50,87,76
-0.63459999999999994,60,50,95,76
-0.63549999999999995,56,50,85,76
-0.63639999999999997,56,50,84,86
-0.63729999999999998,58,50,86,86
-0.63819999999999999,62,50,95,86
-0.6391,62,50,95,86
-0.64000000000000001,62,50,92,86
-0.64090000000000003,62,50,92,86
-0.64180000000000004,62,50,95,86
-0.64269999999999994,58,50,92,86
-0.64359999999999995,62,50,95,86
-0.64449999999999996,60,50,92,86
-0.64539999999999997,56,50,84,86
-0.64629999999999999,60,50,88,86
-0.6472,64,50,98,86
-0.64810000000000001,60,50,93,86
-0.64900000000000002,60,50,98,86
-0.64990000000000003,56,48,85,72
-0.65080000000000005,62,48,95,72
-0.65169999999999995,56,48,87,72
-0.65259999999999996,60,48,94,72
-0.65349999999999997,62,48,92,72
-0.65439999999999998,60,48,97,72
-0.65529999999999999,60,48,99,72
-0.65620000000000001,60,48,92,72
-0.65710000000000002,60,48,90,72
-0.65800000000000003,60,50,90,79
-0.65890000000000004,56,50,86,79
-0.65979999999999994,60,50,96,79
-0.66069999999999995,60,50,91,79
-0.66159999999999997,60,50,92,79
-0.66249999999999998,62,50,98,79
-0.66339999999999999,60,50,90,79
-0.6643,60,50,93,79
-0.66520000000000001,60,50,93,79
-0.66610000000000003,60,50,97,79
-0.66700000000000004,62,50,90,79
-0.66789999999999994,62,50,97,79
-0.66879999999999995,60,50,88,79
-0.66969999999999996,60,50,97,79
-0.67059999999999997,56,52,84,82
-0.67149999999999999,62,52,96,82
-0.6724,62,52,100,82
-0.67330000000000001,58,52,91,82
-0.67420000000000002,62,52,98,82
-0.67510000000000003,60,52,94,82
-0.67599999999999993,60,46,92,73
-0.67689999999999995,56,46,87,73
-0.67779999999999996,58,46,88,73
-0.67869999999999997,60,46,92,73
-0.67959999999999998,60,46,93,73
-0.68049999999999999,60,46,93,73
-0.68140000000000001,58,46,91,73
-0.68230000000000002,60,46,98,73
-0.68320000000000003,62,46,96,73
-0.68410000000000004,64,46,98,73
-0.68499999999999994,62,46,101,73
-0.68589999999999995,62,46,95,73
-0.68679999999999997,54,46,77,73
-0.68769999999999998,58,46,94,73
-0.68859999999999999,62,46,105,73
-0.6895,62,44,101,68
-0.69040000000000001,58,44,88,68
-0.69130000000000003,62,44,96,68
-0.69220000000000004,60,44,90,68
-0.69309999999999994,58,44,87,68
-0.69399999999999995,60,44,91,68
-0.69489999999999996,60,44,93,68
-0.69579999999999997,58,44,85,68
-0.69669999999999999,62,48,95,83
-0.6976,60,48,89,83
-0.69850000000000001,60,48,96,83
-0.69940000000000002,62,48,94,83
-0.70030000000000003,60,48,97,83
-0.70119999999999993,60,48,94,83
-0.70209999999999995,62,48,100,83
-0.70299999999999996,62,48,95,83
-0.70389999999999997,60,48,89,83
-0.70479999999999998,62,48,97,83
-0.70569999999999999,62,48,93,83
-0.70660000000000001,58,48,94,83
-0.70750000000000002,60,48,89,83
-0.70840000000000003,58,48,89,83
-0.70930000000000004,60,48,88,83
-0.71019999999999994,60,48,84,83
-0.71109999999999995,54,48,86,78
-0.71199999999999997,60,48,92,78
-0.71289999999999998,60,48,93,78
-0.71379999999999999,60,48,93,78
-0.7147,60,48,90,78
-0.71560000000000001,62,48,100,78
-0.71650000000000003,60,48,90,78
-0.71740000000000004,56,46,95,70
-0.71829999999999994,60,46,87,70
-0.71919999999999995,64,46,103,70
-0.72009999999999996,60,46,93,70
-0.72099999999999997,60,46,88,70
-0.72189999999999999,62,46,96,70
-0.7228,60,46,93,70
-0.72370000000000001,60,46,95,70
-0.72460000000000002,58,46,83,70
-0.72550000000000003,58,46,85,70
-0.72639999999999993,60,46,97,70
-0.72729999999999995,58,46,94,70
-0.72819999999999996,58,46,88,70
-0.72909999999999997,62,46,91,70
-0.72999999999999998,60,46,90,70
-0.73089999999999999,60,46,95,70
-0.73180000000000001,60,46,92,70
-0.73270000000000002,58,46,81,71
-0.73360000000000003,62,46,98,71
-0.73450000000000004,56,46,89,71
-0.73539999999999994,58,46,91,71
-0.73629999999999995,60,46,93,71
-0.73719999999999997,58,46,91,71
-0.73809999999999998,62,46,87,71
-0.73899999999999999,62,50,92,80
-0.7399,60,50,91,80
-0.74080000000000001,60,50,89,80
-0.74170000000000003,60,50,93,80
-0.74260000000000004,58,50,92,80
-0.74349999999999994,62,50,101,80
-0.74439999999999995,62,50,97,80
-0.74529999999999996,64,50,96,80
-0.74619999999999997,60,50,90,80
-0.74709999999999999,60,50,92,80
-0.748,60,50,90,80
-0.74890000000000001,62,50,95,80
-0.74980000000000002,62,50,99,80
-0.75070000000000003,60,50,87,80
-0.75159999999999993,62,50,89,80
-0.75249999999999995,62,50,100,80
-0.75339999999999996,62,50,97,75
-0.75429999999999997,56,50,85,75
-0.75519999999999998,62,50,89,75
-0.75609999999999999,62,50,94,75
-0.75700000000000001,60,54,90,84
-0.75790000000000002,60,54,91,84
-0.75880000000000003,60,54,89,84
-0.75970000000000004,56,54,78,84
-0.76059999999999994,62,54,93,84
-0.76149999999999995,60,54,96,84
-0.76239999999999997,56,54,85,84
-0.76329999999999998,62,54,95,84
-0.76419999999999999,58,54,89,84
-0.7651,62,54,94,84
-0.76600000000000001,62,54,90,84
-0.76690000000000003,58,54,85,84
-0.76780000000000004,60,54,96,84
-0.76869999999999994,60,54,81,84
-0.76959999999999995,60,54,97,84
-0.77049999999999996,62,54,90,84
-0.77139999999999997,56,54,80,84
-0.77229999999999999,60,50,87,76
-0.7732,60,50,87,76
-0.77410000000000001,60,50,87,76
-0.77500000000000002,56,50,87,76
-0.77590000000000003,62,50,96,76
-0.77679999999999993,60,50,96,76
-0.77769999999999995,62,50,94,78
-0.77859999999999996,60,50,90,78
-0.77949999999999997,60,50,85,78
-0.78039999999999998,60,50,96,78
-0.78129999999999999,62,50,96,78
-0.78220000000000001,62,50,97,78
-0.78310000000000002,62,50,95,78
-0.78400000000000003,62,50,97,78
-0.78490000000000004,60,50,94,78
-0.78579999999999994,58,50,87,78
-0.78669999999999995,60,50,97,78
-0.78759999999999997,58,50,87,78
-0.78849999999999998,60,50,91,78
-0.78939999999999999,60,50,92,78
-0.7903,62,50,91,78
-0.79120000000000001,60,50,92,78
-0.79210000000000003,60,50,88,78
-0.79300000000000004,60,50,94,78
-0.79389999999999994,62,52,96,81
-0.79479999999999995,60,52,91,81
-0.79569999999999996,60,52,87,81
-0.79659999999999997,60,52,85,81
-0.79749999999999999,60,52,90,81
-0.7984,60,52,92,81
-0.79930000000000001,60,50,94,75
-0.80020000000000002,62,50,92,75
-0.80110000000000003,60,50,88,75
-0.80199999999999994,58,50,95,75
-0.80289999999999995,60,50,87,75
-0.80379999999999996,62,50,88,75
-0.80469999999999997,60,50,91,75
-0.80559999999999998,56,50,88,75
-0.80649999999999999,60,50,95,75
-0.80740000000000001,60,50,91,75
-0.80830000000000002,60,50,97,75
-0.80920000000000003,62,50,97,75
-0.81009999999999993,62,50,96,75
-0.81099999999999994,60,50,96,75
-0.81189999999999996,60,50,90,75
-0.81279999999999997,56,50,86,75
-0.81369999999999998,60,50,86,75
-0.81459999999999999,56,50,84,79
-0.8155,58,50,92,79
-0.81640000000000001,60,50,90,79
-0.81730000000000003,58,50,91,79
-0.81820000000000004,58,50,91,79
-0.81909999999999994,60,50,89,79
-0.81999999999999995,62,44,97,70
-0.82089999999999996,60,44,89,70
-0.82179999999999997,58,44,86,70
-0.82269999999999999,60,44,96,70
-0.8236,62,44,95,70
-0.82450000000000001,58,44,94,70
-0.82540000000000002,60,44,101,70
-0.82630000000000003,62,44,97,70
-0.82719999999999994,60,44,96,70
-0.82809999999999995,60,44,91,70
-0.82899999999999996,60,44,92,70
-0.82989999999999997,60,44,85,70
-0.83079999999999998,56,44,79,70
-0.83169999999999999,60,44,87,70
-0.83260000000000001,60,44,94,70
-0.83350000000000002,62,44,95,70
-0.83440000000000003,62,44,90,70
-0.83529999999999993,62,44,91,70
-0.83619999999999994,54,50,82,79
-0.83709999999999996,62,50,89,79
-0.83799999999999997,62,52,92,81
-0.83889999999999998,60,52,89,81
-0.83979999999999999,60,52,95,81
-0.8407,58,52,82,81
-0.84160000000000001,60,52,87,81
-0.84250000000000003,58,52,80,81
-0.84340000000000004,60,52,93,81
-0.84429999999999994,58,52,88,81
-0.84519999999999995,58,52,90,81
-0.84609999999999996,62,52,94,81
-0.84699999999999998,58,52,94,81
-0.84789999999999999,58,52,95,81
-0.8488,62,52,87,81
-0.84970000000000001,60,52,83,81
-0.85060000000000002,60,52,99,81
-0.85150000000000003,60,52,92,81
-0.85239999999999994,60,52,98,81
-0.85329999999999995,62,52,95,81
-0.85419999999999996,58,52,90,81
-0.85509999999999997,60,46,91,71
-0.85599999999999998,60,46,86,71
-0.8569,60,46,93,71
-0.85780000000000001,60,46,86,71
-0.85870000000000002,60,52,97,85
-0.85960000000000003,60,52,91,85
-0.86049999999999993,56,52,85,85
-0.86139999999999994,60,52,94,85
-0.86229999999999996,62,52,97,85
-0.86319999999999997,60,52,93,85
-0.86409999999999998,60,52,85,85
-0.86499999999999999,60,52,93,85
-0.8659,58,52,85,85
-0.86680000000000001,64,52,103,85
-0.86770000000000003,56,52,81,85
-0.86860000000000004,60,52,94,85
-0.86949999999999994,60,52,93,85
-0.87039999999999995,58,52,92,85
-0.87129999999999996,60,52,95,85
-0.87219999999999998,54,52,76,85
-0.87309999999999999,62,52,90,85
-0.874,60,52,95,85
-0.87490000000000001,62,52,98,85
-0.87580000000000002,60,52,94,85
-0.87670000000000003,58,50,90,75
-0.87759999999999994,62,50,98,75
-0.87849999999999995,60,50,102,75
-0.87939999999999996,62,50,97,75
-0.88029999999999997,62,52,91,78
-0.88119999999999998,60,52,84,78
-0.8821,62,52,88,78
-0.88300000000000001,58,52,85,78
-0.88390000000000002,60,52,89,78
-0.88480000000000003,56,52,90,78
-0.88569999999999993,62,52,97,78
-0.88659999999999994,62,52,97,78
-0.88749999999999996,60,52,92,78
-0.88839999999999997,58,52,85,78
-0.88929999999999998,62,52,100,78
-0.89019999999999999,62,52,89,78
-0.8911,62,52,93,78
-0.89200000000000002,60,52,95,78
-0.89290000000000003,60,52,95,78
-0.89380000000000004,60,52,96,78
-0.89469999999999994,62,52,98,78
-0.89559999999999995,62,52,97,78
-0.89649999999999996,60,52,85,78
-0.89739999999999998,58,48,85,74
-0.89829999999999999,62,48,94,74
-0.8992,62,48,92,74
-0.90010000000000001,60,48,95,74
-0.90100000000000002,62,52,89,78
-0.90190000000000003,62,52,92,78
-0.90279999999999994,60,52,94,78
-0.90369999999999995,60,52,91,78
-0.90459999999999996,58,52,85,78
-0.90549999999999997,62,52,91,78
-0.90639999999999998,58,52,86,78
-0.9073,60,52,90,78
-0.90820000000000001,62,52,100,78
-0.90910000000000002,58,52,87,78
-0.91000000000000003,60,52,98,78
-0.91089999999999993,60,52,92,78
-0.91179999999999994,62,52,97,78
-0.91269999999999996,58,52,95,78
-0.91359999999999997,60,52,89,78
-0.91449999999999998,60,52,88,78
-0.91539999999999999,60,52,87,78
-0.9163,60,52,85,78
-0.91720000000000002,60,52,89,78
-0.91810000000000003,62,52,92,78
-0.91899999999999993,60,52,89,80
-0.91989999999999994,60,52,89,80
-0.92079999999999995,58,52,86,80
-0.92169999999999996,60,52,98,80
-0.92259999999999998,58,52,87,80
-0.92349999999999999,60,52,89,80
-0.9244,60,52,95,80
-0.92530000000000001,62,52,95,80
-0.92620000000000002,60,52,93,80
-0.92710000000000004,60,52,90,80
-0.92799999999999994,60,52,90,80
-0.92889999999999995,58,52,92,80
-0.92979999999999996,60,52,90,80
-0.93069999999999997,56,52,92,80
-0.93159999999999998,60,52,86,80
-0.9325,58,52,86,80
-0.93340000000000001,62,52,96,80
-0.93430000000000002,58,52,89,80
-0.93520000000000003,56,52,80,80
-0.93609999999999993,60,52,92,80
-0.93699999999999994,60,52,95,80
-0.93789999999999996,60,50,93,73
-0.93879999999999997,62,50,92,73
-0.93969999999999998,62,48,96,76
-0.94059999999999999,58,48,84,76
-0.9415,60,48,92,76
-0.94240000000000002,62,48,93,76
-0.94330000000000003,58,48,85,76
-0.94419999999999993,58,48,93,76
-0.94509999999999994,58,48,84,76
-0.94599999999999995,62,48,87,76
-0.94689999999999996,60,48,98,76
-0.94779999999999998,62,48,95,76
-0.94869999999999999,60,48,92,76
-0.9496,54,48,90,76
-0.95050000000000001,58,48,88,76
-0.95140000000000002,60,48,92,76
-0.95230000000000004,62,48,89,76
-0.95319999999999994,60,48,94,76
-0.95409999999999995,62,48,94,76
-0.95499999999999996,60,48,94,76
-0.95589999999999997,64,48,102,76
-0.95679999999999998,60,48,89,76
-0.9577,62,48,94,76
-0.95860000000000001,60,48,87,76
-0.95950000000000002,62,52,102,79
-0.96040000000000003,60,52,87,79
-0.96129999999999993,58,50,90,73
-0.96219999999999994,60,50,101,73
-0.96309999999999996,60,50,85,73
-0.96399999999999997,58,50,80,73
-0.96489999999999998,52,50,78,73
-0.96579999999999999,60,50,88,73
-0.9667,62,50,97,73
-0.96760000000000002,62,50,92,73
-0.96850000000000003,62,50,96,73
-0.96939999999999993,62,50,96,73
-0.97029999999999994,62,50,99,73
-0.97119999999999995,60,50,90,73
-0.97209999999999996,60,50,89,73
-0.97299999999999998,60,50,94,73
-0.97389999999999999,62,50,100,73
-0.9748,62,50,97,73
-0.97570000000000001,60,50,101,73
-0.97660000000000002,58,50,92,73
-0.97750000000000004,62,50,88,73
-0.97839999999999994,58,50,87,73
-0.97929999999999995,56,50,81,73
-0.98019999999999996,60,48,89,72
-0.98109999999999997,60,48,94,72
-0.98199999999999998,58,52,89,87
-0.9829,58,52,89,87
-0.98380000000000001,58,52,94,87
-0.98470000000000002,62,52,92,87
-0.98560000000000003,56,52,93,87
-0.98649999999999993,60,52,95,87
-0.98739999999999994,60,52,95,87
-0.98829999999999996,60,52,95,87
-0.98919999999999997,62,52,101,87
-0.99009999999999998,58,52,86,87
-0.99099999999999999,62,52,97,87
-0.9919,62,52,96,87
-0.99280000000000002,62,52,96,87
-0.99370000000000003,62,52,90,87
-0.99459999999999993,60,52,94,87
-0.99549999999999994,60,52,90,87
-0.99639999999999995,60,52,88,87
-0.99729999999999996,58,52,82,87
-0.99819999999999998,60,52,89,87
-0.99909999999999999,60,52,91,87
0.01,74,70,115,113
0.01009,68,70,102,113
0.01018,72,70,111,106
0.01027,70,70,108,106
0.010359999999999999,72,70,117,108
0.010450000000000001,72,70,114,108
0.010540000000000001,78,70,122,102
0.010630000000000001,72,70,110,102
0.01072,68,70,97,105
0.01081,68,70,106,111
0.0109,68,70,98,111
0.01099,72,70,107,111
0.01108,68,68,102,102
0.011170000000000001,72,64,110,101
0.011260000000000001,70,64,107,101
0.011350000000000001,70,64,110,101
0.011440000000000001,70,66,111,100
0.01153,68,68,114,101
0.01162,70,68,100,101
0.01171,70,68,107,101
0.0118,70,68,106,105
0.01189,70,70,106,108
0.011980000000000001,70,70,101,108
0.012070000000000001,70,70,99,108
0.012160000000000001,68,66,105,106
0.01225,70,68,115,107
0.01234,72,68,105,107
0.01243,72,72,112,113
0.01252,72,72,107,113
0.01261,72,70,106,111
0.012700000000000001,70,70,104,111
0.012790000000000001,72,72,110,109
0.012880000000000001,70,72,105,109
0.012970000000000001,68,68,106,102
0.01306,66,68,101,102
0.01315,68,70,105,104
0.01324,70,70,111,101
0.01333,70,70,106,101
0.01342,68,70,103,101
0.013510000000000001,68,72,109,120
0.013600000000000001,72,66,113,101
0.013690000000000001,68,66,105,101
0.013780000000000001,68,66,110,101
0.01387,70,72,107,110
0.01396,72,70,104,114
0.01405,70,70,105,114
0.01414,72,70,112,114
0.014230000000000001,70,70,113,101
0.014320000000000001,70,68,114,109
0.014410000000000001,70,68,96,109
0.014500000000000001,72,68,109,109
0.014590000000000001,72,70,107,112
0.01468,70,66,109,104
0.01477,68,66,108,104
0.01486,70,66,106,104
0.01495,72,70,117,110
0.015040000000000001,70,70,113,97
0.015130000000000001,70,70,106,97
0.015220000000000001,70,70,102,97
0.015310000000000001,70,72,105,103
0.0154,72,68,113,109
0.01549,70,68,105,109
0.01558,72,68,111,109
0.01567,72,68,111,104
0.01576,68,72,111,112
0.01585,70,72,109,112
0.015939999999999999,74,72,110,112
0.016029999999999999,70,68,114,107
0.016119999999999999,70,70,103,102
0.016210000000000002,70,70,110,102
0.016300000000000002,70,70,103,102
0.016390000000000002,68,74,98,120
0.016480000000000002,70,74,111,120
0.016570000000000001,72,74,106,120
0.016660000000000001,72,74,107,120
0.016750000000000001,72,72,110,107
0.016840000000000001,68,72,100,107
0.016930000000000001,68,72,103,107
0.01702,70,72,104,107
0.01711,72,70,110,106
0.0172,72,70,112,106
0.01729,70,70,103,106
0.01738,72,70,107,106
0.017469999999999999,72,72,116,111
0.017559999999999999,72,72,108,111
0.017649999999999999,68,72,98,111
0.017740000000000002,70,72,110,111
0.017830000000000002,70,72,106,110
0.017920000000000002,70,72,111,110
0.018010000000000002,72,72,110,110
0.018100000000000002,70,68,111,110
0.018190000000000001,70,68,104,110
0.018280000000000001,70,68,110,110
0.018370000000000001,70,68,107,110
0.018460000000000001,72,72,114,103
0.018550000000000001,74,72,116,103
0.01864,70,72,111,103
0.01873,68,72,112,103
0.01882,72,66,104,104
0.01891,70,66,111,104
0.019,68,66,104,104
0.019089999999999999,72,66,116,104
0.019179999999999999,70,66,109,104
0.019270000000000002,72,70,107,104
0.019360000000000002,70,70,113,104
0.019450000000000002,68,70,103,104
0.019540000000000002,68,72,106,113
0.019630000000000002,72,72,118,113
0.019720000000000001,72,72,106,113
0.019810000000000001,70,72,102,113
0.019900000000000001,72,70,111,102
0.019990000000000001,70,70,108,102
0.020080000000000001,70,70,113,102
0.02017,70,70,99,102
0.02026,72,72,110,111
0.02035,72,72,104,111
0.02044,70,72,106,111
0.02053,68,72,105,111
0.020619999999999999,70,70,98,101
0.020709999999999999,70,70,108,101
0.020800000000000003,70,70,108,101
0.020890000000000002,70,70,110,101
0.020980000000000002,74,70,114,106
0.021070000000000002,70,70,104,106
0.021160000000000002,70,70,102,106
0.021250000000000002,70,70,109,106
0.021340000000000001,70,68,105,98
0.021430000000000001,70,68,105,98
0.021520000000000001,68,68,104,98
0.021610000000000001,70,68,112,98
0.021700000000000001,72,70,112,113
0.02179,70,70,111,113
0.02188,70,70,103,113
0.02197,72,70,115,113
0.02206,68,68,98,106
0.02215,68,68,102,106
0.022239999999999999,68,68,106,106
0.022330000000000003,68,72,103,113
0.022420000000000002,72,72,106,113
0.022510000000000002,64,72,101,113
0.022600000000000002,70,72,109,113
0.022690000000000002,70,72,107,113
0.022780000000000002,68,70,101,114
0.022870000000000001,66,70,100,114
0.022960000000000001,68,70,110,114
0.023050000000000001,68,68,98,102
0.023140000000000001,72,68,115,102
0.023230000000000001,68,68,101,102
0.02332,64,68,94,102
0.02341,70,68,103,102
0.0235,70,70,104,108
0.02359,68,70,105,108
0.02368,72,70,107,113
0.023769999999999999,72,70,112,113
0.023860000000000003,70,70,110,113
0.023950000000000003,70,70,108,113
0.024040000000000002,70,70,106,113
0.024130000000000002,70,70,103,113
0.024220000000000002,66,72,106,115
0.024310000000000002,68,72,101,115
0.024400000000000002,70,70,101,104
0.024490000000000001,66,70,103,104
0.024580000000000001,68,70,107,104
0.024670000000000001,72,70,108,104
0.024760000000000001,70,70,103,104
0.024850000000000001,72,70,111,104
0.02494,72,70,113,108
0.02503,66,70,104,108
0.02512,66,70,95,112
0.02521,68,70,101,112
0.0253,70,70,111,112
0.025390000000000003,66,70,98,112
0.025480000000000003,72,70,115,112
0.025570000000000002,70,68,105,104
0.025660000000000002,72,68,109,104
0.025750000000000002,70,68,108,104
0.025840000000000002,68,72,102,109
0.025930000000000002,70,72,108,109
0.026020000000000001,68,72,102,109
0.026110000000000001,70,72,110,109
0.026200000000000001,68,72,103,109
0.026290000000000001,70,70,113,106
0.026380000000000001,70,70,104,106
0.02647,74,70,110,106
0.02656,72,70,108,115
0.02665,68,70,103,115
0.02674,70,70,101,115
0.02683,70,70,110,115
0.026920000000000003,66,70,102,115
0.027010000000000003,72,72,120,106
0.027100000000000003,70,72,108,106
0.027190000000000002,72,72,111,107
0.027280000000000002,72,72,116,107
0.027370000000000002,66,72,101,107
0.027460000000000002,70,72,103,107
0.027550000000000002,68,72,103,107
0.027640000000000001,72,72,108,107
0.027730000000000001,72,72,110,107
0.027820000000000001,70,70,104,107
0.027910000000000001,70,72,104,105
0.028000000000000001,68,72,102,105
0.02809,70,72,114,105
0.02818,70,72,103,105
0.02827,72,72,111,105
0.02836,68,72,110,105
0.028450000000000003,70,72,101,110
0.028540000000000003,70,72,105,110
0.028630000000000003,72,68,101,107
0.028720000000000002,68,68,99,107
0.028810000000000002,68,68,109,107
0.028900000000000002,70,68,105,107
0.028990000000000002,72,68,116,107
0.029080000000000002,68,68,103,107
0.029170000000000001,70,72,112,114
0.029260000000000001,72,70,110,109
0.029350000000000001,72,70,111,109
0.029440000000000001,70,70,104,109
0.029530000000000001,66,70,104,109
0.02962,70,70,113,109
0.02971,70,70,105,109
0.0298,70,70,104,109
0.02989,70,72,110,112
0.029980000000000003,68,72,93,111
0.030070000000000003,68,72,105,111
0.030160000000000003,66,72,98,111
0.030250000000000003,70,72,97,111
0.030340000000000002,70,72,110,111
0.030430000000000002,70,72,111,111
0.030520000000000002,74,72,111,111
0.030610000000000002,72,72,103,116
0.030700000000000002,72,70,110,104
0.030790000000000001,70,70,102,104
0.030880000000000001,70,70,107,104
0.030970000000000001,68,70,109,104
0.031060000000000001,70,70,112,104
0.031150000000000001,70,70,104,104
0.03124,70,72,105,115
0.031330000000000004,68,64,104,93
0.031420000000000003,64,64,98,93
0.031510000000000003,72,64,117,93
0.031600000000000003,70,64,107,93
0.031690000000000003,72,64,112,93
0.031780000000000003,70,64,114,93
0.031870000000000002,70,64,112,93
0.031960000000000002,72,70,113,111
0.032050000000000002,68,72,107,115
0.032140000000000002,70,72,106,115
0.032230000000000002,72,72,111,115
0.032320000000000002,72,72,113,115
0.032410000000000001,70,72,102,115
0.032500000000000001,72,72,112,115
0.032590000000000001,70,72,107,115
0.032680000000000001,64,72,98,115
0.032770000000000001,68,66,96,100
0.03286,62,66,92,100
0.03295,72,66,113,100
0.03304,74,66,120,100
0.03313,66,66,104,100
0.03322,66,66,108,100
0.033309999999999999,72,66,117,100
0.033399999999999999,70,66,113,100
0.033489999999999999,68,70,102,112
0.033579999999999999,66,70,102,112
0.033669999999999999,70,70,109,112
0.033759999999999998,72,70,107,112
0.033850000000000005,72,70,114,112
0.033940000000000005,72,70,111,112
0.034030000000000005,70,70,111,112
0.034120000000000004,66,64,94,101
0.034210000000000004,72,68,111,104
0.034300000000000004,70,68,104,104
0.034390000000000004,68,68,105,104
0.034480000000000004,70,68,106,104
0.034570000000000004,66,68,102,104
0.034660000000000003,72,68,109,104
0.034750000000000003,72,68,115,104
0.034840000000000003,68,66,104,105
0.034930000000000003,70,66,108,105
0.035020000000000003,68,66,104,105
0.035110000000000002,70,66,107,105
0.035200000000000002,72,66,111,105
0.035290000000000002,72,66,102,105
0.035380000000000002,72,66,113,105
0.035470000000000002,70,66,111,105
0.035560000000000001,70,70,106,110
0.035650000000000001,66,70,108,110
0.035740000000000001,70,70,108,110
0.035830000000000001,72,70,110,110
0.035920000000000001,70,70,100,110
0.03601,72,70,108,110
0.0361,70,70,111,110
0.03619,72,70,109,110
0.03628,72,72,109,110
0.03637,70,72,104,110
0.036459999999999999,70,72,109,110
0.036549999999999999,68,72,110,110
0.036639999999999999,70,72,98,110
0.036729999999999999,70,72,106,110
0.036819999999999999,72,72,103,110
0.036910000000000005,66,72,99,116
0.037000000000000005,72,72,103,116
0.037090000000000005,70,72,108,116
0.037180000000000005,68,72,107,116
0.037270000000000005,72,72,103,116
0.037360000000000004,76,72,110,116
0.037450000000000004,72,72,116,116
0.037540000000000004,66,72,100,116
0.037630000000000004,70,72,110,116
0.037720000000000004,70,72,106,107
0.037810000000000003,70,72,106,107
0.037900000000000003,70,72,103,107
0.037990000000000003,66,72,104,107
0.038080000000000003,72,72,107,107
0.038170000000000003,72,72,109,107
0.038260000000000002,66,72,94,107
0.038350000000000002,70,70,112,108
0.038440000000000002,72,70,110,108
0.038530000000000002,70,70,114,108
0.038620000000000002,70,70,104,108
0.038710000000000001,72,70,111,108
0.038800000000000001,66,70,108,108
0.038890000000000001,72,70,112,108
0.038980000000000001,70,70,113,108
0.039070000000000001,72,70,115,108
0.03916,70,68,105,106
0.03925,70,68,113,106
0.03934,72,68,113,106
0.03943,70,68,103,106
0.03952,70,68,103,106
0.039609999999999999,72,68,106,106
0.039699999999999999,68,68,102,106
0.039789999999999999,70,72,112,115
0.039879999999999999,70,72,102,115
0.039970000000000006,72,72,114,115
0.040060000000000005,70,72,102,115
0.040150000000000005,70,72,104,115
0.040240000000000005,66,72,97,115
0.040330000000000005,70,72,112,115
0.040420000000000005,70,72,97,115
0.040510000000000004,70,70,108,114
0.040600000000000004,68,70,107,114
0.040690000000000004,74,70,119,114
0.040780000000000004,72,70,111,114
0.040870000000000004,70,70,103,114
0.040960000000000003,68,70,107,114
0.041050000000000003,68,70,106,114
0.041140000000000003,70,68,112,105
0.041230000000000003,70,68,117,105
0.041320000000000003,70,68,101,105
0.041410000000000002,72,68,116,105
0.041500000000000002,70,68,101,105
0.041590000000000002,72,68,108,105
0.041680000000000002,66,68,101,105
0.041770000000000002,72,68,113,105
0.041860000000000001,70,68,108,105
0.041950000000000001,68,70,102,100
0.042040000000000001,70,70,104,100
0.042130000000000001,72,70,108,100
0.042220000000000001,70,70,106,100
0.04231,70,70,106,100
0.0424,70,70,106,100
0.04249,72,68,119,107
0.04258,66,68,101,107
0.04267,72,68,109,107
0.042759999999999999,68,68,107,107
0.042849999999999999,70,68,113,107
0.042939999999999999,68,68,98,107
0.043030000000000006,68,68,99,107
0.043120000000000006,68,68,112,107
0.043210000000000005,72,68,111,107
0.043300000000000005,70,68,105,107
0.043390000000000005,72,72,113,113
0.043480000000000005,70,72,105,113
0.043570000000000005,72,72,114,113
0.043660000000000004,70,72,113,113
0.043750000000000004,68,72,105,113
0.043840000000000004,70,72,111,113
0.043930000000000004,72,70,105,109
0.044020000000000004,72,70,108,109
0.044110000000000003,70,70,108,109
0.044200000000000003,58,70,89,109
0.044290000000000003,68,70,106,109
0.044380000000000003,72,70,101,109
0.044470000000000003,72,70,105,109
0.044560000000000002,72,70,111,109
0.044650000000000002,72,70,108,109
0.044740000000000002,70,70,102,109
0.044830000000000002,72,70,109,107
0.044920000000000002,70,70,114,107
0.045010000000000001,72,70,113,107
0.045100000000000001,70,70,108,107
0.045190000000000001,72,70,112,107
0.045280000000000001,72,66,107,100
0.045370000000000001,68,66,98,100
0.04546,66,66,93,100
0.04555,68,66,107,100
0.04564,70,66,105,100
0.04573,70,66,114,100
0.04582,72,66,108,100
0.045909999999999999,70,66,109,100
0.045999999999999999,68,66,102,100
0.046089999999999999,68,66,100,100
0.046180000000000006,68,66,103,100
0.046270000000000006,70,70,108,104
0.046360000000000005,70,70,110,104
0.046450000000000005,68,70,102,104
0.046540000000000005,74,70,120,104
0.046630000000000005,68,70,109,104
0.046720000000000005,72,68,109,101
0.046810000000000004,74,68,106,101
0.046900000000000004,70,68,114,101
0.046990000000000004,68,68,106,101
0.047080000000000004,70,68,108,101
0.047170000000000004,70,68,108,101
0.047260000000000003,70,68,106,101
0.047350000000000003,70,68,107,101
0.047440000000000003,70,68,101,101
0.047530000000000003,72,68,112,101
0.047620000000000003,72,68,105,108
0.047710000000000002,72,68,112,108
0.047800000000000002,70,68,113,108
0.047890000000000002,66,68,106,108
0.047980000000000002,70,68,104,108
0.048070000000000002,70,72,107,113
0.048160000000000001,72,72,114,113
0.048250000000000001,72,72,110,113
0.048340000000000001,70,72,116,113
0.048430000000000001,70,72,107,113
0.048520000000000001,72,72,115,113
0.04861,66,72,102,113
0.0487,70,72,103,113
0.04879,72,72,107,113
0.04888,72,72,114,113
0.04897,68,72,108,113
0.049059999999999999,72,72,103,110
0.049149999999999999,72,72,121,110
0.049240000000000006,70,72,104,110
0.049330000000000006,70,72,108,110
0.049420000000000006,72,72,110,110
0.049510000000000005,70,70,104,114
0.049600000000000005,68,70,102,114
0.049690000000000005,70,70,109,114
0.049780000000000005,70,70,103,114
0.049870000000000005,70,70,108,114
0.049960000000000004,68,70,108,114
0.050050000000000004,68,60,93,96
0.050140000000000004,72,60,107,96
0.050230000000000004,72,60,109,96
0.050320000000000004,70,60,111,96
0.050410000000000003,74,60,113,96
0.050500000000000003,70,60,106,96
0.050590000000000003,70,60,112,102
0.050680000000000003,68,60,105,102
0.050770000000000003,78,60,116,102
0.050860000000000002,72,62,111,94
0.050950000000000002,72,62,103,94
0.051040000000000002,72,62,107,94
0.051130000000000002,72,62,105,94
0.051220000000000002,70,62,104,94
0.051310000000000001,68,62,104,94
0.051400000000000001,70,62,100,94
0.051490000000000001,64,62,96,94
0.051580000000000001,70,62,108,94
0.051670000000000001,72,62,104,94
0.05176,70,62,101,94
0.05185,72,62,113,94
0.05194,72,60,105,91
0.05203,72,60,109,91
0.05212,70,60,110,91
0.052209999999999999,70,60,111,91
0.052300000000000006,70,60,107,91
0.052390000000000006,70,60,111,91
0.052480000000000006,70,60,104,91
0.052570000000000006,72,60,111,91
0.052660000000000005,78,60,110,93
0.052750000000000005,70,60,106,93
0.052840000000000005,72,60,116,93
0.052930000000000005,70,60,100,93
0.053020000000000005,68,60,106,93
0.053110000000000004,72,60,107,93
0.053200000000000004,66,60,92,93
0.053290000000000004,70,60,97,93
0.053380000000000004,70,60,107,93
0.053470000000000004,70,60,115,93
0.053560000000000003,70,60,103,93
0.053650000000000003,70,60,109,93
0.053740000000000003,70,60,104,93
0.053830000000000003,70,60,108,93
0.053920000000000003,68,60,108,93
0.054010000000000002,70,60,104,93
0.054100000000000002,72,60,108,93
0.054190000000000002,72,60,106,93
0.054280000000000002,66,60,108,93
0.054370000000000002,64,60,102,93
0.054460000000000001,72,56,103,87
0.054550000000000001,72,56,110,87
0.054640000000000001,72,56,108,87
0.054730000000000001,68,56,106,87
0.054820000000000001,70,56,117,87
0.05491,72,56,107,87
0.055,72,56,114,87
0.05509,64,56,91,87
0.05518,70,56,106,87
0.05527,70,56,103,87
0.055360000000000006,74,56,119,87
0.055450000000000006,70,56,111,87
0.055540000000000006,70,56,107,88
0.055630000000000006,66,56,100,88
0.055720000000000006,70,56,104,88
0.055810000000000005,70,56,108,88
0.055900000000000005,68,56,105,88
0.055990000000000005,70,56,112,88
0.056080000000000005,70,56,100,88
0.056170000000000005,70,56,108,88
0.056260000000000004,72,58,105,88
0.056350000000000004,70,58,106,88
0.056440000000000004,66,58,107,88
0.056530000000000004,72,58,121,88
0.056620000000000004,70,58,105,88
0.056710000000000003,70,58,112,88
0.056800000000000003,70,58,110,88
0.056890000000000003,70,58,110,88
0.056980000000000003,72,58,110,88
0.057070000000000003,70,58,99,88
0.057160000000000002,70,58,110,88
0.057250000000000002,72,58,107,88
0.057340000000000002,72,58,109,92
0.057430000000000002,70,58,102,92
0.057520000000000002,68,58,112,92
0.057610000000000001,68,58,105,92
0.057700000000000001,68,58,107,92
0.057790000000000001,70,58,103,92
0.057880000000000001,68,58,100,92
0.057970000000000001,70,58,106,92
0.05806,70,60,111,92
0.05815,68,60,104,92
0.05824,68,60,113,92
0.05833,72,60,114,92
0.058420000000000007,72,60,108,92
0.058510000000000006,70,60,108,92
0.058600000000000006,68,60,114,92
0.058690000000000006,72,60,113,92
0.058780000000000006,74,60,104,92
0.058870000000000006,70,60,104,92
0.058960000000000005,70,60,108,92
0.059050000000000005,70,60,109,92
0.059140000000000005,72,60,109,92
0.059230000000000005,72,60,108,99
0.059320000000000005,70,60,111,99
0.059410000000000004,72,60,109,99
0.059500000000000004,68,60,98,99
0.059590000000000004,70,60,108,99
0.059680000000000004,66,60,100,99
0.059770000000000004,72,62,112,95
0.059860000000000003,72,62,109,95
0.059950000000000003,72,62,109,95
0.060040000000000003,70,62,107,95
0.060130000000000003,72,62,107,95
0.060220000000000003,70,62,112,95
0.060310000000000002,70,62,104,95
0.060400000000000002,70,62,102,95
0.060490000000000002,72,62,111,95
0.060580000000000002,70,62,100,95
0.060670000000000002,70,62,103,95
0.060760000000000002,70,62,107,95
0.060850000000000001,72,62,114,95
0.060940000000000001,70,62,100,95
0.061030000000000001,68,58,100,91
0.061120000000000001,72,58,116,91
0.061210000000000001,72,58,107,91
0.0613,72,58,114,91
0.06139,68,58,104,91
0.061480000000000007,70,58,112,91
0.061570000000000007,68,60,106,99
0.061660000000000006,70,60,106,99
0.061750000000000006,70,60,106,99
0.061840000000000006,70,60,104,99
0.061930000000000006,66,60,103,99
0.062020000000000006,68,60,100,99
0.062110000000000005,70,60,110,99
0.062200000000000005,66,60,105,99
0.062290000000000005,68,60,101,99
0.062380000000000005,72,60,109,99
0.062470000000000005,72,60,109,99
0.062560000000000004,72,60,115,99
0.062649999999999997,70,60,110,99
0.062740000000000004,70,60,103,99
0.062829999999999997,72,60,110,92
0.062920000000000004,70,60,112,92
0.06301000000000001,70,60,111,92
0.063100000000000003,70,60,103,92
0.06319000000000001,70,60,106,92
0.063280000000000003,64,60,93,92
0.06337000000000001,70,58,97,93
0.063460000000000003,70,58,107,93
0.063550000000000009,70,58,103,93
0.063640000000000002,70,58,96,93
0.063730000000000009,70,58,110,93
0.063820000000000002,68,58,108,93
0.063910000000000008,68,58,102,93
0.064000000000000001,70,58,111,93
0.064090000000000008,70,58,106,93
0.064180000000000001,70,58,108,93
0.064270000000000008,70,58,109,93
0.064360000000000001,70,58,115,93
0.064450000000000007,70,58,109,93
0.06454,70,58,106,93
0.064630000000000007,70,62,106,97
0.06472,72,60,115,95
0.064810000000000006,70,60,110,95
0.064899999999999999,70,60,113,95
0.064990000000000006,70,60,100,95
0.065079999999999999,72,60,111,95
0.065170000000000006,70,60,105,95
0.065259999999999999,62,60,100,95
0.065350000000000005,68,60,104,95
0.065439999999999998,68,60,101,95
0.065530000000000005,72,60,103,95
0.065619999999999998,64,60,95,95
0.065710000000000005,70,60,107,95
0.065799999999999997,70,60,105,95
0.065890000000000004,68,60,108,95
0.065979999999999997,70,60,107,92
0.066070000000000004,72,60,106,92
0.06616000000000001,66,60,100,92
0.066250000000000003,70,60,106,92
0.06634000000000001,72,60,107,92
0.066430000000000003,72,60,114,92
0.06652000000000001,70,58,109,89
0.066610000000000003,74,58,107,89
0.066700000000000009,72,58,109,89
0.066790000000000002,72,58,108,89
0.066880000000000009,72,58,109,89
0.066970000000000002,72,58,113,89
0.067060000000000008,72,58,114,89
0.067150000000000001,72,58,107,89
0.067240000000000008,70,58,107,89
0.067330000000000001,70,58,108,89
0.067420000000000008,72,58,102,89
0.067510000000000001,70,58,112,89
0.067600000000000007,72,58,104,89
0.06769,68,58,109,89
0.067780000000000007,66,60,104,82
0.06787,68,60,101,82
0.067960000000000007,70,60,95,82
0.068049999999999999,68,60,109,82
0.068140000000000006,72,60,109,82
0.068229999999999999,64,60,101,91
0.068320000000000006,68,60,101,91
0.068409999999999999,70,60,106,91
0.068500000000000005,70,60,114,91
0.068589999999999998,68,60,108,91
0.068680000000000005,70,60,113,91
0.068769999999999998,68,60,100,91
0.068860000000000005,70,60,110,91
0.068949999999999997,68,60,104,91
0.069040000000000004,70,60,107,91
0.069129999999999997,72,60,108,91
0.069220000000000004,72,60,111,91
0.06931000000000001,70,60,109,91
0.069400000000000003,70,60,109,91
0.06949000000000001,70,60,112,91
0.069580000000000003,68,60,102,91
0.06967000000000001,70,62,97,95
0.069760000000000003,70,62,110,95
0.069850000000000009,72,62,107,95
0.069940000000000002,64,62,101,95
0.070030000000000009,72,60,109,96
0.070120000000000002,68,60,100,96
0.070210000000000009,70,60,107,96
0.070300000000000001,66,60,105,96
0.070390000000000008,72,60,113,96
0.070480000000000001,70,60,111,96
0.070570000000000008,70,60,101,96
0.070660000000000001,72,60,106,96
0.070750000000000007,68,60,99,96
0.07084,70,60,108,96
0.070930000000000007,70,60,109,96
0.07102,68,60,105,96
0.071110000000000007,70,60,108,96
0.071199999999999999,70,60,104,96
0.071290000000000006,68,60,105,96
0.071379999999999999,66,60,106,96
0.071470000000000006,72,62,107,95
0.071559999999999999,70,62,106,95
0.071650000000000005,70,62,108,95
0.071739999999999998,70,62,110,95
0.071830000000000005,72,60,106,91
0.071919999999999998,70,60,101,91
0.072010000000000005,72,60,102,91
0.072099999999999997,72,60,106,91
0.072190000000000004,72,60,108,91
0.072280000000000011,70,60,115,91
0.072370000000000004,70,60,103,91
0.072460000000000011,72,60,110,91
0.072550000000000003,70,60,109,91
0.07264000000000001,70,60,116,91
0.072730000000000003,72,60,115,91
0.07282000000000001,72,60,116,91
0.072910000000000003,68,60,99,91
0.073000000000000009,66,60,99,91
0.073090000000000002,72,60,110,91
0.073180000000000009,68,60,115,91
0.073270000000000002,72,64,112,96
0.073360000000000009,72,64,111,96
0.073450000000000001,70,64,111,96
0.073540000000000008,68,64,106,96
0.073630000000000001,70,60,112,94
0.073720000000000008,72,60,109,94
0.073810000000000001,70,60,100,94
0.073900000000000007,68,60,102,94
0.07399,70,60,106,94
0.074080000000000007,72,60,110,94
0.07417,70,60,103,94
0.074260000000000007,72,60,108,94
0.074349999999999999,70,60,107,94
0.074440000000000006,72,60,108,94
0.074529999999999999,72,60,116,94
0.074620000000000006,68,60,109,94
0.074709999999999999,72,60,110,94
0.074800000000000005,68,60,96,94
0.074889999999999998,70,60,115,94
0.074980000000000005,68,60,113,94
0.075069999999999998,72,60,113,96
0.075160000000000005,66,60,97,96
0.075249999999999997,72,60,111,96
0.075340000000000004,70,60,114,96
0.075430000000000011,68,60,104,93
0.075520000000000004,68,60,100,93
0.075610000000000011,70,60,107,93
0.075700000000000003,72,60,109,93
0.07579000000000001,64,60,102,93
0.075880000000000003,74,60,116,93
0.07597000000000001,72,60,107,93
0.076060000000000003,72,60,108,93
0.076150000000000009,72,60,104,93
0.076240000000000002,68,60,100,93
0.076330000000000009,72,60,110,93
0.076420000000000002,68,60,104,93
0.076510000000000009,72,60,113,93
0.076600000000000001,70,60,104,93
0.076690000000000008,72,60,114,93
0.076780000000000001,72,60,108,93
0.076870000000000008,72,60,112,86
0.076960000000000001,72,60,105,86
0.077050000000000007,76,60,112,86
0.07714,70,62,112,91
0.077230000000000007,72,62,117,91
0.07732,72,62,105,91
0.077410000000000007,70,62,108,91
0.077499999999999999,72,62,106,91
0.077590000000000006,68,62,102,91
0.077679999999999999,70,62,105,91
0.077770000000000006,70,62,108,91
0.077859999999999999,72,62,113,91
0.077950000000000005,72,62,109,91
0.078039999999999998,72,62,105,91
0.078130000000000005,68,62,104,91
0.078219999999999998,72,62,107,91
0.078310000000000005,68,62,109,91
0.078400000000000011,72,62,109,91
0.078490000000000004,72,62,109,91
0.078580000000000011,70,62,106,91
0.078670000000000004,74,62,117,91
0.078760000000000011,68,56,106,86
0.078850000000000003,72,56,110,86
0.07894000000000001,64,56,95,86
0.079030000000000003,72,56,103,86
0.07912000000000001,66,56,99,86
0.079210000000000003,68,56,108,86
0.079300000000000009,70,56,98,86
0.079390000000000002,68,56,104,86
0.079480000000000009,68,56,94,86
0.079570000000000002,70,56,112,86
0.079660000000000009,70,56,106,86
0.079750000000000001,72,56,107,86
0.079840000000000008,70,56,108,86
0.079930000000000001,70,56,105,86
0.080020000000000008,68,56,116,86
0.080110000000000001,72,60,108,95
0.080200000000000007,72,60,115,95
0.08029,68,60,100,97
0.080380000000000007,66,60,105,97
0.08047,70,60,99,97
0.080560000000000007,70,60,99,97
0.080649999999999999,74,60,112,97
0.080740000000000006,72,60,106,97
0.080829999999999999,70,60,110,97
0.080920000000000006,72,60,108,97
0.081009999999999999,70,60,109,97
0.081100000000000005,70,60,105,97
0.081189999999999998,70,60,106,97
0.081280000000000005,68,60,102,97
0.081369999999999998,68,60,103,97
0.081460000000000005,70,60,107,97
0.081550000000000011,70,60,114,97
0.081640000000000004,72,60,113,97
0.081730000000000011,68,60,102,97
0.081820000000000004,72,60,117,97
0.081910000000000011,70,62,106,91
0.082000000000000003,68,62,99,91
0.08209000000000001,70,62,105,101
0.082180000000000003,68,62,100,101
0.08227000000000001,70,62,105,101
0.082360000000000003,72,62,104,101
0.082450000000000009,68,62,104,101
0.082540000000000002,70,62,100,101
0.082630000000000009,68,62,103,101
0.082720000000000002,70,62,104,101
0.082810000000000009,66,62,97,101
0.082900000000000001,68,62,113,101
0.082990000000000008,68,62,105,101
0.083080000000000001,70,62,108,101
0.083170000000000008,70,62,106,101
0.083260000000000001,72,62,101,101
0.083350000000000007,72,62,116,101
0.08344,68,62,104,101
0.083530000000000007,72,62,107,101
0.08362,72,62,104,101
0.083710000000000007,70,62,110,89
0.083799999999999999,72,62,113,89
0.083890000000000006,70,60,112,94
0.083979999999999999,70,60,102,94
0.084070000000000006,68,60,101,94
0.084159999999999999,70,60,107,94
0.084250000000000005,70,60,100,94
0.084339999999999998,70,60,100,94
0.084430000000000005,70,60,100,94
0.084520000000000012,66,60,91,94
0.084610000000000005,70,60,109,94
0.084700000000000011,70,60,108,94
0.084790000000000004,66,60,100,94
0.084880000000000011,70,60,103,94
0.084970000000000004,68,60,103,94
0.085060000000000011,70,60,108,94
0.085150000000000003,66,60,99,94
0.08524000000000001,68,60,108,94
0.085330000000000003,66,60,97,94
0.08542000000000001,70,60,106,94
0.085510000000000003,68,62,110,97
0.085600000000000009,70,62,104,92
0.085690000000000002,68,62,105,92
0.085780000000000009,68,62,107,92
0.085870000000000002,66,62,98,92
0.085960000000000009,72,62,108,92
0.086050000000000001,74,62,108,92
0.086140000000000008,68,62,102,92
0.086230000000000001,72,62,105,92
0.086320000000000008,72,62,116,92
0.086410000000000001,74,62,113,92
0.086500000000000007,70,62,102,92
0.08659,70,62,107,92
0.086680000000000007,72,62,112,92
0.08677,70,62,107,92
0.086860000000000007,70,62,107,92
0.08695,68,62,99,92
0.087040000000000006,66,62,101,92
0.087129999999999999,70,62,103,92
0.087220000000000006,72,62,113,92
0.087309999999999999,68,62,101,92
0.087400000000000005,70,58,112,88
0.087489999999999998,68,58,102,88
0.087580000000000005,70,58,106,88
0.087670000000000012,68,58,102,88
0.087760000000000005,72,58,115,88
0.087850000000000011,68,58,107,88
0.087940000000000004,72,58,110,88
0.088030000000000011,68,58,101,88
0.088120000000000004,68,58,104,88
0.088210000000000011,70,58,105,88
0.088300000000000003,70,58,109,88
0.08839000000000001,70,58,101,88
0.088480000000000003,70,58,106,88
0.08857000000000001,72,58,117,88
0.088660000000000003,70,58,109,88
0.088750000000000009,72,58,111,88
0.088840000000000002,70,58,101,88
0.088930000000000009,68,58,99,88
0.089020000000000002,72,58,106,88
0.089110000000000009,72,58,109,88
0.089200000000000002,66,56,99,88
0.089290000000000008,70,56,102,88
0.089380000000000001,72,56,105,88
0.089470000000000008,66,56,104,88
0.089560000000000001,68,56,97,88
0.089650000000000007,72,56,111,88
0.08974,66,56,95,88
0.089830000000000007,70,56,103,88
0.08992,68,56,106,88
0.090010000000000007,70,56,107,88
0.0901,68,56,99,88
0.090190000000000006,70,56,112,88
0.090279999999999999,70,56,110,88
0.090370000000000006,70,56,104,88
0.090459999999999999,68,56,102,88
0.090550000000000005,66,56,106,88
0.090639999999999998,70,56,106,88
0.090730000000000005,68,56,97,88
0.090820000000000012,70,56,105,88
0.090910000000000005,70,56,102,88
0.091000000000000011,72,58,111,88
0.091090000000000004,72,58,108,88
0.091180000000000011,70,58,107,88
0.091270000000000004,68,58,110,88
0.091360000000000011,68,58,106,88
0.091450000000000004,66,58,100,88
0.09154000000000001,68,58,99,88
0.091630000000000003,68,58,112,88
0.09172000000000001,70,58,104,88
0.091810000000000003,64,58,99,88
0.091900000000000009,70,58,104,88
0.091990000000000002,70,58,110,88
0.092080000000000009,74,58,115,88
0.092170000000000002,72,58,112,88
0.092260000000000009,74,58,116,88
0.092350000000000002,70,58,102,88
0.092440000000000008,70,58,113,88
0.092530000000000001,70,58,107,88
0.092620000000000008,70,58,107,88
0.092710000000000001,70,58,109,88
0.092800000000000007,70,60,104,89
0.09289,62,60,97,89
0.092980000000000007,66,60,101,89
0.09307,72,60,112,89
0.093160000000000007,72,60,108,89
0.09325,70,60,104,89
0.093340000000000006,70,60,114,89
0.093429999999999999,70,60,109,89
0.093520000000000006,72,60,112,89
0.093609999999999999,70,60,103,89
0.093700000000000006,68,60,107,89
0.093790000000000012,70,60,111,89
0.093880000000000005,68,60,96,89
0.093970000000000012,70,60,98,89
0.094060000000000005,72,60,108,91
0.094150000000000011,72,60,110,91
0.094240000000000004,68,60,101,91
0.094330000000000011,70,60,103,91
0.094420000000000004,68,60,108,91
0.094510000000000011,70,60,109,91
0.094600000000000004,72,60,102,91
0.09469000000000001,70,60,106,91
0.094780000000000003,68,60,99,91
0.09487000000000001,70,60,105,91
0.094960000000000003,70,60,103,91
0.095050000000000009,70,60,111,91
0.095140000000000002,70,60,104,91
0.095230000000000009,62,60,99,91
0.095320000000000002,70,60,107,91
0.095410000000000009,70,60,106,91
0.095500000000000002,70,60,102,91
0.095590000000000008,68,60,108,91
0.095680000000000001,68,60,108,91
0.095770000000000008,66,60,105,91
0.095860000000000001,68,60,99,91
0.095950000000000008,70,60,99,91
0.09604,72,60,110,91
0.096130000000000007,70,60,107,91
0.09622,72,60,105,91
0.096310000000000007,70,60,112,91
0.0964,72,60,101,91
0.096490000000000006,70,60,111,91
0.096579999999999999,68,60,106,91
0.096670000000000006,68,60,101,91
0.096759999999999999,66,60,95,91
0.096850000000000006,68,60,101,91
0.096940000000000012,66,60,102,91
0.097030000000000005,72,60,113,91
0.097120000000000012,64,60,104,91
0.097210000000000005,72,60,113,91
0.097300000000000011,68,60,104,91
0.097390000000000004,68,60,107,91
0.097480000000000011,74,60,117,91
0.097570000000000004,70,60,114,91
0.097660000000000011,70,62,112,99
0.097750000000000004,72,62,102,99
0.09784000000000001,70,62,107,99
0.097930000000000003,70,62,107,99
0.09802000000000001,62,62,91,99
0.098110000000000003,72,62,115,99
0.09820000000000001,70,62,107,99
0.098290000000000002,70,62,103,99
0.098380000000000009,68,62,104,99
0.098470000000000002,72,62,110,99
0.098560000000000009,72,62,107,99
0.098650000000000002,70,62,110,99
0.098740000000000008,70,62,105,99
0.098830000000000001,74,62,122,99
0.098920000000000008,72,62,105,99
0.099010000000000001,70,62,113,99
0.099100000000000008,72,62,103,99
0.09919,70,62,109,99
0.099280000000000007,72,62,112,99
0.09937,70,62,106,99
0.099460000000000007,70,62,108,99
0.09955,72,62,106,99
0.099640000000000006,68,62,105,94
0.099729999999999999,72,62,104,94
0.099820000000000006,70,62,105,94
0.099910000000000013,70,62,114,94
-0.01,74,70,115,109
-0.01009,68,70,105,109
-0.01018,72,70,110,107
-0.01027,70,70,105,107
-0.010359999999999999,72,70,102,101
-0.010450000000000001,72,70,110,101
-0.010540000000000001,78,70,119,100
-0.010630000000000001,72,70,114,100
-0.01072,68,70,106,102
-0.01081,68,70,109,111
-0.0109,68,70,106,111
-0.01099,72,70,103,111
-0.01108,68,68,102,103
-0.011170000000000001,72,64,117,94
-0.011260000000000001,70,64,108,94
-0.011350000000000001,70,64,108,94
-0.011440000000000001,70,66,108,104
-0.01153,68,68,97,102
-0.01162,70,68,111,102
-0.01171,70,68,110,102
-0.0118,70,68,110,108
-0.01189,70,70,104,104
-0.011980000000000001,70,70,113,104
-0.012070000000000001,70,70,112,104
-0.012160000000000001,68,66,106,99
-0.01225,70,68,99,97
-0.01234,72,68,107,97
-0.01243,72,72,111,106
-0.01252,72,72,109,106
-0.01261,72,70,113,105
-0.012700000000000001,70,70,108,105
-0.012790000000000001,72,72,108,110
-0.012880000000000001,70,72,102,110
-0.012970000000000001,68,68,102,100
-0.01306,66,68,102,100
-0.01315,68,70,105,106
-0.01324,70,70,103,104
-0.01333,70,70,110,104
-0.01342,68,70,100,104
-0.013510000000000001,68,72,111,108
-0.013600000000000001,72,66,115,100
-0.013690000000000001,68,66,100,100
-0.013780000000000001,68,66,100,100
-0.01387,70,72,103,111
-0.01396,72,70,111,102
-0.01405,70,70,109,102
-0.01414,72,70,115,102
-0.014230000000000001,70,70,102,111
-0.014320000000000001,70,68,114,103
-0.014410000000000001,70,68,108,103
-0.014500000000000001,72,68,114,103
-0.014590000000000001,72,70,104,112
-0.01468,70,66,105,102
-0.01477,68,66,101,102
-0.01486,70,66,102,102
-0.01495,72,70,121,107
-0.015040000000000001,70,70,96,108
-0.015130000000000001,70,70,103,108
-0.015220000000000001,70,70,110,108
-0.015310000000000001,70,72,105,106
-0.0154,72,68,117,97
-0.01549,70,68,101,97
-0.01558,72,68,106,97
-0.01567,72,68,106,103
-0.01576,68,72,101,109
-0.01585,70,72,107,109
-0.015939999999999999,74,72,116,109
-0.016029999999999999,70,68,111,110
-0.016119999999999999,70,70,111,104
-0.016210000000000002,70,70,111,104
-0.016300000000000002,70,70,100,104
-0.016390000000000002,68,74,102,122
-0.016480000000000002,70,74,117,122
-0.016570000000000001,72,74,111,122
-0.016660000000000001,72,74,111,122
-0.016750000000000001,72,72,107,112
-0.016840000000000001,68,72,103,112
-0.016930000000000001,68,72,106,112
-0.01702,70,72,106,112
-0.01711,72,70,104,108
-0.0172,72,70,110,108
-0.01729,70,70,112,108
-0.01738,72,70,107,108
-0.017469999999999999,72,72,113,115
-0.017559999999999999,72,72,107,115
-0.017649999999999999,68,72,105,115
-0.017740000000000002,70,72,105,115
-0.017830000000000002,70,72,103,107
-0.017920000000000002,70,72,106,107
-0.018010000000000002,72,72,113,107
-0.018100000000000002,70,68,110,108
-0.018190000000000001,70,68,110,108
-0.018280000000000001,70,68,110,108
-0.018370000000000001,70,68,105,108
-0.018460000000000001,72,72,114,105
-0.018550000000000001,74,72,118,105
-0.01864,70,72,106,105
-0.01873,68,72,98,105
-0.01882,72,66,110,104
-0.01891,70,66,100,104
-0.019,68,66,104,104
-0.019089999999999999,72,66,110,104
-0.019179999999999999,70,66,106,104
-0.019270000000000002,72,70,113,112
-0.019360000000000002,70,70,100,112
-0.019450000000000002,68,70,107,112
-0.019540000000000002,68,72,105,110
-0.019630000000000002,72,72,109,110
-0.019720000000000001,72,72,105,110
-0.019810000000000001,70,72,114,110
-0.019900000000000001,72,70,113,107
-0.019990000000000001,70,70,107,107
-0.020080000000000001,70,70,109,107
-0.02017,70,70,101,107
-0.02026,72,72,108,113
-0.02035,72,72,111,113
-0.02044,70,72,107,113
-0.02053,68,72,107,113
-0.020619999999999999,70,70,101,110
-0.020709999999999999,70,70,111,110
-0.020800000000000003,70,70,101,110
-0.020890000000000002,70,70,111,110
-0.020980000000000002,74,70,123,104
-0.021070000000000002,70,70,112,104
-0.021160000000000002,70,70,100,104
-0.021250000000000002,70,70,106,104
-0.021340000000000001,70,68,114,96
-0.021430000000000001,70,68,102,96
-0.021520000000000001,68,68,96,96
-0.021610000000000001,70,68,108,96
-0.021700000000000001,72,70,110,101
-0.02179,70,70,111,101
-0.02188,70,70,109,101
-0.02197,72,70,111,101
-0.02206,68,68,102,104
-0.02215,68,68,103,104
-0.022239999999999999,68,68,104,104
-0.022330000000000003,68,72,105,116
-0.022420000000000002,72,72,111,116
-0.022510000000000002,64,72,94,116
-0.022600000000000002,70,72,103,116
-0.022690000000000002,70,72,102,116
-0.022780000000000002,68,70,106,113
-0.022870000000000001,66,70,104,113
-0.022960000000000001,68,70,104,113
-0.023050000000000001,68,68,101,99
-0.023140000000000001,72,68,109,99
-0.023230000000000001,68,68,102,99
-0.02332,64,68,103,99
-0.02341,70,68,107,99
-0.0235,70,70,106,108
-0.02359,68,70,108,108
-0.02368,72,70,120,103
-0.023769999999999999,72,70,121,103
-0.023860000000000003,70,70,110,103
-0.023950000000000003,70,70,104,103
-0.024040000000000002,70,70,113,103
-0.024130000000000002,70,70,100,103
-0.024220000000000002,66,72,99,108
-0.024310000000000002,68,72,103,108
-0.024400000000000002,70,70,106,111
-0.024490000000000001,66,70,106,111
-0.024580000000000001,68,70,97,111
-0.024670000000000001,72,70,107,111
-0.024760000000000001,70,70,100,111
-0.024850000000000001,72,70,103,111
-0.02494,72,70,106,106
-0.02503,66,70,102,106
-0.02512,66,70,99,110
-0.02521,68,70,105,110
-0.0253,70,70,105,110
-0.025390000000000003,66,70,100,110
-0.025480000000000003,72,70,118,110
-0.025570000000000002,70,68,110,98
-0.025660000000000002,72,68,110,98
-0.025750000000000002,70,68,113,98
-0.025840000000000002,68,72,105,116
-0.025930000000000002,70,72,105,116
-0.026020000000000001,68,72,100,116
-0.026110000000000001,70,72,105,116
-0.026200000000000001,68,72,99,116
-0.026290000000000001,70,70,111,108
-0.026380000000000001,70,70,106,108
-0.02647,74,70,116,108
-0.02656,72,70,114,104
-0.02665,68,70,100,104
-0.02674,70,70,104,104
-0.02683,70,70,105,104
-0.026920000000000003,66,70,99,104
-0.027010000000000003,72,72,108,112
-0.027100000000000003,70,72,101,112
-0.027190000000000002,72,72,114,111
-0.027280000000000002,72,72,113,111
-0.027370000000000002,66,72,100,111
-0.027460000000000002,70,72,113,111
-0.027550000000000002,68,72,104,111
-0.027640000000000001,72,72,113,111
-0.027730000000000001,72,72,111,111
-0.027820000000000001,70,70,110,107
-0.027910000000000001,70,72,107,108
-0.028000000000000001,68,72,105,108
-0.02809,70,72,102,108
-0.02818,70,72,111,108
-0.02827,72,72,113,108
-0.02836,68,72,102,108
-0.028450000000000003,70,72,111,107
-0.028540000000000003,70,72,111,107
-0.028630000000000003,72,68,111,109
-0.028720000000000002,68,68,109,109
-0.028810000000000002,68,68,103,109
-0.028900000000000002,70,68,103,109
-0.028990000000000002,72,68,108,109
-0.029080000000000002,68,68,104,109
-0.029170000000000001,70,72,112,112
-0.029260000000000001,72,70,106,109
-0.029350000000000001,72,70,113,109
-0.029440000000000001,70,70,113,109
-0.029530000000000001,66,70,102,109
-0.02962,70,70,107,109
-0.02971,70,70,102,109
-0.0298,70,70,109,109
-0.02989,70,72,107,110
-0.029980000000000003,68,72,105,105
-0.030070000000000003,68,72,103,105
-0.030160000000000003,66,72,97,105
-0.030250000000000003,70,72,108,105
-0.030340000000000002,70,72,107,105
-0.030430000000000002,70,72,109,105
-0.030520000000000002,74,72,112,105
-0.030610000000000002,72,72,106,112
-0.030700000000000002,72,70,109,108
-0.030790000000000001,70,70,110,108
-0.030880000000000001,70,70,116,108
-0.030970000000000001,68,70,97,108
-0.031060000000000001,70,70,110,108
-0.031150000000000001,70,70,104,108
-0.03124,70,72,105,108
-0.031330000000000004,68,64,103,93
-0.031420000000000003,64,64,95,93
-0.031510000000000003,72,64,110,93
-0.031600000000000003,70,64,104,93
-0.031690000000000003,72,64,109,93
-0.031780000000000003,70,64,107,93
-0.031870000000000002,70,64,100,93
-0.031960000000000002,72,70,116,111
-0.032050000000000002,68,72,110,113
-0.032140000000000002,70,72,110,113
-0.032230000000000002,72,72,113,113
-0.032320000000000002,72,72,110,113
-0.032410000000000001,70,72,104,113
-0.032500000000000001,72,72,108,113
-0.032590000000000001,70,72,103,113
-0.032680000000000001,64,72,102,113
-0.032770000000000001,68,66,96,107
-0.03286,62,66,94,107
-0.03295,72,66,105,107
-0.03304,74,66,122,107
-0.03313,66,66,98,107
-0.03322,66,66,106,107
-0.033309999999999999,72,66,101,107
-0.033399999999999999,70,66,106,107
-0.033489999999999999,68,70,112,105
-0.033579999999999999,66,70,105,105
-0.033669999999999999,70,70,103,105
-0.033759999999999998,72,70,112,105
-0.033850000000000005,72,70,113,105
-0.033940000000000005,72,70,110,105
-0.034030000000000005,70,70,108,105
-0.034120000000000004,66,64,104,97
-0.034210000000000004,72,68,108,101
-0.034300000000000004,70,68,116,101
-0.034390000000000004,68,68,103,101
-0.034480000000000004,70,68,108,101
-0.034570000000000004,66,68,97,101
-0.034660000000000003,72,68,109,101
-0.034750000000000003,72,68,116,101
-0.034840000000000003,68,66,101,99
-0.034930000000000003,70,66,107,99
-0.035020000000000003,68,66,100,99
-0.035110000000000002,70,66,104,99
-0.035200000000000002,72,66,115,99
-0.035290000000000002,72,66,107,99
-0.035380000000000002,72,66,104,99
-0.035470000000000002,70,66,113,99
-0.035560000000000001,70,70,114,99
-0.035650000000000001,66,70,108,99
-0.035740000000000001,70,70,102,99
-0.035830000000000001,72,70,107,99
-0.035920000000000001,70,70,110,99
-0.03601,72,70,114,99
-0.0361,70,70,107,99
-0.03619,72,70,112,99
-0.03628,72,72,105,113
-0.03637,70,72,108,113
-0.036459999999999999,70,72,109,113
-0.036549999999999999,68,72,108,113
-0.036639999999999999,70,72,112,113
-0.036729999999999999,70,72,107,113
-0.036819999999999999,72,72,107,113
-0.036910000000000005,66,72,103,105
-0.037000000000000005,72,72,102,105
-0.037090000000000005,70,72,112,105
-0.037180000000000005,68,72,102,105
-0.037270000000000005,72,72,105,105
-0.037360000000000004,76,72,121,105
-0.037450000000000004,72,72,107,105
-0.037540000000000004,66,72,100,105
-0.037630000000000004,70,72,108,105
-0.037720000000000004,70,72,112,102
-0.037810000000000003,70,72,108,102
-0.037900000000000003,70,72,101,102
-0.037990000000000003,66,72,104,102
-0.038080000000000003,72,72,108,102
-0.038170000000000003,72,72,117,102
-0.038260000000000002,66,72,101,102
-0.038350000000000002,70,70,101,107
-0.038440000000000002,72,70,110,107
-0.038530000000000002,70,70,108,107
-0.038620000000000002,70,70,112,107
-0.038710000000000001,72,70,116,107
-0.038800000000000001,66,70,99,107
-0.038890000000000001,72,70,113,107
-0.038980000000000001,70,70,105,107
-0.039070000000000001,72,70,107,107
-0.03916,70,68,109,106
-0.03925,70,68,111,106
-0.03934,72,68,110,106
-0.03943,70,68,107,106
-0.03952,70,68,106,106
-0.039609999999999999,72,68,112,106
-0.039699999999999999,68,68,108,106
-0.039789999999999999,70,72,101,118
-0.039879999999999999,70,72,109,118
-0.039970000000000006,72,72,119,118
-0.040060000000000005,70,72,107,118
-0.040150000000000005,70,72,102,118
-0.040240000000000005,66,72,97,118
-0.040330000000000005,70,72,106,118
-0.040420000000000005,70,72,106,118
-0.040510000000000004,70,70,108,110
-0.040600000000000004,68,70,98,110
-0.040690000000000004,74,70,112,110
-0.040780000000000004,72,70,113,110
-0.040870000000000004,70,70,103,110
-0.040960000000000003,68,70,104,110
-0.041050000000000003,68,70,101,110
-0.041140000000000003,70,68,106,101
-0.041230000000000003,70,68,102,101
-0.041320000000000003,70,68,101,101
-0.041410000000000002,72,68,105,101
-0.041500000000000002,70,68,110,101
-0.041590000000000002,72,68,113,101
-0.041680000000000002,66,68,101,101
-0.041770000000000002,72,68,115,101
-0.041860000000000001,70,68,109,101
-0.041950000000000001,68,70,110,112
-0.042040000000000001,70,70,108,112
-0.042130000000000001,72,70,104,112
-0.042220000000000001,70,70,104,112
-0.04231,70,70,111,112
-0.0424,70,70,103,112
-0.04249,72,68,100,107
-0.04258,66,68,105,107
-0.04267,72,68,117,107
-0.042759999999999999,68,68,112,107
-0.042849999999999999,70,68,111,107
-0.042939999999999999,68,68,96,107
-0.043030000000000006,68,68,99,107
-0.043120000000000006,68,68,110,107
-0.043210000000000005,72,68,109,107
-0.043300000000000005,70,68,118,107
-0.043390000000000005,72,72,112,116
-0.043480000000000005,70,72,109,116
-0.043570000000000005,72,72,107,116
-0.043660000000000004,70,72,101,116
-0.043750000000000004,68,72,106,116
-0.043840000000000004,70,72,103,116
-0.043930000000000004,72,70,112,103
-0.044020000000000004,72,70,107,103
-0.044110000000000003,70,70,103,103
-0.044200000000000003,58,70,94,103
-0.044290000000000003,68,70,104,103
-0.044380000000000003,72,70,108,103
-0.044470000000000003,72,70,109,103
-0.044560000000000002,72,70,109,103
-0.044650000000000002,72,70,108,103
-0.044740000000000002,70,70,104,103
-0.044830000000000002,72,70,102,100
-0.044920000000000002,70,70,116,100
-0.045010000000000001,72,70,116,100
-0.045100000000000001,70,70,110,100
-0.045190000000000001,72,70,110,100
-0.045280000000000001,72,66,108,106
-0.045370000000000001,68,66,104,106
-0.04546,66,66,97,106
-0.04555,68,66,100,106
-0.04564,70,66,111,106
-0.04573,70,66,113,106
-0.04582,72,66,109,106
-0.045909999999999999,70,66,104,106
-0.045999999999999999,68,66,106,106
-0.046089999999999999,68,66,107,106
-0.046180000000000006,68,66,110,106
-0.046270000000000006,70,70,107,110
-0.046360000000000005,70,70,108,110
-0.046450000000000005,68,70,99,110
-0.046540000000000005,74,70,108,110
-0.046630000000000005,68,70,104,110
-0.046720000000000005,72,68,104,104
-0.046810000000000004,74,68,121,104
-0.046900000000000004,70,68,108,104
-0.046990000000000004,68,68,98,104
-0.047080000000000004,70,68,108,104
-0.047170000000000004,70,68,110,104
-0.047260000000000003,70,68,111,104
-0.047350000000000003,70,68,112,104
-0.047440000000000003,70,68,107,104
-0.047530000000000003,72,68,108,104
-0.047620000000000003,72,68,111,101
-0.047710000000000002,72,68,110,101
-0.047800000000000002,70,68,103,101
-0.047890000000000002,66,68,102,101
-0.047980000000000002,70,68,103,101
-0.048070000000000002,70,72,105,108
-0.048160000000000001,72,72,110,108
-0.048250000000000001,72,72,102,108
-0.048340000000000001,70,72,114,108
-0.048430000000000001,70,72,106,108
-0.048520000000000001,72,72,108,108
-0.04861,66,72,100,108
-0.0487,70,72,105,108
-0.04879,72,72,107,108
-0.04888,72,72,104,108
-0.04897,68,72,104,108
-0.049059999999999999,72,72,109,108
-0.049149999999999999,72,72,104,108
-0.049240000000000006,70,72,111,108
-0.049330000000000006,70,72,107,108
-0.049420000000000006,72,72,111,108
-0.049510000000000005,70,70,104,110
-0.049600000000000005,68,70,102,110
-0.049690000000000005,70,70,109,110
-0.049780000000000005,70,70,114,110
-0.049870000000000005,70,70,106,110
-0.049960000000000004,68,70,105,110
-0.050050000000000004,68,60,108,81
-0.050140000000000004,72,60,107,81
-0.050230000000000004,72,60,110,81
-0.050320000000000004,70,60,104,81
-0.050410000000000003,74,60,120,81
-0.050500000000000003,70,60,101,81
-0.050590000000000003,70,60,110,92
-0.050680000000000003,68,60,101,92
-0.050770000000000003,78,60,118,92
-0.050860000000000002,72,62,104,94
-0.050950000000000002,72,62,105,94
-0.051040000000000002,72,62,109,94
-0.051130000000000002,72,62,110,94
-0.051220000000000002,70,62,109,94
-0.051310000000000001,68,62,98,94
-0.051400000000000001,70,62,98,94
-0.051490000000000001,64,62,100,94
-0.051580000000000001,70,62,116,94
-0.051670000000000001,72,62,112,94
-0.05176,70,62,102,94
-0.05185,72,62,102,94
-0.05194,72,60,109,93
-0.05203,72,60,116,93
-0.05212,70,60,111,93
-0.052209999999999999,70,60,97,93
-0.052300000000000006,70,60,109,93
-0.052390000000000006,70,60,101,93
-0.052480000000000006,70,60,106,93
-0.052570000000000006,72,60,109,93
-0.052660000000000005,78,60,120,89
-0.052750000000000005,70,60,108,89
-0.052840000000000005,72,60,107,89
-0.052930000000000005,70,60,100,89
-0.053020000000000005,68,60,101,89
-0.053110000000000004,72,60,105,89
-0.053200000000000004,66,60,98,89
-0.053290000000000004,70,60,112,89
-0.053380000000000004,70,60,108,89
-0.053470000000000004,70,60,104,89
-0.053560000000000003,70,60,115,89
-0.053650000000000003,70,60,109,89
-0.053740000000000003,70,60,101,94
-0.053830000000000003,70,60,112,94
-0.053920000000000003,68,60,98,94
-0.054010000000000002,70,60,112,94
-0.054100000000000002,72,60,111,94
-0.054190000000000002,72,60,112,94
-0.054280000000000002,66,60,106,94
-0.054370000000000002,64,60,96,94
-0.054460000000000001,72,56,104,80
-0.054550000000000001,72,56,107,80
-0.054640000000000001,72,56,106,80
-0.054730000000000001,68,56,98,80
-0.054820000000000001,70,56,110,80
-0.05491,72,56,111,80
-0.055,72,56,101,80
-0.05509,64,56,104,80
-0.05518,70,56,108,80
-0.05527,70,56,113,80
-0.055360000000000006,74,56,121,80
-0.055450000000000006,70,56,105,80
-0.055540000000000006,70,56,107,86
-0.055630000000000006,66,56,104,86
-0.055720000000000006,70,56,118,86
-0.055810000000000005,70,56,106,86
-0.055900000000000005,68,56,105,86
-0.055990000000000005,70,56,101,86
-0.056080000000000005,70,56,113,86
-0.056170000000000005,70,56,106,86
-0.056260000000000004,72,58,108,84
-0.056350000000000004,70,58,108,84
-0.056440000000000004,66,58,102,84
-0.056530000000000004,72,58,104,84
-0.056620000000000004,70,58,109,84
-0.056710000000000003,70,58,110,84
-0.056800000000000003,70,58,111,84
-0.056890000000000003,70,58,111,84
-0.056980000000000003,72,58,107,84
-0.057070000000000003,70,58,99,84
-0.057160000000000002,70,58,101,84
-0.057250000000000002,72,58,111,84
-0.057340000000000002,72,58,109,90
-0.057430000000000002,70,58,104,90
-0.057520000000000002,68,58,101,90
-0.057610000000000001,68,58,101,90
-0.057700000000000001,68,58,109,90
-0.057790000000000001,70,58,103,90
-0.057880000000000001,68,58,102,90
-0.057970000000000001,70,58,102,90
-0.05806,70,60,112,93
-0.05815,68,60,108,93
-0.05824,68,60,101,93
-0.05833,72,60,112,93
-0.058420000000000007,72,60,114,93
-0.058510000000000006,70,60,98,93
-0.058600000000000006,68,60,106,93
-0.058690000000000006,72,60,107,93
-0.058780000000000006,74,60,114,93
-0.058870000000000006,70,60,101,93
-0.058960000000000005,70,60,103,93
-0.059050000000000005,70,60,109,93
-0.059140000000000005,72,60,114,93
-0.059230000000000005,72,60,119,87
-0.059320000000000005,70,60,101,87
-0.059410000000000004,72,60,107,87
-0.059500000000000004,68,60,112,87
-0.059590000000000004,70,60,108,87
-0.059680000000000004,66,60,100,87
-0.059770000000000004,72,62,110,99
-0.059860000000000003,72,62,107,99
-0.059950000000000003,72,62,110,99
-0.060040000000000003,70,62,100,99
-0.060130000000000003,72,62,109,99
-0.060220000000000003,70,62,112,99
-0.060310000000000002,70,62,104,99
-0.060400000000000002,70,62,104,99
-0.060490000000000002,72,62,105,99
-0.060580000000000002,70,62,102,99
-0.060670000000000002,70,62,103,99
-0.060760000000000002,70,62,105,99
-0.060850000000000001,72,62,107,99
-0.060940000000000001,70,62,101,99
-0.061030000000000001,68,58,100,92
-0.061120000000000001,72,58,112,92
-0.061210000000000001,72,58,113,92
-0.0613,72,58,114,92
-0.06139,68,58,103,92
-0.061480000000000007,70,58,103,92
-0.061570000000000007,68,60,100,95
-0.061660000000000006,70,60,109,95
-0.061750000000000006,70,60,100,95
-0.061840000000000006,70,60,108,95
-0.061930000000000006,66,60,101,95
-0.062020000000000006,68,60,100,95
-0.062110000000000005,70,60,110,95
-0.062200000000000005,66,60,98,95
-0.062290000000000005,68,60,97,95
-0.062380000000000005,72,60,109,95
-0.062470000000000005,72,60,101,95
-0.062560000000000004,72,60,108,95
-0.062649999999999997,70,60,104,95
-0.062740000000000004,70,60,109,95
-0.062829999999999997,72,60,108,96
-0.062920000000000004,70,60,105,96
-0.06301000000000001,70,60,106,96
-0.063100000000000003,70,60,100,96
-0.06319000000000001,70,60,107,96
-0.063280000000000003,64,60,93,96
-0.06337000000000001,70,58,108,83
-0.063460000000000003,70,58,110,83
-0.063550000000000009,70,58,111,83
-0.063640000000000002,70,58,108,83
-0.063730000000000009,70,58,112,83
-0.063820000000000002,68,58,98,83
-0.063910000000000008,68,58,106,83
-0.064000000000000001,70,58,111,83
-0.064090000000000008,70,58,111,83
-0.064180000000000001,70,58,103,83
-0.064270000000000008,70,58,105,83
-0.064360000000000001,70,58,115,83
-0.064450000000000007,70,58,106,83
-0.06454,70,58,110,83
-0.064630000000000007,70,62,114,90
-0.06472,72,60,113,91
-0.064810000000000006,70,60,105,91
-0.064899999999999999,70,60,107,91
-0.064990000000000006,70,60,108,91
-0.065079999999999999,72,60,113,91
-0.065170000000000006,70,60,93,91
-0.065259999999999999,62,60,90,91
-0.065350000000000005,68,60,104,91
-0.065439999999999998,68,60,95,91
-0.065530000000000005,72,60,105,91
-0.065619999999999998,64,60,96,91
-0.065710000000000005,70,60,105,91
-0.065799999999999997,70,60,109,91
-0.065890000000000004,68,60,102,91
-0.065979999999999997,70,60,107,93
-0.066070000000000004,72,60,110,93
-0.06616000000000001,66,60,107,93
-0.066250000000000003,70,60,112,93
-0.06634000000000001,72,60,105,93
-0.066430000000000003,72,60,113,93
-0.06652000000000001,70,58,103,92
-0.066610000000000003,74,58,123,92
-0.066700000000000009,72,58,110,92
-0.066790000000000002,72,58,118,92
-0.066880000000000009,72,58,112,92
-0.066970000000000002,72,58,102,92
-0.067060000000000008,72,58,108,92
-0.067150000000000001,72,58,105,92
-0.067240000000000008,70,58,103,92
-0.067330000000000001,70,58,115,92
-0.067420000000000008,72,58,103,92
-0.067510000000000001,70,58,105,92
-0.067600000000000007,72,58,103,92
-0.06769,68,58,107,92
-0.067780000000000007,66,60,96,90
-0.06787,68,60,103,90
-0.067960000000000007,70,60,110,90
-0.068049999999999999,68,60,108,90
-0.068140000000000006,72,60,108,90
-0.068229999999999999,64,60,97,90
-0.068320000000000006,68,60,99,90
-0.068409999999999999,70,60,106,90
-0.068500000000000005,70,60,103,90
-0.068589999999999998,68,60,110,90
-0.068680000000000005,70,60,111,90
-0.068769999999999998,68,60,110,90
-0.068860000000000005,70,60,112,90
-0.068949999999999997,68,60,101,90
-0.069040000000000004,70,60,112,90
-0.069129999999999997,72,60,109,90
-0.069220000000000004,72,60,116,90
-0.06931000000000001,70,60,106,90
-0.069400000000000003,70,60,109,90
-0.06949000000000001,70,60,104,90
-0.069580000000000003,68,60,106,90
-0.06967000000000001,70,62,113,87
-0.069760000000000003,70,62,106,87
-0.069850000000000009,72,62,104,87
-0.069940000000000002,64,62,103,87
-0.070030000000000009,72,60,103,84
-0.070120000000000002,68,60,109,84
-0.070210000000000009,70,60,107,84
-0.070300000000000001,66,60,99,84
-0.070390000000000008,72,60,118,84
-0.070480000000000001,70,60,112,84
-0.070570000000000008,70,60,108,84
-0.070660000000000001,72,60,116,84
-0.070750000000000007,68,60,101,84
-0.07084,70,60,105,84
-0.070930000000000007,70,60,110,84
-0.07102,68,60,102,84
-0.071110000000000007,70,60,108,84
-0.071199999999999999,70,60,111,84
-0.071290000000000006,68,60,102,84
-0.071379999999999999,66,60,99,84
-0.071470000000000006,72,62,101,95
-0.071559999999999999,70,62,98,95
-0.071650000000000005,70,62,98,95
-0.071739999999999998,70,62,99,95
-0.071830000000000005,72,60,111,88
-0.071919999999999998,70,60,102,88
-0.072010000000000005,72,60,113,88
-0.072099999999999997,72,60,108,88
-0.072190000000000004,72,60,108,88
-0.072280000000000011,70,60,110,88
-0.072370000000000004,70,60,107,88
-0.072460000000000011,72,60,115,88
-0.072550000000000003,70,60,108,88
-0.07264000000000001,70,60,100,88
-0.072730000000000003,72,60,115,88
-0.07282000000000001,72,60,111,88
-0.072910000000000003,68,60,109,88
-0.073000000000000009,66,60,99,88
-0.073090000000000002,72,60,113,88
-0.073180000000000009,68,60,108,88
-0.073270000000000002,72,64,115,108
-0.073360000000000009,72,64,109,108
-0.073450000000000001,70,64,106,108
-0.073540000000000008,68,64,108,108
-0.073630000000000001,70,60,95,94
-0.073720000000000008,72,60,109,94
-0.073810000000000001,70,60,106,94
-0.073900000000000007,68,60,108,94
-0.07399,70,60,101,94
-0.074080000000000007,72,60,110,94
-0.07417,70,60,101,94
-0.074260000000000007,72,60,104,94
-0.074349999999999999,70,60,109,94
-0.074440000000000006,72,60,109,94
-0.074529999999999999,72,60,105,94
-0.074620000000000006,68,60,104,94
-0.074709999999999999,72,60,111,94
-0.074800000000000005,68,60,108,94
-0.074889999999999998,70,60,109,94
-0.074980000000000005,68,60,115,94
-0.075069999999999998,72,60,107,90
-0.075160000000000005,66,60,98,90
-0.075249999999999997,72,60,109,90
-0.075340000000000004,70,60,105,90
-0.075430000000000011,68,60,103,90
-0.075520000000000004,68,60,105,90
-0.075610000000000011,70,60,103,90
-0.075700000000000003,72,60,103,90
-0.07579000000000001,64,60,90,90
-0.075880000000000003,74,60,118,90
-0.07597000000000001,72,60,102,90
-0.076060000000000003,72,60,108,90
-0.076150000000000009,72,60,116,90
-0.076240000000000002,68,60,101,90
-0.076330000000000009,72,60,108,90
-0.076420000000000002,68,60,105,90
-0.076510000000000009,72,60,104,90
-0.076600000000000001,70,60,110,90
-0.076690000000000008,72,60,108,90
-0.076780000000000001,72,60,106,90
-0.076870000000000008,72,60,109,93
-0.076960000000000001,72,60,108,93
-0.077050000000000007,76,60,105,93
-0.07714,70,62,109,90
-0.077230000000000007,72,62,110,90
-0.07732,72,62,110,90
-0.077410000000000007,70,62,107,90
-0.077499999999999999,72,62,109,90
-0.077590000000000006,68,62,111,90
-0.077679999999999999,70,62,107,90
-0.077770000000000006,70,62,105,90
-0.077859999999999999,72,62,107,90
-0.077950000000000005,72,62,111,90
-0.078039999999999998,72,62,118,90
-0.078130000000000005,68,62,109,90
-0.078219999999999998,72,62,114,90
-0.078310000000000005,68,62,111,90
-0.078400000000000011,72,62,110,90
-0.078490000000000004,72,62,108,90
-0.078580000000000011,70,62,110,90
-0.078670000000000004,74,62,112,90
-0.078760000000000011,68,56,106,83
-0.078850000000000003,72,56,105,83
-0.07894000000000001,64,56,98,83
-0.079030000000000003,72,56,113,83
-0.07912000000000001,66,56,94,83
-0.079210000000000003,68,56,97,83
-0.079300000000000009,70,56,106,83
-0.079390000000000002,68,56,101,83
-0.079480000000000009,68,56,107,83
-0.079570000000000002,70,56,108,83
-0.079660000000000009,70,56,108,83
-0.079750000000000001,72,56,107,83
-0.079840000000000008,70,56,103,83
-0.079930000000000001,70,56,109,83
-0.080020000000000008,68,56,100,83
-0.080110000000000001,72,60,114,97
-0.080200000000000007,72,60,118,97
-0.08029,68,60,103,97
-0.080380000000000007,66,60,108,97
-0.08047,70,60,107,97
-0.080560000000000007,70,60,107,97
-0.080649999999999999,74,60,107,97
-0.080740000000000006,72,60,117,97
-0.080829999999999999,70,60,112,97
-0.080920000000000006,72,60,113,97
-0.081009999999999999,70,60,107,97
-0.081100000000000005,70,60,114,97
-0.081189999999999998,70,60,105,97
-0.081280000000000005,68,60,103,97
-0.081369999999999998,68,60,107,97
-0.081460000000000005,70,60,104,97
-0.081550000000000011,70,60,110,97
-0.081640000000000004,72,60,107,97
-0.081730000000000011,68,60,104,97
-0.081820000000000004,72,60,105,97
-0.081910000000000011,70,62,111,89
-0.082000000000000003,68,62,111,89
-0.08209000000000001,70,62,106,99
-0.082180000000000003,68,62,105,99
-0.08227000000000001,70,62,110,99
-0.082360000000000003,72,62,103,99
-0.082450000000000009,68,62,103,99
-0.082540000000000002,70,62,104,99
-0.082630000000000009,68,62,110,99
-0.082720000000000002,70,62,108,99
-0.082810000000000009,66,62,103,99
-0.082900000000000001,68,62,95,99
-0.082990000000000008,68,62,101,99
-0.083080000000000001,70,62,114,99
-0.083170000000000008,70,62,110,99
-0.083260000000000001,72,62,107,99
-0.083350000000000007,72,62,114,99
-0.08344,68,62,104,99
-0.083530000000000007,72,62,116,99
-0.08362,72,62,108,99
-0.083710000000000007,70,62,101,93
-0.083799999999999999,72,62,109,93
-0.083890000000000006,70,60,108,94
-0.083979999999999999,70,60,103,94
-0.084070000000000006,68,60,106,94
-0.084159999999999999,70,60,108,94
-0.084250000000000005,70,60,116,94
-0.084339999999999998,70,60,112,94
-0.084430000000000005,70,60,106,94
-0.084520000000000012,66,60,110,94
-0.084610000000000005,70,60,104,94
-0.084700000000000011,70,60,108,94
-0.084790000000000004,66,60,100,94
-0.084880000000000011,70,60,103,94
-0.084970000000000004,68,60,105,94
-0.085060000000000011,70,60,112,94
-0.085150000000000003,66,60,98,94
-0.08524000000000001,68,60,110,94
-0.085330000000000003,66,60,106,94
-0.08542000000000001,70,60,107,94
-0.085510000000000003,68,62,104,93
-0.085600000000000009,70,62,117,100
-0.085690000000000002,68,62,107,100
-0.085780000000000009,68,62,107,100
-0.085870000000000002,66,62,114,100
-0.085960000000000009,72,62,105,100
-0.086050000000000001,74,62,117,100
-0.086140000000000008,68,62,97,100
-0.086230000000000001,72,62,112,100
-0.086320000000000008,72,62,111,100
-0.086410000000000001,74,62,107,100
-0.086500000000000007,70,62,110,100
-0.08659,70,62,107,100
-0.086680000000000007,72,62,110,100
-0.08677,70,62,104,100
-0.086860000000000007,70,62,112,100
-0.08695,68,62,109,100
-0.087040000000000006,66,62,89,100
-0.087129999999999999,70,62,111,100
-0.087220000000000006,72,62,116,100
-0.087309999999999999,68,62,102,100
-0.087400000000000005,70,58,112,91
-0.087489999999999998,68,58,97,91
-0.087580000000000005,70,58,102,91
-0.087670000000000012,68,58,107,91
-0.087760000000000005,72,58,115,91
-0.087850000000000011,68,58,106,91
-0.087940000000000004,72,58,108,91
-0.088030000000000011,68,58,108,91
-0.088120000000000004,68,58,97,91
-0.088210000000000011,70,58,112,91
-0.088300000000000003,70,58,111,91
-0.08839000000000001,70,58,112,91
-0.088480000000000003,70,58,116,91
-0.08857000000000001,72,58,111,91
-0.088660000000000003,70,58,103,91
-0.088750000000000009,72,58,110,91
-0.088840000000000002,70,58,110,91
-0.088930000000000009,68,58,104,91
-0.089020000000000002,72,58,101,91
-0.089110000000000009,72,58,112,91
-0.089200000000000002,66,56,99,87
-0.089290000000000008,70,56,108,87
-0.089380000000000001,72,56,104,87
-0.089470000000000008,66,56,108,87
-0.089560000000000001,68,56,105,87
-0.089650000000000007,72,56,108,87
-0.08974,66,56,100,87
-0.089830000000000007,70,56,111,87
-0.08992,68,56,98,87
-0.090010000000000007,70,56,100,87
-0.0901,68,56,103,87
-0.090190000000000006,70,56,112,87
-0.090279999999999999,70,56,110,87
-0.090370000000000006,70,56,104,87
-0.090459999999999999,68,56,106,87
-0.090550000000000005,66,56,105,87
-0.090639999999999998,70,56,110,87
-0.090730000000000005,68,56,102,87
-0.090820000000000012,70,56,105,87
-0.090910000000000005,70,56,118,87
-0.091000000000000011,72,58,99,90
-0.091090000000000004,72,58,112,90
-0.091180000000000011,70,58,104,90
-0.091270000000000004,68,58,96,90
-0.091360000000000011,68,58,104,90
-0.091450000000000004,66,58,106,90
-0.09154000000000001,68,58,107,90
-0.091630000000000003,68,58,104,90
-0.09172000000000001,70,58,104,90
-0.091810000000000003,64,58,104,90
-0.091900000000000009,70,58,112,90
-0.091990000000000002,70,58,102,90
-0.092080000000000009,74,58,113,90
-0.092170000000000002,72,58,111,90
-0.092260000000000009,74,58,113,90
-0.092350000000000002,70,58,108,90
-0.092440000000000008,70,58,110,90
-0.092530000000000001,70,58,105,90
-0.092620000000000008,70,58,108,90
-0.092710000000000001,70,58,99,90
-0.092800000000000007,70,60,110,90
-0.09289,62,60,91,90
-0.092980000000000007,66,60,100,90
-0.09307,72,60,110,90
-0.093160000000000007,72,60,106,90
-0.09325,70,60,108,90
-0.093340000000000006,70,60,105,90
-0.093429999999999999,70,60,112,90
-0.093520000000000006,72,60,111,90
-0.093609999999999999,70,60,108,90
-0.093700000000000006,68,60,108,90
-0.093790000000000012,70,60,100,90
-0.093880000000000005,68,60,103,90
-0.093970000000000012,70,60,111,90
-0.094060000000000005,72,60,111,89
-0.094150000000000011,72,60,106,89
-0.094240000000000004,68,60,104,89
-0.094330000000000011,70,60,103,89
-0.094420000000000004,68,60,110,89
-0.094510000000000011,70,60,107,89
-0.094600000000000004,72,60,117,89
-0.09469000000000001,70,60,106,89
-0.094780000000000003,68,60,103,89
-0.09487000000000001,70,60,104,89
-0.094960000000000003,70,60,101,89
-0.095050000000000009,70,60,111,89
-0.095140000000000002,70,60,99,89
-0.095230000000000009,62,60,93,89
-0.095320000000000002,70,60,98,89
-0.095410000000000009,70,60,106,89
-0.095500000000000002,70,60,111,89
-0.095590000000000008,68,60,101,89
-0.095680000000000001,68,60,97,89
-0.095770000000000008,66,60,106,89
-0.095860000000000001,68,60,106,89
-0.095950000000000008,70,60,107,89
-0.09604,72,60,113,89
-0.096130000000000007,70,60,106,89
-0.09622,72,60,112,89
-0.096310000000000007,70,60,102,89
-0.0964,72,60,106,89
-0.096490000000000006,70,60,111,89
-0.096579999999999999,68,60,104,89
-0.096670000000000006,68,60,113,89
-0.096759999999999999,66,60,95,89
-0.096850000000000006,68,60,107,89
-0.096940000000000012,66,60,102,89
-0.097030000000000005,72,60,108,89
-0.097120000000000012,64,60,97,89
-0.097210000000000005,72,60,115,89
-0.097300000000000011,68,60,103,89
-0.097390000000000004,68,60,104,89
-0.097480000000000011,74,60,117,89
-0.097570000000000004,70,60,109,89
-0.097660000000000011,70,62,104,95
-0.097750000000000004,72,62,107,95
-0.09784000000000001,70,62,108,95
-0.097930000000000003,70,62,101,95
-0.09802000000000001,62,62,89,95
-0.098110000000000003,72,62,112,95
-0.09820000000000001,70,62,103,95
-0.098290000000000002,70,62,113,95
-0.098380000000000009,68,62,107,95
-0.098470000000000002,72,62,108,95
-0.098560000000000009,72,62,110,95
-0.098650000000000002,70,62,109,95
-0.098740000000000008,70,62,105,95
-0.098830000000000001,74,62,116,95
-0.098920000000000008,72,62,108,95
-0.099010000000000001,70,62,105,95
-0.099100000000000008,72,62,111,95
-0.09919,70,62,106,95
-0.099280000000000007,72,62,115,95
-0.09937,70,62,105,95
-0.099460000000000007,70,62,109,95
-0.09955,72,62,114,95
-0.099640000000000006,68,62,101,95
-0.099729999999999999,72,62,106,95
-0.099820000000000006,70,62,100,95
-0.099910000000000013,70,62,110,95
0.001,78,80,119,118
0.0010089999999999999,80,80,125,118
0.001018,80,82,115,121
0.0010269999999999999,84,82,123,121
0.001036,82,78,125,121
0.0010449999999999999,82,78,123,121
0.001054,80,78,123,126
0.0010629999999999999,78,78,127,126
0.001072,82,78,127,118
0.0010809999999999999,82,82,129,132
0.00109,80,82,115,132
0.0010989999999999999,82,82,129,132
0.001108,78,76,124,115
0.0011169999999999999,78,78,114,123
0.001126,76,78,115,123
0.0011349999999999999,80,78,123,123
0.0011440000000000001,80,80,122,115
0.0011529999999999999,80,80,123,121
0.0011620000000000001,78,80,115,121
0.0011709999999999999,80,80,125,121
0.0011800000000000001,80,80,124,122
0.001189,80,76,124,107
0.0011980000000000001,76,76,119,107
0.001207,82,76,122,107
0.0012160000000000001,78,80,114,124
0.001225,80,80,122,123
0.0012340000000000001,82,80,114,123
0.001243,80,78,121,117
0.0012520000000000001,78,78,122,117
0.001261,78,80,117,122
0.0012700000000000001,78,80,119,122
0.001279,80,80,127,123
0.0012880000000000001,80,80,125,123
0.001297,82,80,127,124
0.0013060000000000001,80,80,122,124
0.001315,82,82,128,128
0.0013240000000000001,80,80,121,127
0.001333,76,80,112,127
0.0013420000000000001,80,80,128,127
0.001351,80,80,122,122
0.0013600000000000001,82,78,127,122
0.001369,80,78,129,122
0.0013780000000000001,80,78,114,122
0.001387,82,78,121,126
0.0013960000000000001,80,80,128,125
0.001405,82,80,119,125
0.0014140000000000001,76,80,114,125
0.001423,80,80,123,114
0.0014320000000000001,78,82,119,130
0.001441,82,82,124,130
0.0014500000000000001,80,82,116,130
0.001459,80,80,117,123
0.0014680000000000001,80,80,118,121
0.001477,84,80,132,121
0.0014860000000000001,80,80,122,121
0.001495,78,80,123,123
0.0015040000000000001,78,78,120,115
0.001513,80,78,124,115
0.0015220000000000001,80,78,117,115
0.001531,78,80,115,124
0.0015400000000000001,82,82,129,130
0.001549,80,82,122,130
0.0015580000000000001,78,82,118,130
0.001567,80,80,126,121
0.0015760000000000001,80,82,118,125
0.001585,82,82,121,125
0.0015939999999999999,82,82,127,125
0.001603,82,78,123,122
0.0016119999999999999,80,80,117,121
0.001621,80,80,121,121
0.0016299999999999999,80,80,120,121
0.001639,82,82,130,123
0.0016479999999999999,78,82,121,123
0.0016570000000000001,80,82,125,123
0.0016659999999999999,80,82,118,123
0.0016750000000000001,76,80,127,119
0.001684,82,80,116,119
0.0016930000000000001,80,80,116,119
0.001702,78,80,126,119
0.0017110000000000001,80,80,118,119
0.00172,80,80,119,119
0.0017290000000000001,82,80,128,119
0.001738,80,80,122,119
0.0017470000000000001,80,80,122,121
0.001756,82,80,132,121
0.0017650000000000001,78,80,114,121
0.001774,80,80,119,121
0.0017830000000000001,78,82,121,118
0.001792,80,82,127,118
0.0018010000000000001,78,82,121,118
0.00181,82,80,133,122
0.0018190000000000001,78,80,125,122
0.001828,80,80,119,122
0.0018370000000000001,82,80,121,122
0.001846,80,78,112,118
0.0018550000000000001,80,78,128,118
0.001864,80,78,127,118
0.0018730000000000001,80,78,120,118
0.001882,80,82,120,126
0.0018910000000000001,82,82,125,126
0.0019,82,82,120,126
0.0019090000000000001,86,82,141,126
0.001918,76,82,119,126
0.0019270000000000001,80,82,122,128
0.001936,82,82,117,128
0.0019450000000000001,84,82,128,128
0.001954,80,82,123,125
0.0019629999999999999,82,82,122,125
0.0019720000000000002,84,82,123,125
0.0019810000000000001,82,82,127,125
0.00199,76,82,105,127
0.0019989999999999999,76,82,118,127
0.0020080000000000002,80,82,118,127
0.0020170000000000001,80,82,119,127
0.002026,82,78,118,127
0.0020349999999999999,82,78,120,127
0.0020440000000000002,82,78,121,127
0.0020530000000000001,82,78,120,127
0.002062,80,76,121,116
0.0020709999999999999,82,76,124,116
0.0020800000000000003,78,76,121,116
0.0020890000000000001,80,76,121,116
0.002098,80,80,122,121
0.0021069999999999999,82,80,118,121
0.0021160000000000003,78,80,126,121
0.0021250000000000002,80,80,121,121
0.002134,76,84,121,129
0.0021429999999999999,78,84,118,129
0.0021520000000000003,80,84,119,129
0.0021610000000000002,80,84,125,129
0.0021700000000000001,80,82,130,125
0.0021789999999999999,82,82,132,125
0.0021879999999999998,78,82,117,125
0.0021970000000000002,80,82,124,125
0.0022060000000000001,78,80,125,125
0.002215,76,80,115,125
0.0022239999999999998,74,80,114,125
0.0022330000000000002,80,82,123,125
0.0022420000000000001,80,82,119,125
0.002251,78,82,123,125
0.0022599999999999999,82,82,119,125
0.0022690000000000002,80,82,125,125
0.0022780000000000001,82,82,120,130
0.002287,80,82,115,130
0.0022959999999999999,82,82,119,130
0.0023050000000000002,78,80,123,113
0.0023140000000000001,82,80,123,113
0.002323,80,80,121,113
0.0023319999999999999,80,80,117,113
0.0023410000000000002,82,80,122,113
0.0023500000000000001,82,80,126,123
0.002359,80,80,122,123
0.0023679999999999999,80,78,130,124
0.0023770000000000002,80,78,117,124
0.0023860000000000001,70,78,106,124
0.002395,76,78,107,124
0.0024039999999999999,80,78,120,124
0.0024130000000000002,80,78,118,124
0.0024220000000000001,80,76,124,115
0.002431,80,76,119,115
0.0024399999999999999,82,80,121,116
0.0024490000000000002,78,80,115,116
0.0024580000000000001,80,80,123,116
0.002467,80,80,113,116
0.0024759999999999999,80,80,124,116
0.0024850000000000002,80,80,116,116
0.0024940000000000001,78,78,117,118
0.002503,74,78,107,118
0.0025119999999999999,82,80,126,130
0.0025210000000000002,78,80,118,130
0.0025300000000000001,80,80,122,130
0.002539,78,80,125,130
0.0025479999999999999,78,80,119,130
0.0025570000000000002,80,84,117,124
0.0025660000000000001,80,84,123,124
0.002575,82,84,131,124
0.0025839999999999999,82,80,127,112
0.0025930000000000003,82,80,121,112
0.0026020000000000001,80,80,124,112
0.002611,82,80,130,112
0.0026199999999999999,82,80,125,112
0.0026290000000000003,78,82,120,129
0.0026380000000000002,82,82,128,129
0.002647,80,82,123,129
0.0026559999999999999,78,80,120,121
0.0026650000000000003,80,80,117,121
0.0026740000000000002,80,80,127,121
0.0026830000000000001,80,80,121,121
0.0026919999999999999,84,80,124,121
0.0027010000000000003,80,82,122,126
0.0027100000000000002,80,82,127,126
0.0027190000000000001,80,80,118,126
0.002728,76,80,120,126
0.0027369999999999998,78,80,122,126
0.0027460000000000002,82,80,127,126
0.0027550000000000001,78,80,116,126
0.002764,76,80,118,126
0.0027729999999999999,78,80,126,126
0.0027820000000000002,80,80,122,127
0.0027910000000000001,80,78,129,124
0.0028,80,78,115,124
0.0028089999999999999,80,78,125,124
0.0028180000000000002,80,78,115,124
0.0028270000000000001,80,78,118,124
0.002836,74,78,116,124
0.0028449999999999999,80,78,114,124
0.0028540000000000002,76,78,118,124
0.0028630000000000001,78,80,117,125
0.002872,80,80,113,125
0.0028809999999999999,82,80,130,125
0.0028900000000000002,80,80,121,125
0.0028990000000000001,80,80,128,125
0.002908,82,80,126,125
0.0029169999999999999,80,80,123,116
0.0029260000000000002,78,80,116,123
0.0029350000000000001,82,80,129,123
0.002944,82,80,135,123
0.0029529999999999999,80,80,121,123
0.0029620000000000002,80,80,127,123
0.0029710000000000001,80,80,124,123
0.00298,80,80,122,123
0.0029889999999999999,80,78,123,108
0.0029980000000000002,80,76,130,111
0.0030070000000000001,82,76,121,111
0.003016,82,76,129,111
0.0030249999999999999,78,76,115,111
0.0030340000000000002,78,76,123,111
0.0030430000000000001,76,76,110,111
0.003052,82,76,132,111
0.0030609999999999999,80,80,124,125
0.0030700000000000002,80,80,128,128
0.0030790000000000001,84,80,129,128
0.003088,80,80,128,128
0.0030969999999999999,82,80,130,128
0.0031060000000000003,78,80,120,128
0.0031150000000000001,82,80,123,128
0.003124,82,80,122,120
0.0031329999999999999,80,80,121,117
0.0031420000000000003,78,80,112,117
0.0031510000000000002,80,80,123,117
0.00316,80,80,121,117
0.0031689999999999999,82,80,125,117
0.0031780000000000003,80,80,131,117
0.0031870000000000002,82,80,120,117
0.0031960000000000001,78,78,113,122
0.0032049999999999999,78,80,122,130
0.0032140000000000003,80,80,116,130
0.0032230000000000002,78,80,121,130
0.0032320000000000001,80,80,116,130
0.003241,80,80,121,130
0.0032500000000000003,82,80,126,130
0.0032590000000000002,82,80,123,130
0.0032680000000000001,78,80,115,130
0.003277,80,80,125,126
0.0032860000000000003,84,80,116,126
0.0032950000000000002,80,80,123,126
0.0033040000000000001,82,80,123,126
0.003313,82,80,126,126
0.0033219999999999999,78,80,116,126
0.0033310000000000002,80,80,117,126
0.0033400000000000001,80,80,133,126
0.003349,78,82,110,126
0.0033579999999999999,82,82,130,126
0.0033670000000000002,80,82,118,126
0.0033760000000000001,80,82,119,126
0.003385,80,82,119,126
0.0033939999999999999,80,82,119,126
0.0034030000000000002,78,82,117,126
0.0034120000000000001,82,82,131,116
0.003421,80,78,124,120
0.0034299999999999999,80,78,122,120
0.0034390000000000002,80,78,117,120
0.0034480000000000001,80,78,119,120
0.003457,78,78,119,120
0.0034659999999999999,78,78,114,120
0.0034750000000000002,80,78,124,120
0.0034840000000000001,82,82,130,126
0.003493,80,82,120,126
0.0035019999999999999,82,82,126,126
0.0035110000000000002,82,82,122,126
0.0035200000000000001,80,82,121,126
0.003529,82,82,122,126
0.0035379999999999999,80,82,122,126
0.0035470000000000002,80,82,122,126
0.0035560000000000001,82,80,127,122
0.003565,84,80,134,122
0.0035739999999999999,74,80,110,122
0.0035830000000000002,82,80,118,122
0.0035920000000000001,82,80,124,122
0.003601,80,80,125,122
0.0036099999999999999,80,80,125,122
0.0036190000000000003,80,80,123,122
0.0036280000000000001,82,80,128,129
0.003637,80,80,121,129
0.0036459999999999999,82,80,123,129
0.0036550000000000003,80,80,122,129
0.0036640000000000002,80,80,127,129
0.003673,80,80,125,129
0.0036819999999999999,80,80,124,129
0.0036910000000000003,78,82,110,128
0.0037000000000000002,80,82,124,128
0.0037090000000000001,80,82,122,128
0.003718,80,82,122,128
0.0037270000000000003,78,82,118,128
0.0037360000000000002,78,82,117,128
0.0037450000000000001,78,82,113,128
0.003754,82,82,128,128
0.0037630000000000003,82,82,132,128
0.0037720000000000002,76,82,107,119
0.0037810000000000001,78,82,116,119
0.00379,78,82,122,119
0.0037990000000000003,82,82,126,119
0.0038080000000000002,80,82,122,119
0.0038170000000000001,80,82,123,119
0.003826,80,82,124,119
0.0038350000000000003,82,80,120,121
0.0038440000000000002,76,80,123,121
0.0038530000000000001,78,80,112,121
0.003862,82,80,128,121
0.0038710000000000003,82,80,126,121
0.0038800000000000002,80,80,114,121
0.0038890000000000001,78,80,111,121
0.003898,80,80,128,121
0.0039069999999999999,82,80,122,121
0.0039160000000000002,80,80,128,126
0.0039249999999999997,82,80,123,126
0.003934,82,80,125,126
0.0039430000000000003,78,80,119,126
0.0039519999999999998,82,80,115,126
0.0039610000000000001,78,80,136,126
0.0039700000000000004,80,80,123,126
0.0039789999999999999,76,80,111,120
0.0039880000000000002,82,80,123,120
0.0039969999999999997,82,80,123,120
0.004006,82,80,127,120
0.0040150000000000003,78,80,119,120
0.0040239999999999998,80,80,133,120
0.0040330000000000001,82,80,120,120
0.0040420000000000005,82,80,121,120
0.0040509999999999999,82,80,116,128
0.0040600000000000002,78,80,116,128
0.0040689999999999997,80,80,122,128
0.004078,78,80,127,128
0.0040870000000000004,80,80,124,128
0.0040959999999999998,80,80,119,128
0.0041050000000000001,78,80,123,128
0.0041140000000000005,82,84,132,129
0.0041229999999999999,82,84,126,129
0.0041320000000000003,80,84,122,129
0.0041409999999999997,80,84,120,129
0.00415,76,84,116,129
0.0041590000000000004,82,84,123,129
0.0041679999999999998,82,84,119,129
0.0041770000000000002,80,84,126,129
0.0041860000000000005,78,84,122,129
0.0041949999999999999,78,80,114,127
0.0042040000000000003,82,80,120,127
0.0042129999999999997,78,80,124,127
0.0042220000000000001,80,80,121,127
0.0042310000000000004,78,80,108,127
0.0042399999999999998,82,80,124,127
0.0042490000000000002,80,78,116,115
0.0042580000000000005,82,78,129,115
0.004267,82,78,131,115
0.0042760000000000003,84,78,124,115
0.0042849999999999997,80,78,120,115
0.0042940000000000001,84,78,129,115
0.0043030000000000004,82,78,128,115
0.0043119999999999999,84,78,130,115
0.0043210000000000002,78,78,118,115
0.0043300000000000005,78,78,112,115
0.004339,78,82,114,127
0.0043480000000000003,78,82,122,127
0.0043569999999999998,80,82,118,127
0.0043660000000000001,82,82,125,127
0.0043750000000000004,82,82,133,127
0.0043839999999999999,82,82,128,127
0.0043930000000000002,82,76,116,115
0.0044020000000000005,80,76,126,115
0.004411,80,76,115,115
0.0044200000000000003,80,76,127,115
0.0044289999999999998,80,76,125,115
0.0044380000000000001,80,76,123,115
0.0044470000000000004,82,76,124,115
0.0044559999999999999,80,76,117,115
0.0044650000000000002,82,76,116,115
0.0044739999999999997,80,76,117,115
0.004483,78,82,114,124
0.0044920000000000003,82,82,124,124
0.0045009999999999998,82,82,125,124
0.0045100000000000001,80,82,125,124
0.0045190000000000004,78,82,119,124
0.0045279999999999999,80,82,117,119
0.0045370000000000002,80,82,119,119
0.0045459999999999997,78,82,108,119
0.004555,80,82,123,119
0.0045640000000000003,80,82,126,119
0.0045729999999999998,82,82,130,119
0.0045820000000000001,80,82,128,119
0.0045910000000000005,80,82,123,119
0.0045999999999999999,78,82,119,119
0.0046090000000000002,82,82,128,119
0.0046179999999999997,82,82,126,119
0.004627,80,82,120,119
0.0046360000000000004,82,82,127,119
0.0046449999999999998,80,82,113,119
0.0046540000000000002,82,82,116,119
0.0046630000000000005,80,82,123,119
0.0046719999999999999,82,80,124,121
0.0046810000000000003,76,80,127,121
0.0046899999999999997,82,80,126,121
0.0046990000000000001,82,80,118,121
0.0047080000000000004,80,80,123,121
0.0047169999999999998,80,80,121,121
0.0047260000000000002,78,80,125,121
0.0047350000000000005,80,80,121,121
0.004744,78,80,117,121
0.0047530000000000003,78,80,118,121
0.0047619999999999997,82,80,129,118
0.0047710000000000001,76,80,113,118
0.0047800000000000004,78,80,124,118
0.0047889999999999999,80,80,124,118
0.0047980000000000002,80,80,126,118
0.0048070000000000005,78,78,120,126
0.004816,82,78,135,126
0.0048250000000000003,80,78,121,126
0.0048339999999999998,80,78,115,126
0.0048430000000000001,80,78,118,126
0.0048520000000000004,76,78,115,126
0.0048609999999999999,82,78,129,126
0.0048700000000000002,80,78,115,126
0.0048790000000000005,82,78,117,126
0.004888,80,78,126,126
0.0048970000000000003,80,78,120,126
0.0049059999999999998,80,82,120,113
0.0049150000000000001,78,82,123,113
0.0049240000000000004,80,82,116,113
0.0049329999999999999,80,82,126,113
0.0049420000000000002,82,82,125,113
0.0049510000000000005,76,80,116,125
0.00496,80,80,122,125
0.0049690000000000003,74,80,117,125
0.0049779999999999998,76,80,124,125
0.0049870000000000001,78,80,118,125
0.0049960000000000004,76,80,120,125
0.0050049999999999999,80,74,122,115
0.0050140000000000002,78,74,117,115
0.0050230000000000006,80,74,124,115
0.005032,82,74,121,115
0.0050410000000000003,82,74,123,115
0.0050499999999999998,82,74,127,115
0.0050590000000000001,80,68,130,102
0.0050680000000000005,78,68,125,102
0.0050769999999999999,80,68,122,102
0.0050860000000000002,80,70,122,108
0.0050949999999999997,80,70,123,108
0.005104,80,70,117,108
0.0051130000000000004,82,70,130,108
0.0051219999999999998,82,70,127,108
0.0051310000000000001,84,70,124,108
0.0051400000000000005,80,70,120,108
0.0051489999999999999,80,70,116,108
0.0051580000000000003,88,70,130,108
0.0051669999999999997,78,70,114,108
0.005176,72,70,112,108
0.0051850000000000004,80,70,123,108
0.0051939999999999998,80,72,128,114
0.0052030000000000002,80,72,112,114
0.0052120000000000005,80,72,124,114
0.0052209999999999999,82,72,126,114
0.0052300000000000003,82,72,130,114
0.0052389999999999997,82,72,123,114
0.0052480000000000001,80,72,115,114
0.0052570000000000004,80,72,120,114
0.0052659999999999998,80,72,114,110
0.0052750000000000002,82,72,129,110
0.0052840000000000005,84,72,127,110
0.005293,78,72,111,110
0.0053020000000000003,82,72,134,110
0.0053109999999999997,80,72,119,110
0.0053200000000000001,80,72,125,110
0.0053290000000000004,82,72,123,110
0.0053379999999999999,78,72,121,110
0.0053470000000000002,80,72,121,110
0.0053560000000000005,80,72,118,110
0.005365,82,72,117,110
0.0053740000000000003,82,68,130,106
0.0053829999999999998,78,68,114,106
0.0053920000000000001,80,68,124,106
0.0054010000000000004,82,68,134,106
0.0054099999999999999,76,68,118,106
0.0054190000000000002,82,68,126,106
0.0054280000000000005,78,68,124,106
0.005437,80,68,120,106
0.0054460000000000003,78,72,115,107
0.0054549999999999998,80,72,120,107
0.0054640000000000001,82,72,122,107
0.0054730000000000004,84,72,123,107
0.0054819999999999999,80,72,127,107
0.0054910000000000002,80,72,126,107
0.0055000000000000005,80,72,124,107
0.005509,82,72,120,107
0.0055180000000000003,78,72,117,107
0.0055269999999999998,76,72,113,107
0.0055360000000000001,80,72,124,107
0.0055450000000000004,80,72,128,107
0.0055539999999999999,80,72,127,110
0.0055630000000000002,80,72,127,110
0.0055720000000000006,82,72,123,110
0.005581,80,72,123,110
0.0055900000000000004,82,72,126,110
0.0055989999999999998,82,72,122,110
0.0056080000000000001,82,72,120,110
0.0056170000000000005,80,72,130,110
0.0056259999999999999,78,70,124,110
0.0056350000000000003,76,70,116,110
0.0056439999999999997,78,70,122,110
0.005653,80,70,127,110
0.0056620000000000004,80,70,124,110
0.0056709999999999998,82,70,116,110
0.0056800000000000002,78,70,122,110
0.0056890000000000005,80,70,121,110
0.0056979999999999999,78,70,124,110
0.0057070000000000003,82,70,129,110
0.0057159999999999997,82,70,128,110
0.0057250000000000001,80,70,119,110
0.0057340000000000004,80,68,127,114
0.0057429999999999998,80,68,120,114
0.0057520000000000002,80,68,122,114
0.0057610000000000005,82,68,126,114
0.00577,80,68,125,114
0.0057790000000000003,80,68,107,114
0.0057879999999999997,80,68,119,114
0.0057970000000000001,80,68,117,114
0.0058060000000000004,80,70,123,107
0.0058149999999999999,82,70,129,107
0.0058240000000000002,82,70,129,107
0.0058330000000000005,80,70,116,107
0.005842,80,70,110,107
0.0058510000000000003,80,70,118,107
0.0058599999999999998,80,70,129,107
0.0058690000000000001,72,70,116,107
0.0058780000000000004,80,70,121,107
0.0058869999999999999,78,70,122,107
0.0058960000000000002,80,70,129,107
0.0059050000000000005,80,70,123,107
0.005914,76,70,113,107
0.0059230000000000003,82,70,124,106
0.0059319999999999998,82,70,121,106
0.0059410000000000001,80,70,124,106
0.0059500000000000004,76,70,117,106
0.0059589999999999999,82,70,117,106
0.0059680000000000002,84,70,128,106
0.0059770000000000005,78,70,108,99
0.005986,82,70,128,99
0.0059950000000000003,82,70,128,99
0.0060039999999999998,82,70,129,99
0.0060130000000000001,80,70,128,99
0.0060220000000000004,80,70,125,99
0.0060309999999999999,76,70,113,99
0.0060400000000000002,80,70,120,99
0.0060490000000000006,76,70,111,99
0.006058,82,70,129,99
0.0060670000000000003,82,70,134,99
0.0060759999999999998,80,70,121,99
0.0060850000000000001,82,70,127,99
0.0060940000000000005,82,70,129,99
0.0061029999999999999,82,70,126,115
0.0061120000000000002,80,70,125,115
0.0061210000000000006,82,70,124,115
0.00613,82,70,125,115
0.0061390000000000004,82,70,124,115
0.0061479999999999998,80,70,123,115
0.0061570000000000001,80,72,125,112
0.0061660000000000005,82,72,122,112
0.0061749999999999999,76,72,114,112
0.0061840000000000003,80,72,128,112
0.0061929999999999997,78,72,117,112
0.006202,82,72,120,112
0.0062110000000000004,76,72,119,112
0.0062199999999999998,82,72,125,112
0.0062290000000000002,80,72,120,112
0.0062380000000000005,80,72,115,112
0.0062469999999999999,80,72,124,112
0.0062560000000000003,80,72,120,112
0.0062649999999999997,78,72,120,112
0.0062740000000000001,78,72,122,112
0.0062830000000000004,82,72,121,106
0.0062919999999999998,82,72,134,106
0.0063010000000000002,82,72,127,106
0.0063100000000000005,82,72,127,106
0.006319,78,72,124,106
0.0063280000000000003,80,72,117,106
0.0063369999999999998,78,72,112,110
0.0063460000000000001,82,72,125,110
0.0063550000000000004,80,72,126,110
0.0063639999999999999,80,72,123,110
0.0063730000000000002,78,72,119,110
0.0063820000000000005,82,72,119,110
0.006391,76,72,105,110
0.0064000000000000003,78,72,122,110
0.0064089999999999998,82,72,121,110
0.0064180000000000001,78,72,114,110
0.0064270000000000004,80,72,116,110
0.0064359999999999999,78,72,125,110
0.0064450000000000002,78,72,123,110
0.0064540000000000005,82,72,123,110
0.006463,80,70,118,105
0.0064720000000000003,80,66,130,101
0.0064809999999999998,76,66,122,101
0.0064900000000000001,80,66,131,101
0.0064990000000000004,82,66,126,101
0.0065079999999999999,78,66,120,101
0.0065170000000000002,78,66,121,101
0.0065260000000000006,82,66,120,101
0.006535,78,66,114,101
0.0065440000000000003,82,66,117,101
0.0065529999999999998,82,66,118,101
0.0065620000000000001,80,66,117,101
0.0065710000000000005,80,66,113,101
0.0065799999999999999,80,66,123,101
0.0065890000000000002,82,66,125,101
0.0065980000000000006,78,70,115,111
0.006607,80,70,125,111
0.0066160000000000004,80,70,126,111
0.0066249999999999998,80,70,122,111
0.0066340000000000001,82,70,120,111
0.0066430000000000005,82,70,123,111
0.0066519999999999999,78,68,123,103
0.0066610000000000003,76,68,121,103
0.0066700000000000006,80,68,125,103
0.006679,80,68,118,103
0.0066880000000000004,80,68,124,103
0.0066969999999999998,80,68,123,103
0.0067060000000000002,82,68,131,103
0.0067150000000000005,80,68,114,103
0.0067239999999999999,80,68,130,103
0.0067330000000000003,82,68,127,103
0.0067420000000000006,78,68,111,103
0.0067510000000000001,82,68,126,103
0.0067600000000000004,82,68,132,103
0.0067689999999999998,78,68,116,103
0.0067780000000000002,76,72,121,113
0.0067870000000000005,80,72,120,113
0.006796,80,72,117,113
0.0068050000000000003,82,72,126,113
0.0068139999999999997,82,72,127,113
0.0068230000000000001,82,68,116,110
0.0068320000000000004,80,68,116,110
0.0068409999999999999,82,68,126,110
0.0068500000000000002,78,68,116,110
0.0068590000000000005,82,68,127,110
0.006868,70,68,109,110
0.0068770000000000003,80,68,117,110
0.0068859999999999998,82,68,131,110
0.0068950000000000001,78,68,120,110
0.0069040000000000004,82,68,128,110
0.0069129999999999999,78,68,130,110
0.0069220000000000002,80,68,117,110
0.0069310000000000005,74,68,114,110
0.00694,82,68,118,110
0.0069490000000000003,80,68,121,110
0.0069579999999999998,80,68,126,110
0.0069670000000000001,80,72,117,104
0.0069760000000000004,80,72,123,104
0.0069849999999999999,82,72,130,104
0.0069940000000000002,80,72,123,104
0.0070030000000000005,80,72,123,112
0.007012,80,72,128,112
0.0070210000000000003,78,72,113,112
0.0070299999999999998,82,72,126,112
0.0070390000000000001,82,72,130,112
0.0070480000000000004,80,72,125,112
0.0070569999999999999,82,72,124,112
0.0070660000000000002,78,72,117,112
0.0070750000000000006,82,72,129,112
0.007084,80,72,127,112
0.0070930000000000003,80,72,126,112
0.0071019999999999998,80,72,127,112
0.0071110000000000001,80,72,118,112
0.0071200000000000005,78,72,120,112
0.0071289999999999999,80,72,117,112
0.0071380000000000002,78,72,122,112
0.0071470000000000006,82,70,125,114
0.007156,82,70,129,114
0.0071650000000000004,82,70,130,114
0.0071739999999999998,80,70,122,114
0.0071830000000000001,80,72,117,109
0.0071920000000000005,82,72,125,109
0.0072009999999999999,80,72,122,109
0.0072100000000000003,76,72,116,109
0.0072190000000000006,80,72,126,109
0.007228,80,72,121,109
0.0072370000000000004,80,72,125,109
0.0072459999999999998,80,72,125,109
0.0072550000000000002,76,72,109,109
0.0072640000000000005,82,72,127,109
0.007273,82,72,125,109
0.0072820000000000003,80,72,116,109
0.0072910000000000006,78,72,124,109
0.0073000000000000001,80,72,120,109
0.0073090000000000004,80,72,129,109
0.0073179999999999999,82,72,129,109
0.0073270000000000002,80,70,132,109
0.0073360000000000005,78,70,127,109
0.007345,78,70,117,109
0.0073540000000000003,80,70,127,109
0.0073629999999999998,82,70,129,106
0.0073720000000000001,82,70,127,106
0.0073810000000000004,78,70,117,106
0.0073899999999999999,80,70,124,106
0.0073990000000000002,80,70,120,106
0.0074080000000000005,82,70,127,106
0.007417,82,70,120,106
0.0074260000000000003,82,70,116,106
0.0074349999999999998,84,70,128,106
0.0074440000000000001,82,70,130,106
0.0074530000000000004,82,70,128,106
0.0074619999999999999,80,70,128,106
0.0074710000000000002,82,70,123,106
0.0074800000000000005,78,70,117,106
0.007489,82,70,128,106
0.0074980000000000003,82,70,131,106
0.0075069999999999998,82,70,124,113
0.0075160000000000001,82,70,123,113
0.0075250000000000004,80,70,124,113
0.0075339999999999999,82,70,120,113
0.0075430000000000002,80,70,119,102
0.0075520000000000006,82,70,125,102
0.007561,76,70,118,102
0.0075700000000000003,78,70,117,102
0.0075789999999999998,78,70,119,102
0.0075880000000000001,80,70,116,102
0.0075970000000000005,82,70,119,102
0.0076059999999999999,80,70,127,102
0.0076150000000000002,82,70,126,102
0.0076240000000000006,82,70,131,102
0.007633,80,70,131,102
0.0076420000000000004,82,70,131,102
0.0076509999999999998,80,70,122,102
0.0076600000000000001,80,70,121,102
0.0076690000000000005,78,70,119,102
0.0076779999999999999,80,70,127,102
0.0076870000000000003,80,72,126,113
0.0076960000000000006,80,72,121,113
0.007705,78,72,110,113
0.0077140000000000004,82,72,125,111
0.0077229999999999998,82,72,120,111
0.0077320000000000002,80,72,119,111
0.0077410000000000005,80,72,121,111
0.0077499999999999999,82,72,137,111
0.0077590000000000003,78,72,114,111
0.0077680000000000006,78,72,132,111
0.0077770000000000001,80,72,121,111
0.0077860000000000004,76,72,116,111
0.0077949999999999998,80,72,123,111
0.0078040000000000002,80,72,127,111
0.0078130000000000005,76,72,118,111
0.0078220000000000008,78,72,112,111
0.0078309999999999994,80,72,127,111
0.0078399999999999997,80,72,121,111
0.0078490000000000001,82,72,123,111
0.0078580000000000004,82,72,124,111
0.0078670000000000007,80,72,128,111
0.0078760000000000011,80,70,126,109
0.0078849999999999996,82,70,128,109
0.007894,76,70,113,109
0.0079030000000000003,78,70,119,109
0.0079120000000000006,84,70,128,109
0.007921000000000001,78,70,112,109
0.0079299999999999995,82,70,118,109
0.0079389999999999999,78,70,117,109
0.0079480000000000002,82,70,130,109
0.0079570000000000005,82,70,124,109
0.0079660000000000009,80,70,124,109
0.0079749999999999995,80,70,122,109
0.0079839999999999998,78,70,130,109
0.0079930000000000001,78,70,110,109
0.0080020000000000004,84,70,137,109
0.0080110000000000008,80,70,125,114
0.0080199999999999994,80,70,120,114
0.0080289999999999997,82,70,121,110
0.008038,82,70,126,110
0.0080470000000000003,82,70,134,110
0.0080560000000000007,78,70,119,110
0.008065000000000001,82,70,135,110
0.0080739999999999996,80,70,119,110
0.0080829999999999999,80,70,118,110
0.0080920000000000002,82,70,125,110
0.0081010000000000006,80,70,114,110
0.0081100000000000009,74,70,112,110
0.0081189999999999995,80,70,123,110
0.0081279999999999998,80,70,124,110
0.0081370000000000001,80,70,118,110
0.0081460000000000005,80,70,119,110
0.0081550000000000008,80,70,128,110
0.0081639999999999994,82,70,123,110
0.0081729999999999997,80,70,129,110
0.008182,80,70,124,110
0.0081910000000000004,82,68,122,98
0.0082000000000000007,80,68,125,98
0.008209000000000001,82,72,122,106
0.0082179999999999996,82,72,123,106
0.0082269999999999999,82,72,131,106
0.0082360000000000003,82,72,129,106
0.0082450000000000006,82,72,126,106
0.0082540000000000009,80,72,113,106
0.0082629999999999995,78,72,113,106
0.0082719999999999998,74,72,118,106
0.0082810000000000002,80,72,121,106
0.0082900000000000005,82,72,123,106
0.0082990000000000008,84,72,129,106
0.0083079999999999994,78,72,121,106
0.0083169999999999997,80,72,116,106
0.0083260000000000001,78,72,107,106
0.0083350000000000004,76,72,120,106
0.0083440000000000007,78,72,115,106
0.008353000000000001,80,72,120,106
0.0083619999999999996,78,72,120,106
0.008371,80,72,120,110
0.0083800000000000003,80,72,128,110
0.0083890000000000006,80,68,121,103
0.008398000000000001,80,68,127,103
0.0084069999999999995,80,68,127,103
0.0084159999999999999,80,68,119,103
0.0084250000000000002,80,68,122,103
0.0084340000000000005,80,68,127,103
0.0084430000000000009,80,68,115,103
0.0084519999999999994,80,68,114,103
0.0084609999999999998,80,68,118,103
0.0084700000000000001,80,68,123,103
0.0084790000000000004,78,68,114,103
0.0084880000000000008,80,68,122,103
0.0084969999999999993,80,68,119,103
0.0085059999999999997,80,68,123,103
0.008515,80,68,116,103
0.0085240000000000003,80,68,123,103
0.0085330000000000007,84,68,131,103
0.008542000000000001,78,68,111,103
0.0085509999999999996,76,72,110,110
0.0085599999999999999,80,70,122,103
0.0085690000000000002,80,70,126,103
0.0085780000000000006,78,70,115,103
0.0085870000000000009,80,70,129,103
0.0085959999999999995,80,70,118,103
0.0086049999999999998,84,70,124,103
0.0086140000000000001,80,70,131,103
0.0086230000000000005,82,70,122,103
0.0086320000000000008,76,70,122,103
0.0086409999999999994,80,70,136,103
0.0086499999999999997,82,70,122,103
0.008659,82,70,126,103
0.0086680000000000004,82,70,125,103
0.0086770000000000007,78,70,114,103
0.008686000000000001,80,70,118,103
0.0086949999999999996,78,70,124,103
0.0087039999999999999,80,70,122,103
0.0087130000000000003,82,70,123,103
0.0087220000000000006,82,70,127,103
0.0087310000000000009,72,70,108,103
0.0087399999999999995,82,68,129,98
0.0087489999999999998,82,68,135,98
0.0087580000000000002,82,68,129,98
0.0087670000000000005,80,68,116,98
0.0087760000000000008,82,68,118,98
0.0087849999999999994,84,68,128,98
0.0087939999999999997,80,68,117,98
0.0088030000000000001,80,68,125,98
0.0088120000000000004,80,68,118,98
0.0088210000000000007,82,68,118,98
0.008830000000000001,80,68,122,98
0.0088389999999999996,80,68,125,98
0.008848,80,68,124,98
0.0088570000000000003,80,68,122,98
0.0088660000000000006,76,68,115,98
0.0088750000000000009,80,68,119,98
0.0088839999999999995,80,68,128,98
0.0088929999999999999,78,68,118,98
0.0089020000000000002,82,68,125,98
0.0089110000000000005,78,68,117,98
0.0089200000000000008,80,72,117,110
0.0089289999999999994,80,72,127,110
0.0089379999999999998,80,72,130,110
0.0089470000000000001,80,72,130,110
0.0089560000000000004,78,72,121,110
0.0089650000000000007,80,72,125,110
0.0089740000000000011,80,72,124,110
0.0089829999999999997,78,72,121,110
0.008992,76,72,118,110
0.0090010000000000003,82,72,124,110
0.0090100000000000006,80,72,119,110
0.009019000000000001,82,72,128,110
0.0090279999999999996,78,72,117,110
0.0090369999999999999,78,72,117,110
0.0090460000000000002,80,72,126,110
0.0090550000000000005,80,72,121,110
0.0090640000000000009,82,72,129,110
0.0090729999999999995,84,72,124,110
0.0090819999999999998,82,72,125,110
0.0090910000000000001,82,72,126,110
0.0091000000000000004,80,70,122,107
0.0091090000000000008,78,70,126,107
0.0091179999999999994,80,70,124,107
0.0091269999999999997,82,70,129,107
0.009136,80,70,119,107
0.0091450000000000004,82,70,119,107
0.0091540000000000007,82,70,123,107
0.009163000000000001,80,70,119,107
0.0091719999999999996,76,70,112,107
0.0091809999999999999,80,70,133,107
0.0091900000000000003,76,70,113,107
0.0091990000000000006,80,70,126,107
0.0092080000000000009,82,70,122,107
0.0092169999999999995,74,70,110,107
0.0092259999999999998,80,70,123,107
0.0092350000000000002,80,70,124,107
0.0092440000000000005,80,70,119,107
0.0092530000000000008,80,70,123,107
0.0092619999999999994,80,70,123,107
0.0092709999999999997,78,70,121,107
0.0092800000000000001,82,70,119,111
0.0092890000000000004,80,70,115,111
0.0092980000000000007,82,70,119,111
0.009307000000000001,82,70,130,111
0.0093159999999999996,76,70,118,111
0.009325,82,70,126,111
0.0093340000000000003,78,70,120,111
0.0093430000000000006,80,70,119,111
0.0093520000000000009,78,70,119,111
0.0093609999999999995,76,70,114,111
0.0093699999999999999,78,70,132,111
0.0093790000000000002,80,70,128,111
0.0093880000000000005,78,70,120,111
0.0093970000000000008,82,70,133,111
0.0094059999999999994,78,68,107,104
0.0094149999999999998,80,68,123,104
0.0094240000000000001,80,68,121,104
0.0094330000000000004,82,68,132,104
0.0094420000000000007,78,68,117,104
0.0094510000000000011,82,68,124,104
0.0094599999999999997,78,68,123,104
0.009469,82,68,129,104
0.0094780000000000003,80,68,116,104
0.0094870000000000006,80,68,119,104
0.009496000000000001,82,68,124,104
0.0095049999999999996,76,68,116,104
0.0095139999999999999,78,68,125,104
0.0095230000000000002,80,68,118,104
0.0095320000000000005,80,68,128,104
0.0095410000000000009,80,68,131,104
0.0095499999999999995,78,68,121,104
0.0095589999999999998,80,68,118,104
0.0095680000000000001,80,68,126,104
0.0095770000000000004,80,68,117,104
0.0095860000000000008,78,68,117,104
0.0095950000000000011,80,68,116,104
0.0096039999999999997,78,70,119,113
0.009613,78,70,116,113
0.0096220000000000003,80,70,125,113
0.0096310000000000007,82,70,120,113
0.009640000000000001,80,70,110,113
0.0096489999999999996,78,70,115,113
0.0096579999999999999,80,70,119,113
0.0096670000000000002,80,70,124,113
0.0096760000000000006,80,70,118,113
0.0096850000000000009,80,70,121,113
0.0096939999999999995,80,70,126,113
0.0097029999999999998,78,70,126,113
0.0097120000000000001,82,70,122,113
0.0097210000000000005,80,70,119,113
0.0097300000000000008,78,70,114,113
0.0097389999999999994,80,70,113,113
0.0097479999999999997,80,70,128,113
0.009757,82,70,124,113
0.0097660000000000004,82,72,130,106
0.0097750000000000007,74,72,107,106
0.009784000000000001,80,72,116,106
0.0097929999999999996,80,72,133,106
0.0098019999999999999,80,72,120,106
0.0098110000000000003,82,72,133,106
0.0098200000000000006,82,72,115,106
0.0098290000000000009,78,72,121,106
0.0098379999999999995,82,72,127,106
0.0098469999999999999,82,72,113,106
0.0098560000000000002,80,72,114,106
0.0098650000000000005,82,72,125,106
0.0098740000000000008,80,72,130,106
0.0098829999999999994,78,72,116,106
0.0098919999999999998,78,72,123,106
0.0099010000000000001,76,72,112,106
0.0099100000000000004,80,72,114,106
0.0099190000000000007,80,72,121,106
0.0099280000000000011,80,72,122,106
0.0099369999999999997,78,72,115,106
0.009946,78,72,120,106
0.0099550000000000003,78,72,114,106
0.0099640000000000006,80,70,114,113
0.009973000000000001,76,70,113,113
0.0099819999999999996,82,70,116,113
0.0099909999999999999,80,70,125,113
-0.001,78,80,121,125
-0.0010089999999999999,80,80,124,125
-0.001018,80,82,116,123
-0.0010269999999999999,84,82,127,123
-0.001036,82,78,129,119
-0.0010449999999999999,82,78,128,119
-0.001054,80,78,117,116
-0.0010629999999999999,78,78,113,116
-0.001072,82,78,124,121
-0.0010809999999999999,82,82,119,130
-0.00109,80,82,123,130
-0.0010989999999999999,82,82,120,130
-0.001108,78,76,114,121
-0.0011169999999999999,78,78,121,125
-0.001126,76,78,115,125
-0.0011349999999999999,80,78,124,125
-0.0011440000000000001,80,80,123,124
-0.0011529999999999999,80,80,126,119
-0.0011620000000000001,78,80,121,119
-0.0011709999999999999,80,80,126,119
-0.0011800000000000001,80,80,123,118
-0.001189,80,76,129,127
-0.0011980000000000001,76,76,121,127
-0.001207,82,76,131,127
-0.0012160000000000001,78,80,123,119
-0.001225,80,80,122,126
-0.0012340000000000001,82,80,128,126
-0.001243,80,78,119,118
-0.0012520000000000001,78,78,123,118
-0.001261,78,80,114,121
-0.0012700000000000001,78,80,119,121
-0.001279,80,80,121,116
-0.0012880000000000001,80,80,121,116
-0.001297,82,80,131,125
-0.0013060000000000001,80,80,120,125
-0.001315,82,82,124,120
-0.0013240000000000001,80,80,123,117
-0.001333,76,80,124,117
-0.0013420000000000001,80,80,126,117
-0.001351,80,80,115,125
-0.0013600000000000001,82,78,126,116
-0.001369,80,78,122,116
-0.0013780000000000001,80,78,118,116
-0.001387,82,78,121,124
-0.0013960000000000001,80,80,120,122
-0.001405,82,80,120,122
-0.0014140000000000001,76,80,117,122
-0.001423,80,80,115,114
-0.0014320000000000001,78,82,115,113
-0.001441,82,82,129,113
-0.0014500000000000001,80,82,119,113
-0.001459,80,80,120,132
-0.0014680000000000001,80,80,123,127
-0.001477,84,80,127,127
-0.0014860000000000001,80,80,123,127
-0.001495,78,80,123,123
-0.0015040000000000001,78,78,125,123
-0.001513,80,78,117,123
-0.0015220000000000001,80,78,117,123
-0.001531,78,80,125,124
-0.0015400000000000001,82,82,121,130
-0.001549,80,82,116,130
-0.0015580000000000001,78,82,126,130
-0.001567,80,80,121,124
-0.0015760000000000001,80,82,124,124
-0.001585,82,82,131,124
-0.0015939999999999999,82,82,129,124
-0.001603,82,78,129,125
-0.0016119999999999999,80,80,116,123
-0.001621,80,80,120,123
-0.0016299999999999999,80,80,127,123
-0.001639,82,82,131,121
-0.0016479999999999999,78,82,115,121
-0.0016570000000000001,80,82,127,121
-0.0016659999999999999,80,82,120,121
-0.0016750000000000001,76,80,115,116
-0.001684,82,80,127,116
-0.0016930000000000001,80,80,117,116
-0.001702,78,80,121,116
-0.0017110000000000001,80,80,116,120
-0.00172,80,80,111,120
-0.0017290000000000001,82,80,119,120
-0.001738,80,80,120,120
-0.0017470000000000001,80,80,119,127
-0.001756,82,80,123,127
-0.0017650000000000001,78,80,123,127
-0.001774,80,80,124,127
-0.0017830000000000001,78,82,122,129
-0.001792,80,82,134,129
-0.0018010000000000001,78,82,115,129
-0.00181,82,80,122,123
-0.0018190000000000001,78,80,116,123
-0.001828,80,80,123,123
-0.0018370000000000001,82,80,121,123
-0.001846,80,78,123,114
-0.0018550000000000001,80,78,119,114
-0.001864,80,78,116,114
-0.0018730000000000001,80,78,120,114
-0.001882,80,82,121,129
-0.0018910000000000001,82,82,124,129
-0.0019,82,82,137,129
-0.0019090000000000001,86,82,130,129
-0.001918,76,82,119,129
-0.0019270000000000001,80,82,118,130
-0.001936,82,82,118,130
-0.0019450000000000001,84,82,125,130
-0.001954,80,82,122,131
-0.0019629999999999999,82,82,130,131
-0.0019720000000000002,84,82,127,131
-0.0019810000000000001,82,82,123,131
-0.00199,76,82,117,127
-0.0019989999999999999,76,82,116,127
-0.0020080000000000002,80,82,125,127
-0.0020170000000000001,80,82,126,127
-0.002026,82,78,122,117
-0.0020349999999999999,82,78,128,117
-0.0020440000000000002,82,78,123,117
-0.0020530000000000001,82,78,123,117
-0.002062,80,76,126,114
-0.0020709999999999999,82,76,126,114
-0.0020800000000000003,78,76,119,114
-0.0020890000000000001,80,76,118,114
-0.002098,80,80,120,123
-0.0021069999999999999,82,80,123,123
-0.0021160000000000003,78,80,116,123
-0.0021250000000000002,80,80,125,123
-0.002134,76,84,122,131
-0.0021429999999999999,78,84,121,131
-0.0021520000000000003,80,84,122,131
-0.0021610000000000002,80,84,125,131
-0.0021700000000000001,80,82,123,125
-0.0021789999999999999,82,82,130,125
-0.0021879999999999998,78,82,119,125
-0.0021970000000000002,80,82,120,125
-0.0022060000000000001,78,80,125,124
-0.002215,76,80,121,124
-0.0022239999999999998,74,80,114,124
-0.0022330000000000002,80,82,117,125
-0.0022420000000000001,80,82,118,125
-0.002251,78,82,125,125
-0.0022599999999999999,82,82,125,125
-0.0022690000000000002,80,82,118,125
-0.0022780000000000001,82,82,128,123
-0.002287,80,82,124,123
-0.0022959999999999999,82,82,123,123
-0.0023050000000000002,78,80,119,121
-0.0023140000000000001,82,80,126,121
-0.002323,80,80,119,121
-0.0023319999999999999,80,80,121,121
-0.0023410000000000002,82,80,125,121
-0.0023500000000000001,82,80,134,127
-0.002359,80,80,118,127
-0.0023679999999999999,80,78,108,120
-0.0023770000000000002,80,78,115,120
-0.0023860000000000001,70,78,105,120
-0.002395,76,78,127,120
-0.0024039999999999999,80,78,126,120
-0.0024130000000000002,80,78,123,120
-0.0024220000000000001,80,76,119,117
-0.002431,80,76,122,117
-0.0024399999999999999,82,80,132,121
-0.0024490000000000002,78,80,123,121
-0.0024580000000000001,80,80,126,121
-0.002467,80,80,121,121
-0.0024759999999999999,80,80,126,121
-0.0024850000000000002,80,80,121,121
-0.0024940000000000001,78,78,118,125
-0.002503,74,78,118,125
-0.0025119999999999999,82,80,128,118
-0.0025210000000000002,78,80,123,118
-0.0025300000000000001,80,80,121,118
-0.002539,78,80,119,118
-0.0025479999999999999,78,80,120,118
-0.0025570000000000002,80,84,122,133
-0.0025660000000000001,80,84,116,133
-0.002575,82,84,133,133
-0.0025839999999999999,82,80,128,114
-0.0025930000000000003,82,80,128,114
-0.0026020000000000001,80,80,125,114
-0.002611,82,80,119,114
-0.0026199999999999999,82,80,120,114
-0.0026290000000000003,78,82,124,130
-0.0026380000000000002,82,82,120,130
-0.002647,80,82,125,130
-0.0026559999999999999,78,80,114,121
-0.0026650000000000003,80,80,124,121
-0.0026740000000000002,80,80,117,121
-0.0026830000000000001,80,80,117,121
-0.0026919999999999999,84,80,137,121
-0.0027010000000000003,80,82,125,140
-0.0027100000000000002,80,82,121,140
-0.0027190000000000001,80,80,118,119
-0.002728,76,80,122,119
-0.0027369999999999998,78,80,116,119
-0.0027460000000000002,82,80,117,119
-0.0027550000000000001,78,80,124,119
-0.002764,76,80,116,119
-0.0027729999999999999,78,80,124,119
-0.0027820000000000002,80,80,123,121
-0.0027910000000000001,80,78,121,121
-0.0028,80,78,129,121
-0.0028089999999999999,80,78,122,121
-0.0028180000000000002,80,78,114,121
-0.0028270000000000001,80,78,127,121
-0.002836,74,78,114,121
-0.0028449999999999999,80,78,114,114
-0.0028540000000000002,76,78,118,114
-0.0028630000000000001,78,80,116,123
-0.002872,80,80,126,123
-0.0028809999999999999,82,80,113,123
-0.0028900000000000002,80,80,119,123
-0.0028990000000000001,80,80,127,123
-0.002908,82,80,121,123
-0.0029169999999999999,80,80,132,124
-0.0029260000000000002,78,80,123,121
-0.0029350000000000001,82,80,129,121
-0.002944,82,80,121,121
-0.0029529999999999999,80,80,127,121
-0.0029620000000000002,80,80,123,121
-0.0029710000000000001,80,80,119,121
-0.00298,80,80,116,121
-0.0029889999999999999,80,78,123,127
-0.0029980000000000002,80,76,129,122
-0.0030070000000000001,82,76,121,122
-0.003016,82,76,130,122
-0.0030249999999999999,78,76,123,122
-0.0030340000000000002,78,76,123,122
-0.0030430000000000001,76,76,114,122
-0.003052,82,76,121,122
-0.0030609999999999999,80,80,124,120
-0.0030700000000000002,80,80,128,119
-0.0030790000000000001,84,80,121,119
-0.003088,80,80,124,119
-0.0030969999999999999,82,80,130,119
-0.0031060000000000003,78,80,125,119
-0.0031150000000000001,82,80,126,119
-0.003124,82,80,130,121
-0.0031329999999999999,80,80,124,116
-0.0031420000000000003,78,80,119,116
-0.0031510000000000002,80,80,124,116
-0.00316,80,80,122,116
-0.0031689999999999999,82,80,124,116
-0.0031780000000000003,80,80,123,116
-0.0031870000000000002,82,80,122,116
-0.0031960000000000001,78,78,120,116
-0.0032049999999999999,78,80,125,116
-0.0032140000000000003,80,80,121,116
-0.0032230000000000002,78,80,121,116
-0.0032320000000000001,80,80,121,116
-0.003241,80,80,123,116
-0.0032500000000000003,82,80,121,116
-0.0032590000000000002,82,80,121,116
-0.0032680000000000001,78,80,115,116
-0.003277,80,80,125,124
-0.0032860000000000003,84,80,122,124
-0.0032950000000000002,80,80,123,124
-0.0033040000000000001,82,80,121,124
-0.003313,82,80,117,124
-0.0033219999999999999,78,80,122,124
-0.0033310000000000002,80,80,120,124
-0.0033400000000000001,80,80,122,124
-0.003349,78,82,120,123
-0.0033579999999999999,82,82,126,123
-0.0033670000000000002,80,82,126,123
-0.0033760000000000001,80,82,116,123
-0.003385,80,82,120,123
-0.0033939999999999999,80,82,128,123
-0.0034030000000000002,78,82,115,123
-0.0034120000000000001,82,82,125,126
-0.003421,80,78,125,119
-0.0034299999999999999,80,78,123,119
-0.0034390000000000002,80,78,129,119
-0.0034480000000000001,80,78,120,119
-0.003457,78,78,119,119
-0.0034659999999999999,78,78,112,119
-0.0034750000000000002,80,78,121,119
-0.0034840000000000001,82,82,134,119
-0.003493,80,82,122,119
-0.0035019999999999999,82,82,130,119
-0.0035110000000000002,82,82,134,119
-0.0035200000000000001,80,82,127,119
-0.003529,82,82,133,119
-0.0035379999999999999,80,82,112,119
-0.0035470000000000002,80,82,121,119
-0.0035560000000000001,82,80,115,126
-0.003565,84,80,125,126
-0.0035739999999999999,74,80,108,126
-0.0035830000000000002,82,80,129,126
-0.0035920000000000001,82,80,126,126
-0.003601,80,80,123,126
-0.0036099999999999999,80,80,126,126
-0.0036190000000000003,80,80,118,126
-0.0036280000000000001,82,80,119,120
-0.003637,80,80,119,120
-0.0036459999999999999,82,80,124,120
-0.0036550000000000003,80,80,123,120
-0.0036640000000000002,80,80,120,120
-0.003673,80,80,123,120
-0.0036819999999999999,80,80,121,120
-0.0036910000000000003,78,82,118,131
-0.0037000000000000002,80,82,123,131
-0.0037090000000000001,80,82,123,131
-0.003718,80,82,121,131
-0.0037270000000000003,78,82,114,131
-0.0037360000000000002,78,82,120,131
-0.0037450000000000001,78,82,125,131
-0.003754,82,82,127,131
-0.0037630000000000003,82,82,130,131
-0.0037720000000000002,76,82,126,123
-0.0037810000000000001,78,82,119,123
-0.00379,78,82,118,123
-0.0037990000000000003,82,82,129,123
-0.0038080000000000002,80,82,127,123
-0.0038170000000000001,80,82,121,123
-0.003826,80,82,117,123
-0.0038350000000000003,82,80,128,114
-0.0038440000000000002,76,80,120,114
-0.0038530000000000001,78,80,118,114
-0.003862,82,80,130,114
-0.0038710000000000003,82,80,126,114
-0.0038800000000000002,80,80,129,114
-0.0038890000000000001,78,80,118,114
-0.003898,80,80,116,114
-0.0039069999999999999,82,80,119,114
-0.0039160000000000002,80,80,130,116
-0.0039249999999999997,82,80,125,116
-0.003934,82,80,131,116
-0.0039430000000000003,78,80,118,116
-0.0039519999999999998,82,80,133,116
-0.0039610000000000001,78,80,115,116
-0.0039700000000000004,80,80,123,116
-0.0039789999999999999,76,80,120,116
-0.0039880000000000002,82,80,136,116
-0.0039969999999999997,82,80,128,116
-0.004006,82,80,127,116
-0.0040150000000000003,78,80,118,116
-0.0040239999999999998,80,80,113,116
-0.0040330000000000001,82,80,125,116
-0.0040420000000000005,82,80,127,116
-0.0040509999999999999,82,80,122,122
-0.0040600000000000002,78,80,115,122
-0.0040689999999999997,80,80,122,122
-0.004078,78,80,117,122
-0.0040870000000000004,80,80,120,122
-0.0040959999999999998,80,80,121,122
-0.0041050000000000001,78,80,115,122
-0.0041140000000000005,82,84,128,134
-0.0041229999999999999,82,84,124,134
-0.0041320000000000003,80,84,121,134
-0.0041409999999999997,80,84,124,134
-0.00415,76,84,114,134
-0.0041590000000000004,82,84,124,134
-0.0041679999999999998,82,84,126,134
-0.0041770000000000002,80,84,117,134
-0.0041860000000000005,78,84,118,134
-0.0041949999999999999,78,80,116,123
-0.0042040000000000003,82,80,130,123
-0.0042129999999999997,78,80,113,123
-0.0042220000000000001,80,80,123,123
-0.0042310000000000004,78,80,122,123
-0.0042399999999999998,82,80,118,123
-0.0042490000000000002,80,78,116,121
-0.0042580000000000005,82,78,126,121
-0.004267,82,78,119,121
-0.0042760000000000003,84,78,128,121
-0.0042849999999999997,80,78,125,121
-0.0042940000000000001,84,78,131,121
-0.0043030000000000004,82,78,121,121
-0.0043119999999999999,84,78,133,121
-0.0043210000000000002,78,78,122,121
-0.0043300000000000005,78,78,122,121
-0.004339,78,82,117,128
-0.0043480000000000003,78,82,117,128
-0.0043569999999999998,80,82,119,128
-0.0043660000000000001,82,82,125,128
-0.0043750000000000004,82,82,125,128
-0.0043839999999999999,82,82,130,128
-0.0043930000000000002,82,76,112,119
-0.0044020000000000005,80,76,112,119
-0.004411,80,76,118,119
-0.0044200000000000003,80,76,129,119
-0.0044289999999999998,80,76,124,119
-0.0044380000000000001,80,76,120,119
-0.0044470000000000004,82,76,121,119
-0.0044559999999999999,80,76,122,119
-0.0044650000000000002,82,76,121,119
-0.0044739999999999997,80,76,132,119
-0.004483,78,82,122,121
-0.0044920000000000003,82,82,127,121
-0.0045009999999999998,82,82,125,121
-0.0045100000000000001,80,82,120,121
-0.0045190000000000004,78,82,118,121
-0.0045279999999999999,80,82,125,122
-0.0045370000000000002,80,82,126,122
-0.0045459999999999997,78,82,117,122
-0.004555,80,82,124,122
-0.0045640000000000003,80,82,122,122
-0.0045729999999999998,82,82,123,122
-0.0045820000000000001,80,82,129,122
-0.0045910000000000005,80,82,127,122
-0.0045999999999999999,78,82,121,122
-0.0046090000000000002,82,82,118,122
-0.0046179999999999997,82,82,131,122
-0.004627,80,82,125,123
-0.0046360000000000004,82,82,125,123
-0.0046449999999999998,80,82,121,123
-0.0046540000000000002,82,82,128,123
-0.0046630000000000005,80,82,119,123
-0.0046719999999999999,82,80,124,119
-0.0046810000000000003,76,80,110,119
-0.0046899999999999997,82,80,124,119
-0.0046990000000000001,82,80,124,119
-0.0047080000000000004,80,80,127,119
-0.0047169999999999998,80,80,119,119
-0.0047260000000000002,78,80,119,119
-0.0047350000000000005,80,80,128,119
-0.004744,78,80,120,119
-0.0047530000000000003,78,80,118,119
-0.0047619999999999997,82,80,123,122
-0.0047710000000000001,76,80,119,122
-0.0047800000000000004,78,80,120,122
-0.0047889999999999999,80,80,120,122
-0.0047980000000000002,80,80,126,122
-0.0048070000000000005,78,78,120,115
-0.004816,82,78,127,115
-0.0048250000000000003,80,78,124,115
-0.0048339999999999998,80,78,117,115
-0.0048430000000000001,80,78,129,115
-0.0048520000000000004,76,78,117,115
-0.0048609999999999999,82,78,122,115
-0.0048700000000000002,80,78,126,115
-0.0048790000000000005,82,78,125,115
-0.004888,80,78,117,115
-0.0048970000000000003,80,78,129,115
-0.0049059999999999998,80,82,120,124
-0.0049150000000000001,78,82,116,124
-0.0049240000000000004,80,82,121,124
-0.0049329999999999999,80,82,110,124
-0.0049420000000000002,82,82,124,124
-0.0049510000000000005,76,80,113,116
-0.00496,80,80,124,116
-0.0049690000000000003,74,80,112,116
-0.0049779999999999998,76,80,116,116
-0.0049870000000000001,78,80,125,116
-0.0049960000000000004,76,80,123,116
-0.0050049999999999999,80,74,119,115
-0.0050140000000000002,78,74,115,115
-0.0050230000000000006,80,74,115,115
-0.005032,82,74,136,115
-0.0050410000000000003,82,74,127,115
-0.0050499999999999998,82,74,132,115
-0.0050590000000000001,80,68,118,105
-0.0050680000000000005,78,68,111,105
-0.0050769999999999999,80,68,123,105
-0.0050860000000000002,80,70,114,105
-0.0050949999999999997,80,70,121,105
-0.005104,80,70,122,105
-0.0051130000000000004,82,70,122,105
-0.0051219999999999998,82,70,120,105
-0.0051310000000000001,84,70,133,105
-0.0051400000000000005,80,70,127,105
-0.0051489999999999999,80,70,121,105
-0.0051580000000000003,88,70,134,105
-0.0051669999999999997,78,70,123,105
-0.005176,72,70,111,105
-0.0051850000000000004,80,70,131,105
-0.0051939999999999998,80,72,124,110
-0.0052030000000000002,80,72,114,110
-0.0052120000000000005,80,72,127,110
-0.0052209999999999999,82,72,120,110
-0.0052300000000000003,82,72,118,110
-0.0052389999999999997,82,72,129,110
-0.0052480000000000001,80,72,126,110
-0.0052570000000000004,80,72,121,110
-0.0052659999999999998,80,72,125,114
-0.0052750000000000002,82,72,130,114
-0.0052840000000000005,84,72,123,114
-0.005293,78,72,115,114
-0.0053020000000000003,82,72,128,114
-0.0053109999999999997,80,72,122,114
-0.0053200000000000001,80,72,112,114
-0.0053290000000000004,82,72,122,114
-0.0053379999999999999,78,72,112,114
-0.0053470000000000002,80,72,121,114
-0.0053560000000000005,80,72,123,114
-0.005365,82,72,124,114
-0.0053740000000000003,82,68,123,109
-0.0053829999999999998,78,68,118,109
-0.0053920000000000001,80,68,120,109
-0.0054010000000000004,82,68,126,109
-0.0054099999999999999,76,68,113,109
-0.0054190000000000002,82,68,140,109
-0.0054280000000000005,78,68,114,109
-0.005437,80,68,122,109
-0.0054460000000000003,78,72,125,103
-0.0054549999999999998,80,72,118,103
-0.0054640000000000001,82,72,134,103
-0.0054730000000000004,84,72,123,103
-0.0054819999999999999,80,72,123,103
-0.0054910000000000002,80,72,119,103
-0.0055000000000000005,80,72,121,103
-0.005509,82,72,124,103
-0.0055180000000000003,78,72,116,103
-0.0055269999999999998,76,72,116,103
-0.0055360000000000001,80,72,119,103
-0.0055450000000000004,80,72,112,103
-0.0055539999999999999,80,72,121,117
-0.0055630000000000002,80,72,120,117
-0.0055720000000000006,82,72,133,117
-0.005581,80,72,120,117
-0.0055900000000000004,82,72,122,117
-0.0055989999999999998,82,72,130,117
-0.0056080000000000001,82,72,116,117
-0.0056170000000000005,80,72,121,117
-0.0056259999999999999,78,70,121,108
-0.0056350000000000003,76,70,112,108
-0.0056439999999999997,78,70,121,108
-0.005653,80,70,123,108
-0.0056620000000000004,80,70,121,108
-0.0056709999999999998,82,70,130,108
-0.0056800000000000002,78,70,121,108
-0.0056890000000000005,80,70,119,108
-0.0056979999999999999,78,70,114,108
-0.0057070000000000003,82,70,125,108
-0.0057159999999999997,82,70,127,108
-0.0057250000000000001,80,70,117,108
-0.0057340000000000004,80,68,118,97
-0.0057429999999999998,80,68,118,97
-0.0057520000000000002,80,68,122,97
-0.0057610000000000005,82,68,131,97
-0.00577,80,68,123,97
-0.0057790000000000003,80,68,107,97
-0.0057879999999999997,80,68,123,97
-0.0057970000000000001,80,68,122,97
-0.0058060000000000004,80,70,129,110
-0.0058149999999999999,82,70,121,110
-0.0058240000000000002,82,70,126,110
-0.0058330000000000005,80,70,124,110
-0.005842,80,70,108,110
-0.0058510000000000003,80,70,126,110
-0.0058599999999999998,80,70,129,110
-0.0058690000000000001,72,70,111,110
-0.0058780000000000004,80,70,120,110
-0.0058869999999999999,78,70,113,110
-0.0058960000000000002,80,70,128,110
-0.0059050000000000005,80,70,121,110
-0.005914,76,70,123,110
-0.0059230000000000003,82,70,124,104
-0.0059319999999999998,82,70,121,104
-0.0059410000000000001,80,70,124,104
-0.0059500000000000004,76,70,113,104
-0.0059589999999999999,82,70,121,104
-0.0059680000000000002,84,70,132,104
-0.0059770000000000005,78,70,127,112
-0.005986,82,70,124,112
-0.0059950000000000003,82,70,131,112
-0.0060039999999999998,82,70,117,112
-0.0060130000000000001,80,70,113,112
-0.0060220000000000004,80,70,126,112
-0.0060309999999999999,76,70,116,112
-0.0060400000000000002,80,70,120,112
-0.0060490000000000006,76,70,122,112
-0.006058,82,70,125,112
-0.0060670000000000003,82,70,120,112
-0.0060759999999999998,80,70,126,112
-0.0060850000000000001,82,70,123,112
-0.0060940000000000005,82,70,135,112
-0.0061029999999999999,82,70,129,99
-0.0061120000000000002,80,70,120,99
-0.0061210000000000006,82,70,130,99
-0.00613,82,70,127,99
-0.0061390000000000004,82,70,123,99
-0.0061479999999999998,80,70,113,99
-0.0061570000000000001,80,72,122,111
-0.0061660000000000005,82,72,127,111
-0.0061749999999999999,76,72,122,111
-0.0061840000000000003,80,72,119,111
-0.0061929999999999997,78,72,117,111
-0.006202,82,72,118,111
-0.0062110000000000004,76,72,109,111
-0.0062199999999999998,82,72,124,111
-0.0062290000000000002,80,72,121,111
-0.0062380000000000005,80,72,119,111
-0.0062469999999999999,80,72,122,111
-0.0062560000000000003,80,72,121,111
-0.0062649999999999997,78,72,119,111
-0.0062740000000000001,78,72,111,111
-0.0062830000000000004,82,72,126,113
-0.0062919999999999998,82,72,136,113
-0.0063010000000000002,82,72,132,113
-0.0063100000000000005,82,72,118,113
-0.006319,78,72,113,113
-0.0063280000000000003,80,72,116,113
-0.0063369999999999998,78,72,119,108
-0.0063460000000000001,82,72,126,108
-0.0063550000000000004,80,72,124,108
-0.0063639999999999999,80,72,127,108
-0.0063730000000000002,78,72,122,108
-0.0063820000000000005,82,72,121,108
-0.006391,76,72,112,108
-0.0064000000000000003,78,72,116,108
-0.0064089999999999998,82,72,128,108
-0.0064180000000000001,78,72,114,108
-0.0064270000000000004,80,72,119,108
-0.0064359999999999999,78,72,107,108
-0.0064450000000000002,78,72,116,108
-0.0064540000000000005,82,72,121,108
-0.006463,80,70,122,102
-0.0064720000000000003,80,66,116,102
-0.0064809999999999998,76,66,120,102
-0.0064900000000000001,80,66,122,102
-0.0064990000000000004,82,66,119,102
-0.0065079999999999999,78,66,118,102
-0.0065170000000000002,78,66,116,102
-0.0065260000000000006,82,66,126,102
-0.006535,78,66,122,102
-0.0065440000000000003,82,66,124,102
-0.0065529999999999998,82,66,126,102
-0.0065620000000000001,80,66,122,102
-0.0065710000000000005,80,66,123,102
-0.0065799999999999999,80,66,125,102
-0.0065890000000000002,82,66,126,102
-0.0065980000000000006,78,70,113,103
-0.006607,80,70,120,103
-0.0066160000000000004,80,70,124,103
-0.0066249999999999998,80,70,117,103
-0.0066340000000000001,82,70,127,103
-0.0066430000000000005,82,70,123,103
-0.0066519999999999999,78,68,121,100
-0.0066610000000000003,76,68,121,100
-0.0066700000000000006,80,68,128,100
-0.006679,80,68,127,100
-0.0066880000000000004,80,68,129,100
-0.0066969999999999998,80,68,125,100
-0.0067060000000000002,82,68,123,100
-0.0067150000000000005,80,68,123,100
-0.0067239999999999999,80,68,121,100
-0.0067330000000000003,82,68,133,100
-0.0067420000000000006,78,68,122,100
-0.0067510000000000001,82,68,123,100
-0.0067600000000000004,82,68,131,100
-0.0067689999999999998,78,68,115,100
-0.0067780000000000002,76,72,119,115
-0.0067870000000000005,80,72,122,115
-0.006796,80,72,126,115
-0.0068050000000000003,82,72,117,115
-0.0068139999999999997,82,72,130,115
-0.0068230000000000001,82,68,126,100
-0.0068320000000000004,80,68,125,100
-0.0068409999999999999,82,68,122,100
-0.0068500000000000002,78,68,120,100
-0.0068590000000000005,82,68,129,100
-0.006868,70,68,112,100
-0.0068770000000000003,80,68,121,100
-0.0068859999999999998,82,68,123,100
-0.0068950000000000001,78,68,119,100
-0.0069040000000000004,82,68,118,100
-0.0069129999999999999,78,68,116,100
-0.0069220000000000002,80,68,129,100
-0.0069310000000000005,74,68,114,100
-0.00694,82,68,125,100
-0.0069490000000000003,80,68,129,100
-0.0069579999999999998,80,68,124,100
-0.0069670000000000001,80,72,116,111
-0.0069760000000000004,80,72,123,111
-0.0069849999999999999,82,72,131,111
-0.0069940000000000002,80,72,114,111
-0.0070030000000000005,80,72,124,115
-0.007012,80,72,116,115
-0.0070210000000000003,78,72,124,115
-0.0070299999999999998,82,72,119,115
-0.0070390000000000001,82,72,128,115
-0.0070480000000000004,80,72,121,115
-0.0070569999999999999,82,72,121,115
-0.0070660000000000002,78,72,120,115
-0.0070750000000000006,82,72,119,115
-0.007084,80,72,117,115
-0.0070930000000000003,80,72,115,115
-0.0071019999999999998,80,72,115,115
-0.0071110000000000001,80,72,124,115
-0.0071200000000000005,78,72,115,115
-0.0071289999999999999,80,72,122,115
-0.0071380000000000002,78,72,122,115
-0.0071470000000000006,82,70,129,114
-0.007156,82,70,126,114
-0.0071650000000000004,82,70,123,114
-0.0071739999999999998,80,70,126,114
-0.0071830000000000001,80,72,125,114
-0.0071920000000000005,82,72,121,114
-0.0072009999999999999,80,72,127,114
-0.0072100000000000003,76,72,124,114
-0.0072190000000000006,80,72,122,114
-0.007228,80,72,124,114
-0.0072370000000000004,80,72,123,114
-0.0072459999999999998,80,72,113,114
-0.0072550000000000002,76,72,115,114
-0.0072640000000000005,82,72,117,114
-0.007273,82,72,128,114
-0.0072820000000000003,80,72,133,114
-0.0072910000000000006,78,72,117,114
-0.0073000000000000001,80,72,120,114
-0.0073090000000000004,80,72,120,114
-0.0073179999999999999,82,72,129,114
-0.0073270000000000002,80,70,116,105
-0.0073360000000000005,78,70,125,105
-0.007345,78,70,117,105
-0.0073540000000000003,80,70,116,105
-0.0073629999999999998,82,70,125,102
-0.0073720000000000001,82,70,125,102
-0.0073810000000000004,78,70,118,102
-0.0073899999999999999,80,70,124,102
-0.0073990000000000002,80,70,121,102
-0.0074080000000000005,82,70,124,102
-0.007417,82,70,134,102
-0.0074260000000000003,82,70,123,102
-0.0074349999999999998,84,70,123,102
-0.0074440000000000001,82,70,121,102
-0.0074530000000000004,82,70,131,102
-0.0074619999999999999,80,70,119,102
-0.0074710000000000002,82,70,128,102
-0.0074800000000000005,78,70,123,102
-0.007489,82,70,132,102
-0.0074980000000000003,82,70,126,102
-0.0075069999999999998,82,70,121,96
-0.0075160000000000001,82,70,134,96
-0.0075250000000000004,80,70,125,96
-0.0075339999999999999,82,70,117,96
-0.0075430000000000002,80,70,124,110
-0.0075520000000000006,82,70,128,110
-0.007561,76,70,116,110
-0.0075700000000000003,78,70,124,110
-0.0075789999999999998,78,70,124,110
-0.0075880000000000001,80,70,122,110
-0.0075970000000000005,82,70,123,110
-0.0076059999999999999,80,70,119,110
-0.0076150000000000002,82,70,125,110
-0.0076240000000000006,82,70,126,110
-0.007633,80,70,121,110
-0.0076420000000000004,82,70,130,110
-0.0076509999999999998,80,70,120,110
-0.0076600000000000001,80,70,124,110
-0.0076690000000000005,78,70,122,110
-0.0076779999999999999,80,70,122,110
-0.0076870000000000003,80,72,117,117
-0.0076960000000000006,80,72,115,117
-0.007705,78,72,121,117
-0.0077140000000000004,82,72,118,106
-0.0077229999999999998,82,72,120,106
-0.0077320000000000002,80,72,109,106
-0.0077410000000000005,80,72,114,106
-0.0077499999999999999,82,72,124,106
-0.0077590000000000003,78,72,121,106
-0.0077680000000000006,78,72,109,106
-0.0077770000000000001,80,72,119,106
-0.0077860000000000004,76,72,110,106
-0.0077949999999999998,80,72,116,106
-0.0078040000000000002,80,72,121,106
-0.0078130000000000005,76,72,118,106
-0.0078220000000000008,78,72,118,106
-0.0078309999999999994,80,72,120,106
-0.0078399999999999997,80,72,125,106
-0.0078490000000000001,82,72,125,106
-0.0078580000000000004,82,72,124,106
-0.0078670000000000007,80,72,117,106
-0.0078760000000000011,80,70,116,107
-0.0078849999999999996,82,70,122,107
-0.007894,76,70,117,107
-0.0079030000000000003,78,70,116,107
-0.0079120000000000006,84,70,125,107
-0.007921000000000001,78,70,117,107
-0.0079299999999999995,82,70,126,107
-0.0079389999999999999,78,70,112,107
-0.0079480000000000002,82,70,123,107
-0.0079570000000000005,82,70,119,107
-0.0079660000000000009,80,70,130,107
-0.0079749999999999995,80,70,130,107
-0.0079839999999999998,78,70,117,107
-0.0079930000000000001,78,70,112,107
-0.0080020000000000004,84,70,124,107
-0.0080110000000000008,80,70,114,111
-0.0080199999999999994,80,70,116,111
-0.0080289999999999997,82,70,130,111
-0.008038,82,70,128,111
-0.0080470000000000003,82,70,136,111
-0.0080560000000000007,78,70,115,111
-0.008065000000000001,82,70,118,111
-0.0080739999999999996,80,70,127,111
-0.0080829999999999999,80,70,120,111
-0.0080920000000000002,82,70,121,111
-0.0081010000000000006,80,70,130,111
-0.0081100000000000009,74,70,105,111
-0.0081189999999999995,80,70,121,111
-0.0081279999999999998,80,70,119,111
-0.0081370000000000001,80,70,121,111
-0.0081460000000000005,80,70,117,111
-0.0081550000000000008,80,70,122,111
-0.0081639999999999994,82,70,123,111
-0.0081729999999999997,80,70,127,111
-0.008182,80,70,125,111
-0.0081910000000000004,82,68,135,102
-0.0082000000000000007,80,68,124,102
-0.008209000000000001,82,72,127,111
-0.0082179999999999996,82,72,117,111
-0.0082269999999999999,82,72,125,111
-0.0082360000000000003,82,72,120,111
-0.0082450000000000006,82,72,132,111
-0.0082540000000000009,80,72,127,111
-0.0082629999999999995,78,72,117,111
-0.0082719999999999998,74,72,109,111
-0.0082810000000000002,80,72,121,111
-0.0082900000000000005,82,72,122,111
-0.0082990000000000008,84,72,134,111
-0.0083079999999999994,78,72,123,111
-0.0083169999999999997,80,72,123,111
-0.0083260000000000001,78,72,120,111
-0.0083350000000000004,76,72,119,111
-0.0083440000000000007,78,72,117,111
-0.008353000000000001,80,72,122,111
-0.0083619999999999996,78,72,118,111
-0.008371,80,72,125,107
-0.0083800000000000003,80,72,119,107
-0.0083890000000000006,80,68,117,106
-0.008398000000000001,80,68,118,106
-0.0084069999999999995,80,68,115,106
-0.0084159999999999999,80,68,127,106
-0.0084250000000000002,80,68,125,106
-0.0084340000000000005,80,68,123,106
-0.0084430000000000009,80,68,120,106
-0.0084519999999999994,80,68,129,106
-0.0084609999999999998,80,68,122,106
-0.0084700000000000001,80,68,121,106
-0.0084790000000000004,78,68,121,106
-0.0084880000000000008,80,68,117,106
-0.0084969999999999993,80,68,119,106
-0.0085059999999999997,80,68,123,106
-0.008515,80,68,124,106
-0.0085240000000000003,80,68,116,106
-0.0085330000000000007,84,68,126,106
-0.008542000000000001,78,68,126,106
-0.0085509999999999996,76,72,115,104
-0.0085599999999999999,80,70,131,112
-0.0085690000000000002,80,70,117,112
-0.0085780000000000006,78,70,121,112
-0.0085870000000000009,80,70,116,112
-0.0085959999999999995,80,70,126,112
-0.0086049999999999998,84,70,122,112
-0.0086140000000000001,80,70,119,112
-0.0086230000000000005,82,70,121,112
-0.0086320000000000008,76,70,120,112
-0.0086409999999999994,80,70,112,112
-0.0086499999999999997,82,70,124,112
-0.008659,82,70,128,112
-0.0086680000000000004,82,70,128,112
-0.0086770000000000007,78,70,109,112
-0.008686000000000001,80,70,127,112
-0.0086949999999999996,78,70,117,112
-0.0087039999999999999,80,70,121,112
-0.0087130000000000003,82,70,125,112
-0.0087220000000000006,82,70,128,112
-0.0087310000000000009,72,70,107,112
-0.0087399999999999995,82,68,129,105
-0.0087489999999999998,82,68,120,105
-0.0087580000000000002,82,68,135,105
-0.0087670000000000005,80,68,118,105
-0.0087760000000000008,82,68,123,105
-0.0087849999999999994,84,68,130,105
-0.0087939999999999997,80,68,126,105
-0.0088030000000000001,80,68,116,105
-0.0088120000000000004,80,68,127,105
-0.0088210000000000007,82,68,119,105
-0.008830000000000001,80,68,119,105
-0.0088389999999999996,80,68,131,105
-0.008848,80,68,124,105
-0.0088570000000000003,80,68,131,105
-0.0088660000000000006,76,68,119,105
-0.0088750000000000009,80,68,127,105
-0.0088839999999999995,80,68,117,105
-0.0088929999999999999,78,68,119,105
-0.0089020000000000002,82,68,131,105
-0.0089110000000000005,78,68,118,105
-0.0089200000000000008,80,72,125,113
-0.0089289999999999994,80,72,127,113
-0.0089379999999999998,80,72,119,113
-0.0089470000000000001,80,72,116,113
-0.0089560000000000004,78,72,119,113
-0.0089650000000000007,80,72,121,113
-0.0089740000000000011,80,72,126,113
-0.0089829999999999997,78,72,113,113
-0.008992,76,72,114,113
-0.0090010000000000003,82,72,121,113
-0.0090100000000000006,80,72,128,113
-0.009019000000000001,82,72,117,113
-0.0090279999999999996,78,72,117,113
-0.0090369999999999999,78,72,123,113
-0.0090460000000000002,80,72,123,113
-0.0090550000000000005,80,72,122,113
-0.0090640000000000009,82,72,119,113
-0.0090729999999999995,84,72,123,113
-0.0090819999999999998,82,72,122,113
-0.0090910000000000001,82,72,137,113
-0.0091000000000000004,80,70,114,105
-0.0091090000000000008,78,70,114,105
-0.0091179999999999994,80,70,125,105
-0.0091269999999999997,82,70,132,105
-0.009136,80,70,120,105
-0.0091450000000000004,82,70,122,105
-0.0091540000000000007,82,70,125,105
-0.009163000000000001,80,70,125,105
-0.0091719999999999996,76,70,108,105
-0.0091809999999999999,80,70,122,105
-0.0091900000000000003,76,70,114,105
-0.0091990000000000006,80,70,124,105
-0.0092080000000000009,82,70,125,105
-0.0092169999999999995,74,70,106,105
-0.0092259999999999998,80,70,123,105
-0.0092350000000000002,80,70,117,105
-0.0092440000000000005,80,70,121,105
-0.0092530000000000008,80,70,121,105
-0.0092619999999999994,80,70,126,105
-0.0092709999999999997,78,70,110,105
-0.0092800000000000001,82,70,123,106
-0.0092890000000000004,80,70,123,106
-0.0092980000000000007,82,70,127,106
-0.009307000000000001,82,70,115,106
-0.0093159999999999996,76,70,118,106
-0.009325,82,70,129,106
-0.0093340000000000003,78,70,112,106
-0.0093430000000000006,80,70,128,106
-0.0093520000000000009,78,70,121,106
-0.0093609999999999995,76,70,119,106
-0.0093699999999999999,78,70,113,106
-0.0093790000000000002,80,70,120,106
-0.0093880000000000005,78,70,118,106
-0.0093970000000000008,82,70,127,106
-0.0094059999999999994,78,68,115,104
-0.0094149999999999998,80,68,119,104
-0.0094240000000000001,80,68,119,104
-0.0094330000000000004,82,68,132,104
-0.0094420000000000007,78,68,119,104
-0.0094510000000000011,82,68,126,104
-0.0094599999999999997,78,68,121,104
-0.009469,82,68,124,104
-0.0094780000000000003,80,68,120,104
-0.0094870000000000006,80,68,122,104
-0.009496000000000001,82,68,124,104
-0.0095049999999999996,76,68,120,104
-0.0095139999999999999,78,68,119,104
-0.0095230000000000002,80,68,124,104
-0.0095320000000000005,80,68,126,104
-0.0095410000000000009,80,68,121,104
-0.0095499999999999995,78,68,117,104
-0.0095589999999999998,80,68,122,104
-0.0095680000000000001,80,68,118,104
-0.0095770000000000004,80,68,121,104
-0.0095860000000000008,78,68,125,104
-0.0095950000000000011,80,68,122,104
-0.0096039999999999997,78,70,119,100
-0.009613,78,70,120,100
-0.0096220000000000003,80,70,129,100
-0.0096310000000000007,82,70,130,100
-0.009640000000000001,80,70,127,100
-0.0096489999999999996,78,70,123,100
-0.0096579999999999999,80,70,122,100
-0.0096670000000000002,80,70,124,100
-0.0096760000000000006,80,70,117,100
-0.0096850000000000009,80,70,129,100
-0.0096939999999999995,80,70,126,100
-0.0097029999999999998,78,70,115,100
-0.0097120000000000001,82,70,124,100
-0.0097210000000000005,80,70,123,100
-0.0097300000000000008,78,70,124,100
-0.0097389999999999994,80,70,129,100
-0.0097479999999999997,80,70,125,100
-0.009757,82,70,129,100
-0.0097660000000000004,82,72,126,105
-0.0097750000000000007,74,72,119,105
-0.009784000000000001,80,72,114,105
-0.0097929999999999996,80,72,121,105
-0.0098019999999999999,80,72,115,105
-0.0098110000000000003,82,72,135,105
-0.0098200000000000006,82,72,122,105
-0.0098290000000000009,78,72,116,105
-0.0098379999999999995,82,72,117,105
-0.0098469999999999999,82,72,124,105
-0.0098560000000000002,80,72,114,105
-0.0098650000000000005,82,72,122,105
-0.0098740000000000008,80,72,116,105
-0.0098829999999999994,78,72,111,105
-0.0098919999999999998,78,72,123,105
-0.0099010000000000001,76,72,111,105
-0.0099100000000000004,80,72,118,105
-0.0099190000000000007,80,72,128,105
-0.0099280000000000011,80,72,125,105
-0.0099369999999999997,78,72,120,105
-0.009946,78,72,131,105
-0.0099550000000000003,78,72,120,105
-0.0099640000000000006,80,70,120,109
-0.009973000000000001,76,70,113,109
-0.0099819999999999996,82,70,128,109
-0.0099909999999999999,80,70,116,109
0.0001,88,92,134,151
0.0001009,92,92,137,151
0.00010180000000000001,90,88,143,138
0.0001027,90,88,136,138
0.00010360000000000001,90,86,135,139
0.00010450000000000001,92,86,138,139
0.0001054,90,90,140,140
0.00010630000000000001,92,90,143,140
0.0001072,90,90,143,131
0.0001081,92,92,139,135
0.00010900000000000001,92,92,143,135
0.0001099,92,92,140,135
0.00011080000000000001,92,88,133,137
0.0001117,86,86,129,140
0.0001126,92,86,146,140
0.00011350000000000001,92,86,134,140
0.0001144,92,90,137,138
0.00011530000000000001,90,92,139,136
0.00011620000000000001,88,92,134,136
0.0001171,88,92,135,136
0.00011800000000000001,88,92,133,147
0.0001189,90,88,131,127
0.0001198,92,88,135,127
0.00012070000000000001,88,88,140,127
0.0001216,88,90,125,145
0.0001225,88,90,131,138
0.00012339999999999999,92,90,138,138
0.00012430000000000001,90,90,138,138
0.00012520000000000001,92,90,135,138
0.0001261,92,90,139,138
0.000127,84,90,132,138
0.00012789999999999999,92,88,119,131
0.00012880000000000001,90,88,137,131
0.00012970000000000001,90,86,129,136
0.0001306,86,86,138,136
0.0001315,90,90,141,129
0.00013239999999999999,92,88,140,129
0.00013330000000000001,88,88,132,129
0.00013420000000000001,92,88,142,129
0.0001351,90,90,145,144
0.000136,94,90,146,144
0.00013689999999999999,90,90,136,144
0.00013780000000000002,86,90,134,144
0.00013870000000000001,90,90,135,143
0.00013960000000000001,92,88,137,137
0.0001405,90,88,130,137
0.00014139999999999999,90,88,133,137
0.00014229999999999999,88,90,139,139
0.00014320000000000001,90,90,129,140
0.00014410000000000001,90,90,129,140
0.000145,92,90,141,140
0.0001459,90,90,138,133
0.00014679999999999999,88,88,141,126
0.00014770000000000001,90,88,136,126
0.00014860000000000001,92,88,138,126
0.0001495,90,90,137,136
0.0001504,90,86,141,123
0.00015129999999999999,90,86,138,123
0.00015220000000000001,90,86,129,123
0.00015310000000000001,88,90,135,138
0.000154,92,88,139,131
0.0001549,92,88,134,131
0.00015579999999999999,90,88,138,131
0.00015670000000000001,92,84,143,131
0.00015760000000000001,90,90,130,133
0.0001585,90,90,132,133
0.0001594,92,90,144,133
0.00016029999999999999,92,92,130,145
0.00016120000000000002,92,90,127,131
0.00016210000000000001,90,90,141,131
0.000163,84,90,132,131
0.0001639,92,90,143,133
0.00016479999999999999,92,90,148,133
0.00016569999999999999,88,90,127,133
0.00016660000000000001,86,90,134,133
0.00016750000000000001,92,90,144,134
0.0001684,92,90,150,134
0.0001693,92,90,140,134
0.00017019999999999999,88,90,130,134
0.00017110000000000001,88,90,134,136
0.00017200000000000001,88,90,134,136
0.0001729,90,90,142,136
0.0001738,90,90,128,136
0.00017469999999999999,92,88,137,130
0.00017560000000000001,88,88,129,130
0.00017650000000000001,90,88,133,130
0.0001774,84,88,125,130
0.0001783,88,92,135,143
0.00017919999999999999,88,92,141,143
0.00018010000000000001,92,92,143,143
0.00018100000000000001,90,90,131,135
0.0001819,90,90,134,135
0.0001828,92,90,136,135
0.00018369999999999999,90,90,139,135
0.00018459999999999999,92,90,133,134
0.00018550000000000001,90,90,141,134
0.0001864,90,90,137,134
0.0001873,90,90,135,134
0.00018819999999999999,90,90,136,136
0.00018909999999999999,92,90,143,136
0.00019000000000000001,90,90,141,136
0.00019090000000000001,88,90,140,136
0.0001918,90,90,143,136
0.00019269999999999999,88,90,128,138
0.00019359999999999999,92,90,142,138
0.00019450000000000001,88,90,136,138
0.00019540000000000001,90,92,146,135
0.0001963,92,92,137,135
0.0001972,90,92,129,135
0.00019809999999999999,90,92,137,135
0.00019900000000000001,86,90,128,138
0.00019990000000000001,90,90,125,138
0.0002008,92,90,151,138
0.0002017,92,90,141,138
0.00020259999999999999,84,88,129,129
0.00020350000000000001,90,88,133,129
0.00020440000000000001,88,88,138,129
0.0002053,90,88,134,129
0.0002062,86,90,114,137
0.00020709999999999999,92,90,141,137
0.00020799999999999999,86,90,139,137
0.00020890000000000001,92,90,134,137
0.0002098,94,92,136,148
0.0002107,88,92,131,148
0.00021159999999999999,90,92,140,148
0.00021249999999999999,92,92,132,148
0.00021340000000000001,90,92,144,142
0.0002143,90,92,131,142
0.0002152,88,92,143,142
0.00021609999999999999,92,92,137,142
0.00021699999999999999,92,88,129,137
0.00021790000000000001,92,88,135,137
0.00021880000000000001,92,88,141,137
0.0002197,92,88,138,137
0.0002206,88,90,141,145
0.00022149999999999999,88,90,137,145
0.00022240000000000001,86,90,128,145
0.00022330000000000001,88,90,134,135
0.0002242,90,90,132,135
0.0002251,86,90,140,135
0.00022599999999999999,86,90,132,135
0.00022689999999999999,92,90,143,135
0.00022780000000000001,92,92,132,143
0.0002287,90,92,138,143
0.0002296,92,92,142,143
0.00023049999999999999,90,90,141,150
0.00023139999999999999,90,90,137,150
0.00023230000000000001,92,90,136,150
0.0002332,92,90,133,150
0.0002341,86,90,121,150
0.00023499999999999999,92,90,146,144
0.00023589999999999999,92,90,147,144
0.00023680000000000001,90,92,137,145
0.0002377,90,92,145,145
0.0002386,92,92,141,145
0.00023949999999999999,88,92,127,145
0.00024039999999999999,90,92,135,145
0.00024130000000000001,92,92,137,145
0.00024220000000000001,90,90,145,139
0.0002431,90,90,139,139
0.00024399999999999999,90,90,139,133
0.00024489999999999999,92,90,137,133
0.00024580000000000001,90,90,138,133
0.00024669999999999998,90,90,142,133
0.0002476,86,90,132,133
0.00024850000000000002,90,90,127,133
0.00024939999999999999,90,92,138,140
0.00025030000000000001,90,92,141,140
0.00025119999999999998,90,92,138,143
0.0002521,90,92,139,143
0.00025300000000000002,90,92,138,143
0.00025389999999999999,86,92,124,143
0.00025480000000000001,88,92,138,143
0.00025569999999999998,92,90,148,139
0.0002566,88,90,131,139
0.00025749999999999997,90,90,136,139
0.00025839999999999999,92,92,152,133
0.00025930000000000001,88,92,125,133
0.00026019999999999998,86,92,136,133
0.0002611,86,92,130,133
0.00026199999999999997,92,92,142,133
0.00026289999999999999,90,90,139,142
0.00026380000000000002,90,90,129,142
0.00026469999999999998,92,90,133,142
0.0002656,90,90,143,143
0.00026649999999999997,90,90,139,143
0.00026739999999999999,88,90,129,143
0.00026830000000000002,92,90,142,143
0.00026919999999999998,90,90,136,143
0.00027010000000000001,90,90,144,144
0.00027099999999999997,92,90,142,144
0.0002719,90,88,144,132
0.00027280000000000002,90,88,132,132
0.00027369999999999998,90,88,144,132
0.00027460000000000001,86,88,128,132
0.00027549999999999997,92,88,144,132
0.0002764,90,88,139,132
0.00027730000000000002,90,88,143,132
0.00027819999999999999,92,86,129,128
0.00027910000000000001,90,90,138,135
0.00027999999999999998,90,90,139,135
0.0002809,88,90,137,135
0.00028180000000000002,92,90,138,135
0.00028269999999999999,90,90,143,135
0.00028360000000000001,88,90,125,135
0.00028449999999999998,90,90,139,129
0.0002854,88,90,125,129
0.00028630000000000002,92,88,145,131
0.00028719999999999999,90,88,138,131
0.00028810000000000001,90,88,140,131
0.00028899999999999998,92,88,136,131
0.0002899,90,88,133,131
0.00029080000000000002,90,88,144,131
0.00029169999999999999,90,90,133,135
0.00029260000000000001,82,92,134,135
0.00029349999999999998,92,92,144,135
0.0002944,92,92,138,135
0.00029530000000000002,88,92,126,135
0.00029619999999999999,90,92,136,135
0.00029710000000000001,90,92,135,135
0.00029799999999999998,92,92,133,135
0.0002989,90,90,136,140
0.00029979999999999997,92,86,137,124
0.00030069999999999999,92,86,142,124
0.00030160000000000001,94,86,152,124
0.00030249999999999998,86,86,123,124
0.0003034,90,86,128,124
0.00030429999999999997,90,86,131,124
0.00030519999999999999,90,86,136,124
0.00030610000000000001,90,90,138,135
0.00030699999999999998,88,92,133,149
0.0003079,88,92,138,149
0.00030879999999999997,90,92,143,149
0.00030969999999999999,88,92,131,149
0.00031060000000000001,92,92,146,149
0.00031149999999999998,90,92,125,149
0.0003124,88,86,127,126
0.00031329999999999997,84,92,131,144
0.00031419999999999999,90,92,140,144
0.00031510000000000002,92,92,150,144
0.00031599999999999998,88,92,142,144
0.00031690000000000001,90,92,133,144
0.00031779999999999997,94,92,144,144
0.00031869999999999999,92,92,134,144
0.00031960000000000002,90,90,140,135
0.00032049999999999998,92,90,145,146
0.00032140000000000001,90,90,146,146
0.00032229999999999997,84,90,133,146
0.0003232,92,90,140,146
0.00032410000000000002,90,90,131,146
0.00032499999999999999,88,90,139,146
0.00032590000000000001,92,90,130,146
0.00032679999999999997,94,90,151,146
0.0003277,86,90,131,139
0.00032860000000000002,90,90,133,139
0.00032949999999999999,90,90,136,139
0.00033040000000000001,90,90,133,139
0.00033129999999999998,92,90,140,139
0.0003322,92,90,140,139
0.00033310000000000002,92,90,143,139
0.00033399999999999999,90,90,132,139
0.00033490000000000001,92,90,138,131
0.00033579999999999998,94,90,153,131
0.0003367,92,90,144,131
0.00033760000000000002,90,90,134,131
0.00033849999999999999,90,90,139,131
0.00033940000000000001,90,90,142,131
0.00034029999999999998,92,90,137,131
0.0003412,88,90,128,134
0.00034209999999999997,90,90,138,129
0.00034299999999999999,92,90,137,129
0.00034390000000000001,90,90,138,129
0.00034479999999999998,90,90,136,129
0.0003457,92,90,134,129
0.00034659999999999997,92,90,140,129
0.00034749999999999999,90,90,136,129
0.00034840000000000001,90,90,133,140
0.00034929999999999998,90,90,134,140
0.0003502,84,90,130,140
0.00035109999999999997,86,90,143,140
0.00035199999999999999,88,90,130,140
0.00035290000000000001,88,90,138,140
0.00035379999999999998,88,90,131,140
0.0003547,92,90,141,140
0.00035559999999999997,86,90,140,135
0.00035649999999999999,90,90,137,135
0.00035740000000000001,90,90,132,135
0.00035829999999999998,92,90,143,135
0.0003592,90,90,145,135
0.00036009999999999997,86,90,125,135
0.00036099999999999999,90,90,134,135
0.00036190000000000001,94,90,146,135
0.00036279999999999998,90,90,132,141
0.0003637,84,90,135,141
0.00036459999999999997,88,90,135,141
0.00036549999999999999,90,90,135,141
0.00036640000000000002,92,90,144,141
0.00036729999999999998,86,90,125,141
0.00036820000000000001,90,90,146,141
0.00036909999999999997,92,92,141,141
0.00036999999999999999,90,92,132,141
0.00037090000000000002,92,92,141,141
0.00037179999999999998,88,92,132,141
0.00037270000000000001,90,92,134,141
0.00037359999999999997,92,92,132,141
0.0003745,88,92,137,141
0.00037540000000000002,92,92,148,141
0.00037629999999999999,90,92,138,141
0.00037720000000000001,92,90,143,142
0.00037809999999999997,90,90,137,142
0.000379,90,90,139,142
0.00037990000000000002,90,90,136,142
0.00038079999999999999,92,90,136,142
0.00038170000000000001,90,90,139,142
0.00038259999999999998,90,90,130,142
0.0003835,92,90,138,136
0.00038439999999999997,92,90,146,136
0.00038529999999999999,90,90,142,136
0.00038620000000000001,90,90,138,136
0.00038709999999999998,88,90,139,136
0.000388,92,90,135,136
0.00038889999999999997,90,90,142,136
0.00038979999999999999,90,90,140,136
0.00039070000000000001,88,90,136,136
0.00039159999999999998,90,90,135,136
0.0003925,88,90,141,136
0.00039339999999999997,92,90,135,136
0.00039429999999999999,92,90,150,136
0.00039520000000000001,88,90,134,136
0.00039609999999999998,90,90,138,136
0.000397,92,90,139,136
0.00039789999999999997,90,88,135,137
0.00039879999999999999,88,88,139,137
0.00039970000000000001,88,88,131,137
0.00040059999999999998,90,88,138,137
0.0004015,88,88,138,137
0.00040239999999999997,92,88,142,137
0.00040329999999999999,92,88,145,137
0.00040420000000000001,92,88,135,137
0.00040509999999999998,92,84,137,137
0.000406,90,84,138,137
0.00040689999999999997,90,84,140,137
0.00040779999999999999,88,84,129,137
0.00040870000000000001,88,84,135,137
0.00040959999999999998,90,84,133,137
0.0004105,92,84,148,137
0.00041139999999999997,90,90,134,137
0.00041229999999999999,92,90,140,137
0.00041320000000000001,90,90,140,137
0.00041409999999999998,86,90,135,137
0.000415,90,90,137,137
0.00041589999999999997,90,90,131,137
0.00041679999999999999,90,90,141,137
0.00041770000000000002,90,90,130,137
0.00041859999999999998,86,90,124,137
0.00041950000000000001,90,92,134,133
0.00042039999999999997,90,92,133,133
0.00042129999999999999,90,92,125,133
0.00042220000000000002,92,92,148,133
0.00042309999999999998,90,92,133,133
0.00042400000000000001,88,92,132,133
0.00042489999999999997,92,90,137,139
0.0004258,90,90,142,139
0.00042669999999999996,90,90,140,139
0.00042759999999999999,92,90,133,139
0.00042850000000000001,88,90,138,139
0.00042939999999999997,92,90,142,139
0.0004303,90,90,133,139
0.00043119999999999996,90,90,130,139
0.00043209999999999999,90,90,144,139
0.00043300000000000001,90,90,142,139
0.00043389999999999998,88,92,129,140
0.0004348,92,92,134,140
0.00043569999999999997,90,92,137,140
0.00043659999999999999,88,92,137,140
0.00043750000000000001,92,92,139,140
0.00043839999999999998,92,92,147,140
0.0004393,90,88,135,140
0.00044019999999999997,90,88,142,140
0.00044109999999999999,92,88,137,140
0.00044200000000000001,92,88,134,140
0.00044289999999999998,90,88,145,140
0.0004438,90,88,144,140
0.00044469999999999997,90,88,140,140
0.00044559999999999999,88,88,140,140
0.00044650000000000001,90,88,127,140
0.00044739999999999998,90,88,132,140
0.0004483,86,90,136,129
0.00044919999999999997,92,90,139,129
0.00045009999999999999,90,90,135,129
0.00045100000000000001,90,90,130,129
0.00045189999999999998,90,90,134,129
0.0004528,90,90,132,133
0.00045369999999999997,90,90,150,133
0.00045459999999999999,90,90,135,133
0.00045550000000000001,90,90,136,133
0.00045639999999999998,90,90,139,133
0.0004573,92,90,143,133
0.00045819999999999997,92,90,143,133
0.00045909999999999999,88,90,134,133
0.00046000000000000001,90,90,140,133
0.00046089999999999998,92,90,143,133
0.0004618,90,90,134,133
0.00046269999999999997,88,90,138,129
0.00046359999999999999,92,90,142,129
0.00046450000000000001,90,90,150,129
0.00046539999999999998,88,90,135,129
0.0004663,90,90,143,129
0.00046719999999999997,88,92,128,141
0.00046809999999999999,86,92,126,141
0.00046899999999999996,88,92,131,141
0.00046989999999999998,94,92,148,141
0.00047080000000000001,90,92,144,141
0.00047169999999999997,92,92,134,141
0.00047259999999999999,92,92,156,141
0.00047349999999999996,90,92,133,141
0.00047439999999999998,92,92,129,141
0.00047530000000000001,90,92,134,141
0.00047619999999999997,92,92,140,145
0.0004771,90,92,139,145
0.00047799999999999996,92,92,145,145
0.00047889999999999999,90,92,136,145
0.00047980000000000001,92,92,134,145
0.00048069999999999997,90,90,137,142
0.0004816,92,90,130,142
0.00048249999999999996,90,90,134,142
0.00048339999999999999,88,90,123,142
0.00048430000000000001,90,90,141,142
0.00048519999999999998,90,90,139,142
0.0004861,90,90,144,142
0.00048699999999999997,90,90,146,142
0.00048789999999999999,90,90,138,142
0.00048879999999999996,92,90,149,142
0.00048970000000000003,80,90,124,142
0.0004906,90,90,136,135
0.00049149999999999997,88,90,133,135
0.00049239999999999993,90,90,133,135
0.00049330000000000001,94,90,144,135
0.00049419999999999998,92,90,147,135
0.00049509999999999995,92,88,130,135
0.00049600000000000002,92,88,148,135
0.00049689999999999999,90,88,135,135
0.00049779999999999996,90,88,138,135
0.00049870000000000003,92,88,140,135
0.0004996,90,88,140,135
0.00050049999999999997,90,78,135,119
0.00050139999999999994,86,78,129,119
0.00050230000000000001,90,78,140,119
0.00050319999999999998,90,78,130,119
0.00050409999999999995,90,78,137,119
0.00050500000000000002,88,78,130,119
0.00050589999999999999,92,80,143,125
0.00050679999999999996,88,80,128,125
0.00050770000000000003,90,80,141,125
0.0005086,92,84,136,123
0.00050949999999999997,90,84,138,123
0.00051039999999999994,86,84,137,123
0.00051130000000000001,84,84,129,123
0.00051219999999999998,92,84,133,123
0.00051309999999999995,90,84,139,123
0.00051400000000000003,90,84,136,123
0.00051489999999999999,88,84,140,123
0.00051579999999999996,88,84,137,123
0.00051670000000000004,90,84,139,123
0.0005176,90,84,133,123
0.00051849999999999997,92,84,132,123
0.00051939999999999994,88,82,133,123
0.00052030000000000002,92,82,133,123
0.00052119999999999998,92,82,135,123
0.00052209999999999995,90,82,135,123
0.00052300000000000003,90,82,136,123
0.0005239,88,82,121,123
0.00052479999999999996,90,82,138,123
0.00052570000000000004,92,82,141,123
0.00052660000000000001,90,78,144,127
0.00052749999999999997,90,78,142,127
0.00052839999999999994,90,78,139,127
0.00052930000000000002,92,78,143,127
0.00053019999999999999,90,78,143,127
0.00053109999999999995,90,78,137,127
0.00053200000000000003,92,78,132,127
0.0005329,90,78,148,127
0.00053379999999999996,90,78,134,127
0.00053469999999999993,90,78,143,127
0.00053560000000000001,90,78,127,127
0.00053649999999999998,88,78,133,127
0.00053739999999999994,88,82,128,129
0.00053830000000000002,88,82,133,129
0.00053919999999999999,90,82,136,129
0.00054009999999999996,92,82,132,129
0.00054100000000000003,88,82,131,129
0.0005419,90,82,144,129
0.00054279999999999997,90,82,138,129
0.00054369999999999993,92,82,145,129
0.00054460000000000001,86,82,125,129
0.00054549999999999998,92,82,138,129
0.00054639999999999995,90,82,131,129
0.00054730000000000002,90,82,135,129
0.00054819999999999999,88,82,133,129
0.00054909999999999996,88,82,132,129
0.00055000000000000003,88,82,140,129
0.0005509,90,82,137,129
0.00055179999999999997,86,82,126,129
0.00055269999999999994,90,82,129,129
0.00055360000000000001,92,82,139,129
0.00055449999999999998,90,82,140,129
0.00055539999999999995,86,78,128,114
0.00055630000000000002,90,78,133,114
0.00055719999999999999,88,78,131,114
0.00055809999999999996,88,78,137,114
0.00055900000000000004,82,78,126,114
0.0005599,88,78,139,114
0.00056079999999999997,94,78,145,114
0.00056169999999999994,88,78,140,114
0.00056260000000000001,90,80,135,123
0.00056349999999999998,92,80,146,123
0.00056439999999999995,92,80,140,123
0.00056530000000000003,90,80,145,123
0.00056619999999999999,90,80,149,123
0.00056709999999999996,92,80,137,123
0.00056800000000000004,92,80,124,123
0.0005689,90,80,135,123
0.00056979999999999997,90,80,129,123
0.00057069999999999994,92,80,145,123
0.00057160000000000002,90,80,132,123
0.00057249999999999998,88,80,132,123
0.00057339999999999995,88,80,137,123
0.00057430000000000003,90,80,131,123
0.0005752,92,80,145,123
0.00057609999999999996,92,80,150,123
0.00057699999999999993,88,80,131,123
0.00057790000000000001,88,80,135,123
0.00057879999999999997,90,80,136,123
0.00057969999999999994,90,80,133,123
0.00058060000000000002,92,80,147,125
0.00058149999999999999,92,80,134,125
0.00058239999999999995,88,80,133,125
0.00058330000000000003,90,80,135,125
0.0005842,90,80,134,125
0.00058509999999999996,92,80,141,125
0.00058599999999999993,90,80,141,125
0.00058690000000000001,90,80,139,125
0.00058779999999999998,88,80,136,125
0.00058869999999999994,92,80,134,125
0.00058960000000000002,90,80,139,125
0.00059049999999999999,92,80,135,125
0.00059139999999999996,92,80,132,125
0.00059230000000000003,90,80,144,124
0.0005932,92,80,135,124
0.00059409999999999997,90,80,135,124
0.00059499999999999993,90,80,142,124
0.00059590000000000001,92,80,142,124
0.00059679999999999998,92,80,146,124
0.00059769999999999995,90,82,140,122
0.00059860000000000002,90,82,136,122
0.00059949999999999999,92,82,143,122
0.00060039999999999996,92,82,138,122
0.00060130000000000003,94,82,147,122
0.0006022,90,82,128,122
0.00060309999999999997,90,82,139,122
0.00060399999999999994,92,82,145,122
0.00060490000000000001,86,82,124,122
0.00060579999999999998,90,82,143,122
0.00060669999999999995,84,82,132,122
0.00060760000000000002,86,82,135,122
0.00060849999999999999,84,82,123,122
0.00060939999999999996,88,82,138,122
0.00061030000000000004,92,80,137,122
0.0006112,90,80,135,122
0.00061209999999999997,90,80,142,122
0.00061299999999999994,90,80,143,122
0.00061390000000000001,90,80,137,122
0.00061479999999999998,90,80,136,122
0.00061569999999999995,90,80,139,121
0.00061660000000000003,90,80,139,121
0.00061749999999999999,94,80,140,121
0.00061839999999999996,92,80,149,121
0.00061929999999999993,94,80,142,121
0.0006202,92,80,142,121
0.00062109999999999997,92,80,143,121
0.00062199999999999994,90,80,136,121
0.00062290000000000002,90,80,121,121
0.00062379999999999998,88,80,133,121
0.00062469999999999995,92,80,141,121
0.00062560000000000003,86,80,126,121
0.0006265,92,80,138,121
0.00062739999999999996,90,80,142,121
0.00062829999999999993,92,78,137,117
0.00062920000000000001,92,78,138,117
0.00063009999999999997,90,78,131,117
0.00063099999999999994,90,78,133,117
0.00063190000000000002,90,78,140,117
0.00063279999999999999,92,78,144,117
0.00063369999999999995,92,80,136,127
0.00063460000000000003,90,80,136,127
0.0006355,88,80,136,127
0.00063639999999999996,92,80,133,127
0.00063729999999999993,88,80,133,127
0.00063820000000000001,90,80,136,127
0.00063909999999999998,90,80,134,127
0.00063999999999999994,90,80,135,127
0.00064090000000000002,90,80,133,127
0.00064179999999999999,92,80,135,127
0.00064269999999999996,90,80,137,127
0.00064360000000000003,90,80,135,127
0.0006445,92,80,142,127
0.00064539999999999997,90,80,146,127
0.00064629999999999993,92,80,139,125
0.00064720000000000001,90,80,146,122
0.00064809999999999998,90,80,132,122
0.00064899999999999995,86,80,136,122
0.00064990000000000002,88,80,132,122
0.00065079999999999999,90,80,133,122
0.00065169999999999996,88,80,122,122
0.00065260000000000003,92,80,136,122
0.0006535,88,80,130,122
0.00065439999999999997,90,80,134,122
0.00065529999999999994,84,80,126,122
0.00065620000000000001,90,80,136,122
0.00065709999999999998,92,80,134,122
0.00065799999999999995,90,80,142,122
0.00065890000000000002,92,80,143,122
0.00065979999999999999,92,80,147,121
0.00066069999999999996,90,80,127,121
0.00066159999999999993,90,80,139,121
0.0006625,88,80,140,121
0.00066339999999999997,90,80,131,121
0.00066429999999999994,90,80,130,121
0.00066520000000000001,92,80,141,128
0.00066609999999999998,90,80,139,128
0.00066699999999999995,90,80,141,128
0.00066790000000000003,92,80,136,128
0.00066879999999999999,88,80,135,128
0.00066969999999999996,92,80,143,128
0.00067059999999999993,94,80,138,128
0.0006715,90,80,131,128
0.00067239999999999997,94,80,142,128
0.00067329999999999994,92,80,143,128
0.00067420000000000002,86,80,130,128
0.00067509999999999998,90,80,131,128
0.00067599999999999995,90,80,125,128
0.00067690000000000003,94,80,147,128
0.0006778,92,82,135,127
0.00067869999999999996,88,82,139,127
0.00067959999999999993,88,82,133,127
0.00068050000000000001,82,82,124,127
0.00068139999999999997,92,82,132,127
0.00068229999999999994,90,80,134,114
0.00068320000000000002,90,80,136,114
0.00068409999999999999,90,80,139,114
0.00068499999999999995,92,80,134,114
0.00068590000000000003,88,80,139,114
0.0006868,92,80,134,114
0.00068769999999999996,90,80,137,114
0.00068859999999999993,88,80,138,114
0.00068950000000000001,90,80,129,114
0.00069039999999999998,92,80,144,114
0.00069129999999999994,92,80,140,114
0.00069220000000000002,86,80,139,114
0.00069309999999999999,90,80,135,114
0.00069399999999999996,88,80,136,114
0.00069490000000000003,86,80,129,114
0.0006958,90,80,138,114
0.00069669999999999997,90,80,145,128
0.00069759999999999993,90,80,142,128
0.00069850000000000001,92,80,139,128
0.00069939999999999998,88,80,131,128
0.00070029999999999995,90,76,137,114
0.00070120000000000002,92,76,141,114
0.00070209999999999999,92,76,142,114
0.00070299999999999996,90,76,140,114
0.00070389999999999993,92,76,145,114
0.0007048,92,76,145,114
0.00070569999999999997,92,76,148,114
0.00070659999999999994,88,76,134,114
0.00070750000000000001,86,76,129,114
0.00070839999999999998,86,76,125,114
0.00070929999999999995,92,76,136,114
0.00071020000000000002,88,76,131,114
0.00071109999999999999,92,76,141,114
0.00071199999999999996,92,76,141,114
0.00071289999999999993,88,76,139,114
0.0007138,92,76,137,114
0.00071469999999999997,90,78,142,119
0.00071559999999999994,90,78,144,119
0.00071650000000000001,88,78,133,119
0.00071739999999999998,90,78,135,119
0.00071829999999999995,88,80,126,116
0.00071920000000000003,90,80,134,116
0.00072009999999999999,90,80,141,116
0.00072099999999999996,90,80,138,116
0.00072189999999999993,86,80,139,116
0.0007228,94,80,143,116
0.00072369999999999997,94,80,148,116
0.00072459999999999994,92,80,137,116
0.00072550000000000002,92,80,141,116
0.00072639999999999998,92,80,136,116
0.00072729999999999995,92,80,139,116
0.00072820000000000003,90,80,141,116
0.0007291,88,80,140,116
0.00072999999999999996,92,80,143,116
0.00073089999999999993,90,80,141,116
0.00073180000000000001,88,80,129,116
0.00073269999999999997,90,80,139,118
0.00073359999999999994,90,80,137,118
0.00073450000000000002,92,80,137,118
0.00073539999999999999,90,80,138,118
0.00073629999999999995,92,80,146,122
0.00073720000000000003,86,80,128,122
0.0007381,92,80,139,122
0.00073899999999999997,88,80,130,122
0.00073989999999999993,88,80,139,122
0.00074080000000000001,94,80,148,122
0.00074169999999999998,90,80,134,122
0.00074259999999999994,92,80,138,122
0.00074350000000000002,90,80,140,122
0.00074439999999999999,88,80,132,122
0.00074529999999999996,92,80,141,122
0.00074619999999999992,92,80,138,122
0.0007471,92,80,152,122
0.00074799999999999997,90,80,148,122
0.00074889999999999993,90,80,136,122
0.00074980000000000001,88,80,140,122
0.00075069999999999998,90,78,136,120
0.00075159999999999995,88,78,136,120
0.00075250000000000002,88,78,133,120
0.00075339999999999999,90,78,136,120
0.00075429999999999996,88,80,129,117
0.00075519999999999993,92,80,139,117
0.0007561,92,80,132,117
0.00075699999999999997,92,80,146,117
0.00075789999999999994,90,80,133,117
0.00075880000000000001,92,80,139,117
0.00075969999999999998,90,80,142,117
0.00076059999999999995,92,80,147,117
0.00076150000000000002,92,80,138,117
0.00076239999999999999,90,80,137,117
0.00076329999999999996,90,80,141,117
0.00076419999999999993,90,80,136,117
0.0007651,92,80,132,117
0.00076599999999999997,92,80,142,117
0.00076689999999999994,82,80,121,117
0.00076780000000000001,86,80,132,117
0.00076869999999999998,90,82,136,129
0.00076959999999999995,90,82,132,129
0.00077050000000000003,90,82,135,129
0.00077139999999999999,90,78,140,118
0.00077229999999999996,90,78,138,118
0.00077319999999999993,90,78,132,118
0.00077410000000000001,90,78,136,118
0.00077499999999999997,90,78,134,118
0.00077589999999999994,88,78,131,118
0.00077680000000000002,92,78,143,118
0.00077769999999999998,90,78,144,118
0.00077859999999999995,90,78,137,118
0.00077950000000000003,90,78,142,118
0.0007804,90,78,135,118
0.00078129999999999996,88,78,133,118
0.00078219999999999993,90,78,145,118
0.00078310000000000001,88,78,134,118
0.00078399999999999997,90,78,141,118
0.00078489999999999994,88,78,133,118
0.00078580000000000002,88,78,131,118
0.00078669999999999999,90,78,135,118
0.00078759999999999995,90,82,136,121
0.00078849999999999992,90,82,136,121
0.0007894,88,82,136,121
0.00079029999999999997,88,82,135,121
0.00079119999999999993,92,82,132,121
0.00079210000000000001,90,82,131,121
0.00079299999999999998,92,82,142,121
0.00079389999999999994,92,82,137,121
0.00079480000000000002,94,82,143,121
0.00079569999999999999,92,82,148,121
0.00079659999999999996,90,82,129,121
0.00079749999999999992,90,82,126,121
0.0007984,90,82,136,121
0.00079929999999999997,88,82,140,121
0.00080019999999999993,88,82,127,121
0.00080110000000000001,90,82,145,123
0.00080199999999999998,88,82,137,123
0.00080289999999999995,92,80,147,121
0.00080380000000000002,88,80,139,121
0.00080469999999999999,92,80,135,121
0.00080559999999999996,88,80,130,121
0.00080649999999999993,94,80,138,121
0.0008074,88,80,130,121
0.00080829999999999997,86,80,129,121
0.00080919999999999994,90,80,148,121
0.00081010000000000001,92,80,141,121
0.00081099999999999998,90,80,143,121
0.00081189999999999995,90,80,138,121
0.00081280000000000002,88,80,125,121
0.00081369999999999999,92,80,137,121
0.00081459999999999996,90,80,134,121
0.00081549999999999993,84,80,137,121
0.0008164,92,80,149,121
0.00081729999999999997,90,80,142,121
0.00081819999999999994,90,80,142,121
0.00081910000000000001,92,82,144,130
0.00081999999999999998,90,82,141,130
0.00082089999999999995,92,80,142,125
0.00082180000000000003,88,80,139,125
0.00082269999999999999,92,80,143,125
0.00082359999999999996,90,80,139,125
0.00082449999999999993,90,80,135,125
0.00082540000000000001,92,80,143,125
0.00082629999999999997,92,80,150,125
0.00082719999999999994,86,80,133,125
0.00082810000000000002,90,80,132,125
0.00082899999999999998,90,80,125,125
0.00082989999999999995,90,80,137,125
0.00083079999999999992,88,80,126,125
0.0008317,90,80,142,125
0.00083259999999999996,90,80,137,125
0.00083349999999999993,90,80,141,125
0.00083440000000000001,88,80,138,125
0.00083529999999999997,88,80,131,125
0.00083619999999999994,90,80,148,125
0.00083710000000000002,92,76,131,127
0.00083799999999999999,92,76,144,127
0.00083889999999999995,84,80,126,116
0.00083979999999999992,88,80,141,116
0.0008407,90,80,142,116
0.00084159999999999997,90,80,134,116
0.00084249999999999993,90,80,131,116
0.00084340000000000001,92,80,133,116
0.00084429999999999998,90,80,145,116
0.00084519999999999994,90,80,144,116
0.00084610000000000002,90,80,142,116
0.00084699999999999999,92,80,145,116
0.00084789999999999996,92,80,136,116
0.00084879999999999992,90,80,145,116
0.0008497,90,80,138,116
0.00085059999999999997,92,80,142,116
0.00085149999999999993,96,80,145,116
0.00085240000000000001,88,80,125,116
0.00085329999999999998,92,80,143,116
0.00085419999999999995,92,80,145,116
0.00085510000000000002,90,80,138,118
0.00085599999999999999,86,82,130,128
0.00085689999999999996,92,82,134,128
0.00085779999999999993,90,82,139,128
0.0008587,92,82,145,128
0.00085959999999999997,92,82,137,128
0.00086049999999999994,92,82,136,128
0.00086140000000000001,92,82,141,128
0.00086229999999999998,90,82,132,128
0.00086319999999999995,84,82,130,128
0.00086410000000000002,90,82,133,128
0.00086499999999999999,88,82,135,128
0.00086589999999999996,90,82,141,128
0.00086679999999999993,90,82,138,128
0.0008677,90,82,142,128
0.00086859999999999997,88,82,134,128
0.00086949999999999994,90,82,136,128
0.00087040000000000001,86,82,137,128
0.00087129999999999998,92,82,140,128
0.00087219999999999995,92,82,140,128
0.00087309999999999992,92,82,142,128
0.00087399999999999999,92,78,138,114
0.00087489999999999996,90,78,144,114
0.00087579999999999993,92,78,145,114
0.00087670000000000001,90,78,146,114
0.00087759999999999997,90,78,137,114
0.00087849999999999994,90,78,129,114
0.00087940000000000002,90,78,139,114
0.00088029999999999998,92,78,151,114
0.00088119999999999995,90,78,141,114
0.00088209999999999992,92,78,143,114
0.000883,92,78,141,114
0.00088389999999999996,90,78,140,114
0.00088479999999999993,92,78,144,114
0.00088570000000000001,90,78,137,114
0.00088659999999999997,88,78,140,114
0.00088749999999999994,92,78,125,114
0.00088840000000000002,88,78,134,114
0.00088929999999999999,88,78,128,114
0.00089019999999999995,90,78,140,114
0.00089109999999999992,90,78,140,114
0.000892,92,78,140,121
0.00089289999999999997,90,78,137,121
0.00089379999999999993,92,78,145,121
0.00089470000000000001,90,78,147,121
0.00089559999999999998,92,78,140,121
0.00089649999999999994,90,78,137,121
0.00089740000000000002,92,78,140,121
0.00089829999999999999,92,78,145,121
0.00089919999999999996,86,78,124,121
0.00090009999999999992,90,78,129,121
0.000901,84,78,127,121
0.00090189999999999997,90,78,144,121
0.00090279999999999994,98,78,151,121
0.00090370000000000001,88,78,134,121
0.00090459999999999998,92,78,139,121
0.00090549999999999995,88,78,134,121
0.00090639999999999991,88,78,131,121
0.00090729999999999999,90,78,140,121
0.00090819999999999996,92,78,133,121
0.00090909999999999993,92,78,142,121
0.00091,92,82,133,121
0.00091089999999999997,92,82,143,121
0.00091179999999999994,92,82,137,121
0.00091270000000000001,92,82,131,121
0.00091359999999999998,86,82,125,121
0.00091449999999999995,90,82,133,121
0.00091539999999999992,90,82,135,121
0.00091629999999999999,92,82,134,121
0.00091719999999999996,90,82,131,121
0.00091809999999999993,90,82,141,121
0.000919,90,82,134,121
0.00091989999999999997,92,82,142,121
0.00092079999999999994,92,82,147,121
0.00092170000000000001,90,82,143,121
0.00092259999999999998,92,82,137,121
0.00092349999999999995,90,82,134,121
0.00092439999999999992,92,82,140,121
0.00092529999999999999,96,82,143,121
0.00092619999999999996,86,82,129,121
0.00092709999999999993,90,82,134,121
0.00092800000000000001,90,80,129,127
0.00092889999999999997,92,80,147,127
0.00092979999999999994,92,80,141,127
0.00093070000000000002,92,80,142,127
0.00093159999999999998,90,80,139,127
0.00093249999999999995,88,80,137,127
0.00093339999999999992,88,80,140,127
0.0009343,92,80,135,127
0.00093519999999999996,90,80,138,127
0.00093609999999999993,88,80,131,127
0.00093700000000000001,88,80,134,127
0.00093789999999999998,90,80,136,127
0.00093879999999999994,88,80,132,127
0.00093970000000000002,88,80,131,127
0.00094059999999999999,88,82,136,120
0.00094149999999999995,90,82,141,120
0.00094239999999999992,92,82,141,120
0.0009433,88,82,134,120
0.00094419999999999997,90,82,134,120
0.00094509999999999993,88,82,126,120
0.00094600000000000001,92,82,146,120
0.00094689999999999998,92,82,144,120
0.00094779999999999994,90,82,141,120
0.00094869999999999991,92,82,147,120
0.00094959999999999999,92,82,139,120
0.00095049999999999996,92,82,135,120
0.00095139999999999992,94,82,148,120
0.0009523,92,82,143,120
0.00095319999999999997,92,82,142,120
0.00095409999999999994,90,82,139,120
0.00095500000000000001,92,82,137,120
0.00095589999999999998,92,82,145,120
0.00095679999999999995,92,82,140,120
0.00095769999999999991,92,82,138,120
0.00095859999999999999,88,82,136,120
0.00095949999999999996,88,82,134,120
0.00096039999999999993,92,82,141,117
0.0009613,90,82,131,117
0.00096219999999999997,92,82,145,117
0.00096309999999999994,92,82,141,117
0.00096400000000000001,90,82,131,117
0.00096489999999999998,90,82,131,117
0.00096579999999999995,90,82,138,117
0.00096669999999999992,88,82,135,117
0.00096759999999999999,88,82,137,117
0.00096849999999999996,92,82,143,117
0.00096939999999999993,94,82,153,117
0.0009703,90,82,142,117
0.00097119999999999997,88,82,133,117
0.00097209999999999994,90,82,137,117
0.00097300000000000002,84,82,134,117
0.00097389999999999998,90,82,135,117
0.00097479999999999995,90,82,129,117
0.00097569999999999992,88,82,144,117
0.00097659999999999999,90,84,139,123
0.00097750000000000007,88,84,132,123
0.00097839999999999993,90,84,138,123
0.00097930000000000001,90,84,141,123
0.00098019999999999986,90,84,132,123
0.00098109999999999994,90,84,139,123
0.00098200000000000002,88,84,135,123
0.00098289999999999988,92,84,136,123
0.00098379999999999995,88,84,128,123
0.00098470000000000003,90,84,135,123
0.00098559999999999989,92,84,141,123
0.00098649999999999996,92,84,135,123
0.00098740000000000004,90,84,135,123
0.0009882999999999999,88,84,133,123
0.00098919999999999998,92,84,142,123
0.00099010000000000005,92,84,136,123
0.00099099999999999991,94,84,146,123
0.00099189999999999999,94,84,150,123
0.00099280000000000006,94,84,146,123
0.00099369999999999992,92,84,138,123
0.0009946,88,84,136,123
0.00099549999999999986,92,84,142,123
0.00099639999999999993,92,80,139,118
0.00099730000000000001,90,80,144,118
0.00099819999999999987,90,80,138,118
0.00099909999999999994,88,80,135,118
-0.0001,88,92,134,136
-0.0001009,92,92,145,136
-0.00010180000000000001,90,88,138,138
-0.0001027,90,88,147,138
-0.00010360000000000001,90,86,139,129
-0.00010450000000000001,92,86,127,129
-0.0001054,90,90,134,141
-0.00010630000000000001,92,90,139,141
-0.0001072,90,90,135,140
-0.0001081,92,92,144,149
-0.00010900000000000001,92,92,140,149
-0.0001099,92,92,138,149
-0.00011080000000000001,92,88,137,128
-0.0001117,86,86,136,128
-0.0001126,92,86,146,128
-0.00011350000000000001,92,86,140,128
-0.0001144,92,90,141,142
-0.00011530000000000001,90,92,132,138
-0.00011620000000000001,88,92,136,138
-0.0001171,88,92,135,138
-0.00011800000000000001,88,92,135,141
-0.0001189,90,88,131,125
-0.0001198,92,88,138,125
-0.00012070000000000001,88,88,129,125
-0.0001216,88,90,137,138
-0.0001225,88,90,129,139
-0.00012339999999999999,92,90,138,139
-0.00012430000000000001,90,90,138,131
-0.00012520000000000001,92,90,141,131
-0.0001261,92,90,139,134
-0.000127,84,90,128,134
-0.00012789999999999999,92,88,147,133
-0.00012880000000000001,90,88,135,133
-0.00012970000000000001,90,86,145,127
-0.0001306,86,86,135,127
-0.0001315,90,90,132,140
-0.00013239999999999999,92,88,138,138
-0.00013330000000000001,88,88,132,138
-0.00013420000000000001,92,88,128,138
-0.0001351,90,90,134,137
-0.000136,94,90,154,137
-0.00013689999999999999,90,90,131,137
-0.00013780000000000002,86,90,134,137
-0.00013870000000000001,90,90,133,144
-0.00013960000000000001,92,88,140,144
-0.0001405,90,88,147,144
-0.00014139999999999999,90,88,139,144
-0.00014229999999999999,88,90,135,140
-0.00014320000000000001,90,90,130,138
-0.00014410000000000001,90,90,129,138
-0.000145,92,90,129,138
-0.0001459,90,90,144,142
-0.00014679999999999999,88,88,142,134
-0.00014770000000000001,90,88,140,134
-0.00014860000000000001,92,88,136,134
-0.0001495,90,90,135,136
-0.0001504,90,86,141,123
-0.00015129999999999999,90,86,135,123
-0.00015220000000000001,90,86,139,123
-0.00015310000000000001,88,90,131,140
-0.000154,92,88,141,131
-0.0001549,92,88,137,131
-0.00015579999999999999,90,88,141,131
-0.00015670000000000001,92,84,134,121
-0.00015760000000000001,90,90,138,139
-0.0001585,90,90,130,139
-0.0001594,92,90,140,139
-0.00016029999999999999,92,92,141,144
-0.00016120000000000002,92,90,144,139
-0.00016210000000000001,90,90,133,139
-0.000163,84,90,130,139
-0.0001639,92,90,138,127
-0.00016479999999999999,92,90,144,127
-0.00016569999999999999,88,90,139,127
-0.00016660000000000001,86,90,132,127
-0.00016750000000000001,92,90,142,138
-0.0001684,92,90,142,138
-0.0001693,92,90,140,138
-0.00017019999999999999,88,90,132,138
-0.00017110000000000001,88,90,133,139
-0.00017200000000000001,88,90,138,139
-0.0001729,90,90,138,139
-0.0001738,90,90,137,139
-0.00017469999999999999,92,88,144,136
-0.00017560000000000001,88,88,140,136
-0.00017650000000000001,90,88,133,136
-0.0001774,84,88,126,136
-0.0001783,88,92,130,133
-0.00017919999999999999,88,92,131,133
-0.00018010000000000001,92,92,138,133
-0.00018100000000000001,90,90,128,150
-0.0001819,90,90,142,150
-0.0001828,92,90,143,150
-0.00018369999999999999,90,90,140,150
-0.00018459999999999999,92,90,143,140
-0.00018550000000000001,90,90,131,140
-0.0001864,90,90,135,140
-0.0001873,90,90,135,140
-0.00018819999999999999,90,90,139,135
-0.00018909999999999999,92,90,141,135
-0.00019000000000000001,90,90,139,135
-0.00019090000000000001,88,90,132,135
-0.0001918,90,90,139,135
-0.00019269999999999999,88,90,136,132
-0.00019359999999999999,92,90,143,132
-0.00019450000000000001,88,90,133,132
-0.00019540000000000001,90,92,134,143
-0.0001963,92,92,137,143
-0.0001972,90,92,142,143
-0.00019809999999999999,90,92,135,143
-0.00019900000000000001,86,90,130,132
-0.00019990000000000001,90,90,132,132
-0.0002008,92,90,136,132
-0.0002017,92,90,145,132
-0.00020259999999999999,84,88,126,130
-0.00020350000000000001,90,88,144,130
-0.00020440000000000001,88,88,138,130
-0.0002053,90,88,130,130
-0.0002062,86,90,132,142
-0.00020709999999999999,92,90,141,142
-0.00020799999999999999,86,90,129,142
-0.00020890000000000001,92,90,144,142
-0.0002098,94,92,142,143
-0.0002107,88,92,133,143
-0.00021159999999999999,90,92,141,143
-0.00021249999999999999,92,92,144,143
-0.00021340000000000001,90,92,148,139
-0.0002143,90,92,140,139
-0.0002152,88,92,131,139
-0.00021609999999999999,92,92,140,139
-0.00021699999999999999,92,88,155,122
-0.00021790000000000001,92,88,149,122
-0.00021880000000000001,92,88,140,122
-0.0002197,92,88,137,122
-0.0002206,88,90,123,133
-0.00022149999999999999,88,90,128,133
-0.00022240000000000001,86,90,135,133
-0.00022330000000000001,88,90,131,136
-0.0002242,90,90,137,136
-0.0002251,86,90,128,136
-0.00022599999999999999,86,90,126,136
-0.00022689999999999999,92,90,143,136
-0.00022780000000000001,92,92,144,149
-0.0002287,90,92,142,149
-0.0002296,92,92,135,149
-0.00023049999999999999,90,90,133,135
-0.00023139999999999999,90,90,129,135
-0.00023230000000000001,92,90,138,135
-0.0002332,92,90,131,135
-0.0002341,86,90,121,135
-0.00023499999999999999,92,90,143,140
-0.00023589999999999999,92,90,141,140
-0.00023680000000000001,90,92,136,143
-0.0002377,90,92,133,143
-0.0002386,92,92,139,143
-0.00023949999999999999,88,92,125,143
-0.00024039999999999999,90,92,133,143
-0.00024130000000000001,92,92,138,143
-0.00024220000000000001,90,90,138,136
-0.0002431,90,90,140,136
-0.00024399999999999999,90,90,134,135
-0.00024489999999999999,92,90,142,135
-0.00024580000000000001,90,90,139,135
-0.00024669999999999998,90,90,134,135
-0.0002476,86,90,125,135
-0.00024850000000000002,90,90,137,135
-0.00024939999999999999,90,92,131,140
-0.00025030000000000001,90,92,136,140
-0.00025119999999999998,90,92,138,140
-0.0002521,90,92,145,140
-0.00025300000000000002,90,92,134,140
-0.00025389999999999999,86,92,133,140
-0.00025480000000000001,88,92,126,140
-0.00025569999999999998,92,90,135,141
-0.0002566,88,90,133,141
-0.00025749999999999997,90,90,135,141
-0.00025839999999999999,92,92,139,144
-0.00025930000000000001,88,92,133,144
-0.00026019999999999998,86,92,127,144
-0.0002611,86,92,136,144
-0.00026199999999999997,92,92,146,144
-0.00026289999999999999,90,90,141,133
-0.00026380000000000002,90,90,140,133
-0.00026469999999999998,92,90,140,133
-0.0002656,90,90,137,133
-0.00026649999999999997,90,90,139,133
-0.00026739999999999999,88,90,138,133
-0.00026830000000000002,92,90,151,133
-0.00026919999999999998,90,90,132,133
-0.00027010000000000001,90,90,137,132
-0.00027099999999999997,92,90,136,132
-0.0002719,90,88,143,136
-0.00027280000000000002,90,88,129,136
-0.00027369999999999998,90,88,137,136
-0.00027460000000000001,86,88,132,136
-0.00027549999999999997,92,88,141,136
-0.0002764,90,88,139,136
-0.00027730000000000002,90,88,144,136
-0.00027819999999999999,92,86,137,126
-0.00027910000000000001,90,90,136,137
-0.00027999999999999998,90,90,142,137
-0.0002809,88,90,144,137
-0.00028180000000000002,92,90,138,137
-0.00028269999999999999,90,90,136,137
-0.00028360000000000001,88,90,137,137
-0.00028449999999999998,90,90,140,137
-0.0002854,88,90,139,137
-0.00028630000000000002,92,88,139,138
-0.00028719999999999999,90,88,139,138
-0.00028810000000000001,90,88,138,138
-0.00028899999999999998,92,88,141,138
-0.0002899,90,88,137,138
-0.00029080000000000002,90,88,140,138
-0.00029169999999999999,90,90,142,150
-0.00029260000000000001,82,92,124,148
-0.00029349999999999998,92,92,130,148
-0.0002944,92,92,138,148
-0.00029530000000000002,88,92,134,148
-0.00029619999999999999,90,92,135,148
-0.00029710000000000001,90,92,143,148
-0.00029799999999999998,92,92,146,148
-0.0002989,90,90,136,141
-0.00029979999999999997,92,86,142,139
-0.00030069999999999999,92,86,138,139
-0.00030160000000000001,94,86,142,139
-0.00030249999999999998,86,86,123,139
-0.0003034,90,86,144,139
-0.00030429999999999997,90,86,133,139
-0.00030519999999999999,90,86,144,139
-0.00030610000000000001,90,90,140,135
-0.00030699999999999998,88,92,136,125
-0.0003079,88,92,140,125
-0.00030879999999999997,90,92,143,125
-0.00030969999999999999,88,92,131,125
-0.00031060000000000001,92,92,142,125
-0.00031149999999999998,90,92,135,125
-0.0003124,88,86,132,126
-0.00031329999999999997,84,92,121,133
-0.00031419999999999999,90,92,135,133
-0.00031510000000000002,92,92,131,133
-0.00031599999999999998,88,92,127,133
-0.00031690000000000001,90,92,139,133
-0.00031779999999999997,94,92,142,133
-0.00031869999999999999,92,92,142,133
-0.00031960000000000002,90,90,134,136
-0.00032049999999999998,92,90,144,137
-0.00032140000000000001,90,90,136,137
-0.00032229999999999997,84,90,121,137
-0.0003232,92,90,148,137
-0.00032410000000000002,90,90,139,137
-0.00032499999999999999,88,90,130,137
-0.00032590000000000001,92,90,137,137
-0.00032679999999999997,94,90,141,137
-0.0003277,86,90,133,134
-0.00032860000000000002,90,90,141,134
-0.00032949999999999999,90,90,136,134
-0.00033040000000000001,90,90,127,134
-0.00033129999999999998,92,90,138,134
-0.0003322,92,90,136,134
-0.00033310000000000002,92,90,141,134
-0.00033399999999999999,90,90,135,134
-0.00033490000000000001,92,90,140,142
-0.00033579999999999998,94,90,141,142
-0.0003367,92,90,137,142
-0.00033760000000000002,90,90,138,142
-0.00033849999999999999,90,90,139,142
-0.00033940000000000001,90,90,135,142
-0.00034029999999999998,92,90,137,142
-0.0003412,88,90,145,134
-0.00034209999999999997,90,90,136,136
-0.00034299999999999999,92,90,142,136
-0.00034390000000000001,90,90,137,136
-0.00034479999999999998,90,90,139,136
-0.0003457,92,90,146,136
-0.00034659999999999997,92,90,136,136
-0.00034749999999999999,90,90,141,136
-0.00034840000000000001,90,90,140,134
-0.00034929999999999998,90,90,148,134
-0.0003502,84,90,134,134
-0.00035109999999999997,86,90,124,134
-0.00035199999999999999,88,90,136,134
-0.00035290000000000001,88,90,124,134
-0.00035379999999999998,88,90,132,134
-0.0003547,92,90,135,134
-0.00035559999999999997,86,90,132,145
-0.00035649999999999999,90,90,136,145
-0.00035740000000000001,90,90,143,145
-0.00035829999999999998,92,90,133,145
-0.0003592,90,90,135,145
-0.00036009999999999997,86,90,137,145
-0.00036099999999999999,90,90,126,145
-0.00036190000000000001,94,90,151,145
-0.00036279999999999998,90,90,136,136
-0.0003637,84,90,127,136
-0.00036459999999999997,88,90,135,136
-0.00036549999999999999,90,90,150,136
-0.00036640000000000002,92,90,141,136
-0.00036729999999999998,86,90,136,136
-0.00036820000000000001,90,90,139,136
-0.00036909999999999997,92,92,145,140
-0.00036999999999999999,90,92,140,140
-0.00037090000000000002,92,92,143,140
-0.00037179999999999998,88,92,133,140
-0.00037270000000000001,90,92,140,140
-0.00037359999999999997,92,92,145,140
-0.0003745,88,92,124,140
-0.00037540000000000002,92,92,139,140
-0.00037629999999999999,90,92,139,140
-0.00037720000000000001,92,90,140,137
-0.00037809999999999997,90,90,133,137
-0.000379,90,90,139,137
-0.00037990000000000002,90,90,135,137
-0.00038079999999999999,92,90,141,137
-0.00038170000000000001,90,90,140,137
-0.00038259999999999998,90,90,144,137
-0.0003835,92,90,146,138
-0.00038439999999999997,92,90,134,138
-0.00038529999999999999,90,90,147,138
-0.00038620000000000001,90,90,132,138
-0.00038709999999999998,88,90,135,138
-0.000388,92,90,140,138
-0.00038889999999999997,90,90,132,138
-0.00038979999999999999,90,90,138,138
-0.00039070000000000001,88,90,135,138
-0.00039159999999999998,90,90,139,127
-0.0003925,88,90,130,127
-0.00039339999999999997,92,90,143,127
-0.00039429999999999999,92,90,141,127
-0.00039520000000000001,88,90,138,127
-0.00039609999999999998,90,90,130,127
-0.000397,92,90,150,127
-0.00039789999999999997,90,88,141,131
-0.00039879999999999999,88,88,137,131
-0.00039970000000000001,88,88,137,131
-0.00040059999999999998,90,88,132,131
-0.0004015,88,88,134,131
-0.00040239999999999997,92,88,139,131
-0.00040329999999999999,92,88,137,131
-0.00040420000000000001,92,88,137,131
-0.00040509999999999998,92,84,140,122
-0.000406,90,84,137,122
-0.00040689999999999997,90,84,135,122
-0.00040779999999999999,88,84,130,122
-0.00040870000000000001,88,84,135,122
-0.00040959999999999998,90,84,135,122
-0.0004105,92,84,132,122
-0.00041139999999999997,90,90,138,130
-0.00041229999999999999,92,90,155,130
-0.00041320000000000001,90,90,129,130
-0.00041409999999999998,86,90,129,130
-0.000415,90,90,142,130
-0.00041589999999999997,90,90,136,130
-0.00041679999999999999,90,90,139,130
-0.00041770000000000002,90,90,132,130
-0.00041859999999999998,86,90,133,130
-0.00041950000000000001,90,92,130,139
-0.00042039999999999997,90,92,136,139
-0.00042129999999999999,90,92,136,139
-0.00042220000000000002,92,92,143,139
-0.00042309999999999998,90,92,136,139
-0.00042400000000000001,88,92,130,139
-0.00042489999999999997,92,90,142,138
-0.0004258,90,90,131,138
-0.00042669999999999996,90,90,139,138
-0.00042759999999999999,92,90,144,138
-0.00042850000000000001,88,90,126,138
-0.00042939999999999997,92,90,139,138
-0.0004303,90,90,138,138
-0.00043119999999999996,90,90,137,138
-0.00043209999999999999,90,90,138,138
-0.00043300000000000001,90,90,144,138
-0.00043389999999999998,88,92,130,132
-0.0004348,92,92,141,132
-0.00043569999999999997,90,92,145,132
-0.00043659999999999999,88,92,122,132
-0.00043750000000000001,92,92,134,132
-0.00043839999999999998,92,92,144,132
-0.0004393,90,88,131,140
-0.00044019999999999997,90,88,133,140
-0.00044109999999999999,92,88,141,140
-0.00044200000000000001,92,88,134,140
-0.00044289999999999998,90,88,133,140
-0.0004438,90,88,140,140
-0.00044469999999999997,90,88,135,140
-0.00044559999999999999,88,88,135,140
-0.00044650000000000001,90,88,142,140
-0.00044739999999999998,90,88,134,140
-0.0004483,86,90,131,141
-0.00044919999999999997,92,90,140,141
-0.00045009999999999999,90,90,136,141
-0.00045100000000000001,90,90,130,141
-0.00045189999999999998,90,90,145,141
-0.0004528,90,90,132,141
-0.00045369999999999997,90,90,139,141
-0.00045459999999999999,90,90,135,141
-0.00045550000000000001,90,90,132,141
-0.00045639999999999998,90,90,133,141
-0.0004573,92,90,149,141
-0.00045819999999999997,92,90,141,141
-0.00045909999999999999,88,90,135,141
-0.00046000000000000001,90,90,137,141
-0.00046089999999999998,92,90,139,141
-0.0004618,90,90,139,141
-0.00046269999999999997,88,90,126,138
-0.00046359999999999999,92,90,143,138
-0.00046450000000000001,90,90,135,138
-0.00046539999999999998,88,90,133,138
-0.0004663,90,90,136,138
-0.00046719999999999997,88,92,136,138
-0.00046809999999999999,86,92,133,138
-0.00046899999999999996,88,92,135,138
-0.00046989999999999998,94,92,139,138
-0.00047080000000000001,90,92,140,138
-0.00047169999999999997,92,92,139,138
-0.00047259999999999999,92,92,134,138
-0.00047349999999999996,90,92,142,138
-0.00047439999999999998,92,92,147,138
-0.00047530000000000001,90,92,138,138
-0.00047619999999999997,92,92,146,137
-0.0004771,90,92,131,137
-0.00047799999999999996,92,92,143,137
-0.00047889999999999999,90,92,140,137
-0.00047980000000000001,92,92,139,137
-0.00048069999999999997,90,90,141,128
-0.0004816,92,90,132,128
-0.00048249999999999996,90,90,134,128
-0.00048339999999999999,88,90,134,128
-0.00048430000000000001,90,90,137,128
-0.00048519999999999998,90,90,136,128
-0.0004861,90,90,137,128
-0.00048699999999999997,90,90,133,128
-0.00048789999999999999,90,90,139,128
-0.00048879999999999996,92,90,140,128
-0.00048970000000000003,80,90,125,128
-0.0004906,90,90,138,137
-0.00049149999999999997,88,90,132,137
-0.00049239999999999993,90,90,135,137
-0.00049330000000000001,94,90,144,137
-0.00049419999999999998,92,90,138,137
-0.00049509999999999995,92,88,143,133
-0.00049600000000000002,92,88,138,133
-0.00049689999999999999,90,88,138,133
-0.00049779999999999996,90,88,142,133
-0.00049870000000000003,92,88,140,133
-0.0004996,90,88,145,133
-0.00050049999999999997,90,78,137,121
-0.00050139999999999994,86,78,126,121
-0.00050230000000000001,90,78,134,121
-0.00050319999999999998,90,78,140,121
-0.00050409999999999995,90,78,133,121
-0.00050500000000000002,88,78,129,121
-0.00050589999999999999,92,80,140,124
-0.00050679999999999996,88,80,142,124
-0.00050770000000000003,90,80,129,124
-0.0005086,92,84,141,127
-0.00050949999999999997,90,84,131,127
-0.00051039999999999994,86,84,123,127
-0.00051130000000000001,84,84,125,127
-0.00051219999999999998,92,84,142,127
-0.00051309999999999995,90,84,141,127
-0.00051400000000000003,90,84,139,127
-0.00051489999999999999,88,84,130,127
-0.00051579999999999996,88,84,142,127
-0.00051670000000000004,90,84,142,127
-0.0005176,90,84,136,127
-0.00051849999999999997,92,84,143,127
-0.00051939999999999994,88,82,137,128
-0.00052030000000000002,92,82,144,128
-0.00052119999999999998,92,82,141,128
-0.00052209999999999995,90,82,145,128
-0.00052300000000000003,90,82,137,128
-0.0005239,88,82,131,128
-0.00052479999999999996,90,82,136,128
-0.00052570000000000004,92,82,133,128
-0.00052660000000000001,90,78,138,113
-0.00052749999999999997,90,78,133,113
-0.00052839999999999994,90,78,137,113
-0.00052930000000000002,92,78,142,113
-0.00053019999999999999,90,78,137,113
-0.00053109999999999995,90,78,139,113
-0.00053200000000000003,92,78,135,113
-0.0005329,90,78,131,113
-0.00053379999999999996,90,78,138,113
-0.00053469999999999993,90,78,133,113
-0.00053560000000000001,90,78,139,113
-0.00053649999999999998,88,78,139,113
-0.00053739999999999994,88,82,130,119
-0.00053830000000000002,88,82,132,119
-0.00053919999999999999,90,82,133,119
-0.00054009999999999996,92,82,135,119
-0.00054100000000000003,88,82,137,119
-0.0005419,90,82,132,119
-0.00054279999999999997,90,82,129,119
-0.00054369999999999993,92,82,143,119
-0.00054460000000000001,86,82,131,120
-0.00054549999999999998,92,82,136,120
-0.00054639999999999995,90,82,133,120
-0.00054730000000000002,90,82,144,120
-0.00054819999999999999,88,82,139,120
-0.00054909999999999996,88,82,136,120
-0.00055000000000000003,88,82,128,120
-0.0005509,90,82,137,120
-0.00055179999999999997,86,82,126,120
-0.00055269999999999994,90,82,148,120
-0.00055360000000000001,92,82,138,120
-0.00055449999999999998,90,82,132,120
-0.00055539999999999995,86,78,126,121
-0.00055630000000000002,90,78,144,121
-0.00055719999999999999,88,78,143,121
-0.00055809999999999996,88,78,133,121
-0.00055900000000000004,82,78,119,121
-0.0005599,88,78,132,121
-0.00056079999999999997,94,78,148,121
-0.00056169999999999994,88,78,128,121
-0.00056260000000000001,90,80,137,124
-0.00056349999999999998,92,80,145,124
-0.00056439999999999995,92,80,146,124
-0.00056530000000000003,90,80,138,124
-0.00056619999999999999,90,80,139,124
-0.00056709999999999996,92,80,137,124
-0.00056800000000000004,92,80,142,124
-0.0005689,90,80,146,124
-0.00056979999999999997,90,80,137,124
-0.00057069999999999994,92,80,133,124
-0.00057160000000000002,90,80,135,124
-0.00057249999999999998,88,80,135,124
-0.00057339999999999995,88,80,136,126
-0.00057430000000000003,90,80,145,126
-0.0005752,92,80,139,126
-0.00057609999999999996,92,80,138,126
-0.00057699999999999993,88,80,138,126
-0.00057790000000000001,88,80,133,126
-0.00057879999999999997,90,80,129,126
-0.00057969999999999994,90,80,142,126
-0.00058060000000000002,92,80,136,126
-0.00058149999999999999,92,80,137,126
-0.00058239999999999995,88,80,127,126
-0.00058330000000000003,90,80,150,126
-0.0005842,90,80,137,126
-0.00058509999999999996,92,80,144,126
-0.00058599999999999993,90,80,143,126
-0.00058690000000000001,90,80,139,126
-0.00058779999999999998,88,80,139,126
-0.00058869999999999994,92,80,138,126
-0.00058960000000000002,90,80,131,126
-0.00059049999999999999,92,80,148,126
-0.00059139999999999996,92,80,138,126
-0.00059230000000000003,90,80,139,129
-0.0005932,92,80,144,129
-0.00059409999999999997,90,80,143,129
-0.00059499999999999993,90,80,135,129
-0.00059590000000000001,92,80,135,129
-0.00059679999999999998,92,80,135,129
-0.00059769999999999995,90,82,141,131
-0.00059860000000000002,90,82,132,131
-0.00059949999999999999,92,82,145,131
-0.00060039999999999996,92,82,135,131
-0.00060130000000000003,94,82,144,131
-0.0006022,90,82,145,131
-0.00060309999999999997,90,82,137,131
-0.00060399999999999994,92,82,134,131
-0.00060490000000000001,86,82,139,131
-0.00060579999999999998,90,82,125,131
-0.00060669999999999995,84,82,124,131
-0.00060760000000000002,86,82,125,131
-0.00060849999999999999,84,82,135,131
-0.00060939999999999996,88,82,132,131
-0.00061030000000000004,92,80,139,122
-0.0006112,90,80,135,122
-0.00061209999999999997,90,80,139,122
-0.00061299999999999994,90,80,141,122
-0.00061390000000000001,90,80,133,122
-0.00061479999999999998,90,80,143,122
-0.00061569999999999995,90,80,139,119
-0.00061660000000000003,90,80,134,119
-0.00061749999999999999,94,80,147,119
-0.00061839999999999996,92,80,125,119
-0.00061929999999999993,94,80,136,119
-0.0006202,92,80,138,119
-0.00062109999999999997,92,80,143,119
-0.00062199999999999994,90,80,137,119
-0.00062290000000000002,90,80,141,119
-0.00062379999999999998,88,80,130,119
-0.00062469999999999995,92,80,137,119
-0.00062560000000000003,86,80,126,119
-0.0006265,92,80,138,119
-0.00062739999999999996,90,80,138,119
-0.00062829999999999993,92,78,135,114
-0.00062920000000000001,92,78,136,114
-0.00063009999999999997,90,78,134,114
-0.00063099999999999994,90,78,130,114
-0.00063190000000000002,90,78,134,114
-0.00063279999999999999,92,78,133,114
-0.00063369999999999995,92,80,139,121
-0.00063460000000000003,90,80,140,121
-0.0006355,88,80,138,121
-0.00063639999999999996,92,80,142,121
-0.00063729999999999993,88,80,128,121
-0.00063820000000000001,90,80,136,121
-0.00063909999999999998,90,80,140,121
-0.00063999999999999994,90,80,136,121
-0.00064090000000000002,90,80,137,121
-0.00064179999999999999,92,80,139,121
-0.00064269999999999996,90,80,142,121
-0.00064360000000000003,90,80,137,121
-0.0006445,92,80,143,121
-0.00064539999999999997,90,80,140,121
-0.00064629999999999993,92,80,145,121
-0.00064720000000000001,90,80,137,120
-0.00064809999999999998,90,80,142,120
-0.00064899999999999995,86,80,136,120
-0.00064990000000000002,88,80,139,120
-0.00065079999999999999,90,80,142,120
-0.00065169999999999996,88,80,144,120
-0.00065260000000000003,92,80,144,120
-0.0006535,88,80,138,120
-0.00065439999999999997,90,80,137,120
-0.00065529999999999994,84,80,135,120
-0.00065620000000000001,90,80,134,120
-0.00065709999999999998,92,80,138,120
-0.00065799999999999995,90,80,138,120
-0.00065890000000000002,92,80,143,120
-0.00065979999999999999,92,80,139,123
-0.00066069999999999996,90,80,141,123
-0.00066159999999999993,90,80,134,123
-0.0006625,88,80,133,123
-0.00066339999999999997,90,80,132,123
-0.00066429999999999994,90,80,141,123
-0.00066520000000000001,92,80,136,126
-0.00066609999999999998,90,80,138,126
-0.00066699999999999995,90,80,133,126
-0.00066790000000000003,92,80,145,126
-0.00066879999999999999,88,80,143,126
-0.00066969999999999996,92,80,139,126
-0.00067059999999999993,94,80,139,126
-0.0006715,90,80,146,126
-0.00067239999999999997,94,80,152,126
-0.00067329999999999994,92,80,142,126
-0.00067420000000000002,86,80,135,126
-0.00067509999999999998,90,80,142,126
-0.00067599999999999995,90,80,137,126
-0.00067690000000000003,94,80,139,126
-0.0006778,92,82,144,126
-0.00067869999999999996,88,82,139,126
-0.00067959999999999993,88,82,131,126
-0.00068050000000000001,82,82,122,126
-0.00068139999999999997,92,82,136,126
-0.00068229999999999994,90,80,134,118
-0.00068320000000000002,90,80,134,118
-0.00068409999999999999,90,80,141,118
-0.00068499999999999995,92,80,137,118
-0.00068590000000000003,88,80,139,118
-0.0006868,92,80,142,118
-0.00068769999999999996,90,80,132,118
-0.00068859999999999993,88,80,130,118
-0.00068950000000000001,90,80,136,118
-0.00069039999999999998,92,80,138,118
-0.00069129999999999994,92,80,133,118
-0.00069220000000000002,86,80,137,118
-0.00069309999999999999,90,80,135,118
-0.00069399999999999996,88,80,147,118
-0.00069490000000000003,86,80,127,118
-0.0006958,90,80,135,118
-0.00069669999999999997,90,80,132,120
-0.00069759999999999993,90,80,138,120
-0.00069850000000000001,92,80,144,120
-0.00069939999999999998,88,80,139,120
-0.00070029999999999995,90,76,136,117
-0.00070120000000000002,92,76,143,117
-0.00070209999999999999,92,76,141,117
-0.00070299999999999996,90,76,134,117
-0.00070389999999999993,92,76,144,117
-0.0007048,92,76,137,117
-0.00070569999999999997,92,76,141,117
-0.00070659999999999994,88,76,128,117
-0.00070750000000000001,86,76,133,117
-0.00070839999999999998,86,76,128,117
-0.00070929999999999995,92,76,138,117
-0.00071020000000000002,88,76,139,117
-0.00071109999999999999,92,76,139,117
-0.00071199999999999996,92,76,144,117
-0.00071289999999999993,88,76,135,117
-0.0007138,92,76,138,117
-0.00071469999999999997,90,78,142,115
-0.00071559999999999994,90,78,127,115
-0.00071650000000000001,88,78,138,115
-0.00071739999999999998,90,78,145,115
-0.00071829999999999995,88,80,137,119
-0.00071920000000000003,90,80,139,119
-0.00072009999999999999,90,80,141,119
-0.00072099999999999996,90,80,147,119
-0.00072189999999999993,86,80,135,119
-0.0007228,94,80,141,119
-0.00072369999999999997,94,80,133,119
-0.00072459999999999994,92,80,136,119
-0.00072550000000000002,92,80,131,119
-0.00072639999999999998,92,80,142,119
-0.00072729999999999995,92,80,127,119
-0.00072820000000000003,90,80,124,119
-0.0007291,88,80,129,119
-0.00072999999999999996,92,80,145,119
-0.00073089999999999993,90,80,136,119
-0.00073180000000000001,88,80,133,119
-0.00073269999999999997,90,80,139,123
-0.00073359999999999994,90,80,141,123
-0.00073450000000000002,92,80,143,123
-0.00073539999999999999,90,80,135,123
-0.00073629999999999995,92,80,146,123
-0.00073720000000000003,86,80,133,123
-0.0007381,92,80,140,123
-0.00073899999999999997,88,80,127,123
-0.00073989999999999993,88,80,132,123
-0.00074080000000000001,94,80,150,123
-0.00074169999999999998,90,80,132,123
-0.00074259999999999994,92,80,147,123
-0.00074350000000000002,90,80,143,123
-0.00074439999999999999,88,80,132,123
-0.00074529999999999996,92,80,140,123
-0.00074619999999999992,92,80,137,123
-0.0007471,92,80,139,123
-0.00074799999999999997,90,80,145,123
-0.00074889999999999993,90,80,145,123
-0.00074980000000000001,88,80,130,123
-0.00075069999999999998,90,78,139,125
-0.00075159999999999995,88,78,129,125
-0.00075250000000000002,88,78,135,125
-0.00075339999999999999,90,78,137,125
-0.00075429999999999996,88,80,137,117
-0.00075519999999999993,92,80,137,117
-0.0007561,92,80,135,117
-0.00075699999999999997,92,80,134,117
-0.00075789999999999994,90,80,141,117
-0.00075880000000000001,92,80,139,117
-0.00075969999999999998,90,80,137,117
-0.00076059999999999995,92,80,124,117
-0.00076150000000000002,92,80,141,117
-0.00076239999999999999,90,80,132,117
-0.00076329999999999996,90,80,132,117
-0.00076419999999999993,90,80,134,117
-0.0007651,92,80,146,117
-0.00076599999999999997,92,80,144,117
-0.00076689999999999994,82,80,130,117
-0.00076780000000000001,86,80,132,117
-0.00076869999999999998,90,82,136,121
-0.00076959999999999995,90,82,134,121
-0.00077050000000000003,90,82,137,121
-0.00077139999999999999,90,78,140,126
-0.00077229999999999996,90,78,132,126
-0.00077319999999999993,90,78,142,126
-0.00077410000000000001,90,78,138,126
-0.00077499999999999997,90,78,128,126
-0.00077589999999999994,88,78,138,126
-0.00077680000000000002,92,78,135,126
-0.00077769999999999998,90,78,141,126
-0.00077859999999999995,90,78,135,126
-0.00077950000000000003,90,78,134,126
-0.0007804,90,78,144,126
-0.00078129999999999996,88,78,137,126
-0.00078219999999999993,90,78,133,126
-0.00078310000000000001,88,78,126,126
-0.00078399999999999997,90,78,138,126
-0.00078489999999999994,88,78,144,126
-0.00078580000000000002,88,78,132,126
-0.00078669999999999999,90,78,145,126
-0.00078759999999999995,90,82,127,131
-0.00078849999999999992,90,82,135,131
-0.0007894,88,82,133,131
-0.00079029999999999997,88,82,132,131
-0.00079119999999999993,92,82,134,131
-0.00079210000000000001,90,82,137,131
-0.00079299999999999998,92,82,136,131
-0.00079389999999999994,92,82,145,131
-0.00079480000000000002,94,82,146,131
-0.00079569999999999999,92,82,141,131
-0.00079659999999999996,90,82,135,131
-0.00079749999999999992,90,82,140,131
-0.0007984,90,82,145,131
-0.00079929999999999997,88,82,133,131
-0.00080019999999999993,88,82,144,131
-0.00080110000000000001,90,82,137,129
-0.00080199999999999998,88,82,131,129
-0.00080289999999999995,92,80,138,120
-0.00080380000000000002,88,80,133,120
-0.00080469999999999999,92,80,146,120
-0.00080559999999999996,88,80,132,120
-0.00080649999999999993,94,80,142,120
-0.0008074,88,80,132,120
-0.00080829999999999997,86,80,126,120
-0.00080919999999999994,90,80,136,120
-0.00081010000000000001,92,80,133,120
-0.00081099999999999998,90,80,143,120
-0.00081189999999999995,90,80,139,120
-0.00081280000000000002,88,80,138,120
-0.00081369999999999999,92,80,143,120
-0.00081459999999999996,90,80,143,120
-0.00081549999999999993,84,80,122,120
-0.0008164,92,80,132,120
-0.00081729999999999997,90,80,143,120
-0.00081819999999999994,90,80,134,120
-0.00081910000000000001,92,82,142,131
-0.00081999999999999998,90,82,139,131
-0.00082089999999999995,92,80,152,127
-0.00082180000000000003,88,80,136,127
-0.00082269999999999999,92,80,136,127
-0.00082359999999999996,90,80,135,127
-0.00082449999999999993,90,80,133,127
-0.00082540000000000001,92,80,139,127
-0.00082629999999999997,92,80,140,127
-0.00082719999999999994,86,80,137,127
-0.00082810000000000002,90,80,133,127
-0.00082899999999999998,90,80,144,127
-0.00082989999999999995,90,80,130,127
-0.00083079999999999992,88,80,131,127
-0.0008317,90,80,141,127
-0.00083259999999999996,90,80,135,127
-0.00083349999999999993,90,80,137,127
-0.00083440000000000001,88,80,138,127
-0.00083529999999999997,88,80,131,127
-0.00083619999999999994,90,80,134,127
-0.00083710000000000002,92,76,139,115
-0.00083799999999999999,92,76,138,115
-0.00083889999999999995,84,80,131,117
-0.00083979999999999992,88,80,141,117
-0.0008407,90,80,145,117
-0.00084159999999999997,90,80,131,117
-0.00084249999999999993,90,80,139,117
-0.00084340000000000001,92,80,139,117
-0.00084429999999999998,90,80,133,117
-0.00084519999999999994,90,80,133,117
-0.00084610000000000002,90,80,131,117
-0.00084699999999999999,92,80,138,117
-0.00084789999999999996,92,80,141,117
-0.00084879999999999992,90,80,137,117
-0.0008497,90,80,142,117
-0.00085059999999999997,92,80,149,117
-0.00085149999999999993,96,80,144,117
-0.00085240000000000001,88,80,123,117
-0.00085329999999999998,92,80,135,117
-0.00085419999999999995,92,80,146,117
-0.00085510000000000002,90,80,136,116
-0.00085599999999999999,86,82,135,119
-0.00085689999999999996,92,82,141,119
-0.00085779999999999993,90,82,138,119
-0.0008587,92,82,136,119
-0.00085959999999999997,92,82,129,119
-0.00086049999999999994,92,82,137,119
-0.00086140000000000001,92,82,128,119
-0.00086229999999999998,90,82,144,119
-0.00086319999999999995,84,82,125,119
-0.00086410000000000002,90,82,135,119
-0.00086499999999999999,88,82,126,119
-0.00086589999999999996,90,82,140,119
-0.00086679999999999993,90,82,134,119
-0.0008677,90,82,135,119
-0.00086859999999999997,88,82,132,119
-0.00086949999999999994,90,82,131,119
-0.00087040000000000001,86,82,134,119
-0.00087129999999999998,92,82,142,119
-0.00087219999999999995,92,82,132,119
-0.00087309999999999992,92,82,138,119
-0.00087399999999999999,92,78,138,123
-0.00087489999999999996,90,78,123,123
-0.00087579999999999993,92,78,143,123
-0.00087670000000000001,90,78,138,123
-0.00087759999999999997,90,78,136,123
-0.00087849999999999994,90,78,143,123
-0.00087940000000000002,90,78,134,123
-0.00088029999999999998,92,78,133,123
-0.00088119999999999995,90,78,141,123
-0.00088209999999999992,92,78,139,123
-0.000883,92,78,139,123
-0.00088389999999999996,90,78,141,123
-0.00088479999999999993,92,78,141,123
-0.00088570000000000001,90,78,134,123
-0.00088659999999999997,88,78,140,123
-0.00088749999999999994,92,78,124,123
-0.00088840000000000002,88,78,130,123
-0.00088929999999999999,88,78,126,123
-0.00089019999999999995,90,78,140,123
-0.00089109999999999992,90,78,140,123
-0.000892,92,78,149,115
-0.00089289999999999997,90,78,136,115
-0.00089379999999999993,92,78,138,115
-0.00089470000000000001,90,78,147,115
-0.00089559999999999998,92,78,137,115
-0.00089649999999999994,90,78,135,115
-0.00089740000000000002,92,78,138,115
-0.00089829999999999999,92,78,140,115
-0.00089919999999999996,86,78,137,115
-0.00090009999999999992,90,78,141,115
-0.000901,84,78,134,115
-0.00090189999999999997,90,78,136,115
-0.00090279999999999994,98,78,143,115
-0.00090370000000000001,88,78,134,115
-0.00090459999999999998,92,78,146,115
-0.00090549999999999995,88,78,140,115
-0.00090639999999999991,88,78,138,115
-0.00090729999999999999,90,78,131,115
-0.00090819999999999996,92,78,141,115
-0.00090909999999999993,92,78,133,115
-0.00091,92,82,140,121
-0.00091089999999999997,92,82,141,121
-0.00091179999999999994,92,82,143,121
-0.00091270000000000001,92,82,139,121
-0.00091359999999999998,86,82,132,121
-0.00091449999999999995,90,82,141,121
-0.00091539999999999992,90,82,135,121
-0.00091629999999999999,92,82,132,121
-0.00091719999999999996,90,82,133,121
-0.00091809999999999993,90,82,138,121
-0.000919,90,82,142,121
-0.00091989999999999997,92,82,145,121
-0.00092079999999999994,92,82,138,121
-0.00092170000000000001,90,82,137,121
-0.00092259999999999998,92,82,141,121
-0.00092349999999999995,90,82,125,121
-0.00092439999999999992,92,82,136,121
-0.00092529999999999999,96,82,149,121
-0.00092619999999999996,86,82,133,121
-0.00092709999999999993,90,82,135,121
-0.00092800000000000001,90,80,138,116
-0.00092889999999999997,92,80,137,116
-0.00092979999999999994,92,80,141,116
-0.00093070000000000002,92,80,139,116
-0.00093159999999999998,90,80,137,116
-0.00093249999999999995,88,80,129,116
-0.00093339999999999992,88,80,133,116
-0.0009343,92,80,139,116
-0.00093519999999999996,90,80,142,116
-0.00093609999999999993,88,80,129,116
-0.00093700000000000001,88,80,135,116
-0.00093789999999999998,90,80,127,116
-0.00093879999999999994,88,80,138,116
-0.00093970000000000002,88,80,141,116
-0.00094059999999999999,88,82,130,137
-0.00094149999999999995,90,82,132,137
-0.00094239999999999992,92,82,138,137
-0.0009433,88,82,134,137
-0.00094419999999999997,90,82,129,137
-0.00094509999999999993,88,82,144,137
-0.00094600000000000001,92,82,134,137
-0.00094689999999999998,92,82,145,137
-0.00094779999999999994,90,82,133,137
-0.00094869999999999991,92,82,142,137
-0.00094959999999999999,92,82,136,137
-0.00095049999999999996,92,82,138,137
-0.00095139999999999992,94,82,144,137
-0.0009523,92,82,133,137
-0.00095319999999999997,92,82,132,137
-0.00095409999999999994,90,82,134,137
-0.00095500000000000001,92,82,142,137
-0.00095589999999999998,92,82,137,137
-0.00095679999999999995,92,82,142,137
-0.00095769999999999991,92,82,141,137
-0.00095859999999999999,88,82,130,137
-0.00095949999999999996,88,82,133,137
-0.00096039999999999993,92,82,140,118
-0.0009613,90,82,136,118
-0.00096219999999999997,92,82,140,118
-0.00096309999999999994,92,82,140,118
-0.00096400000000000001,90,82,139,118
-0.00096489999999999998,90,82,134,118
-0.00096579999999999995,90,82,128,118
-0.00096669999999999992,88,82,125,118
-0.00096759999999999999,88,82,135,118
-0.00096849999999999996,92,82,139,118
-0.00096939999999999993,94,82,140,118
-0.0009703,90,82,128,118
-0.00097119999999999997,88,82,137,118
-0.00097209999999999994,90,82,138,118
-0.00097300000000000002,84,82,122,118
-0.00097389999999999998,90,82,145,118
-0.00097479999999999995,90,82,143,118
-0.00097569999999999992,88,82,143,118
-0.00097659999999999999,90,84,135,127
-0.00097750000000000007,88,84,139,127
-0.00097839999999999993,90,84,144,127
-0.00097930000000000001,90,84,138,127
-0.00098019999999999986,90,84,139,127
-0.00098109999999999994,90,84,140,127
-0.00098200000000000002,88,84,134,127
-0.00098289999999999988,92,84,132,127
-0.00098379999999999995,88,84,133,127
-0.00098470000000000003,90,84,137,127
-0.00098559999999999989,92,84,138,127
-0.00098649999999999996,92,84,139,127
-0.00098740000000000004,90,84,136,127
-0.0009882999999999999,88,84,133,127
-0.00098919999999999998,92,84,145,127
-0.00099010000000000005,92,84,136,127
-0.00099099999999999991,94,84,145,127
-0.00099189999999999999,94,84,131,127
-0.00099280000000000006,94,84,139,127
-0.00099369999999999992,92,84,136,127
-0.0009946,88,84,134,127
-0.00099549999999999986,92,84,141,127
-0.00099639999999999993,92,80,138,125
-0.00099730000000000001,90,80,129,125
-0.00099819999999999987,90,80,133,125
-0.00099909999999999994,88,80,133,125
1.0000000000000001e-05,100,100,147,152
1.0090000000000002e-05,100,100,153,152
1.0180000000000001e-05,98,98,158,141
1.0270000000000002e-05,100,98,154,141
1.0360000000000001e-05,100,102,150,142
1.0450000000000002e-05,100,102,155,142
1.0540000000000001e-05,100,102,143,152
1.0630000000000002e-05,102,102,147,152
1.0720000000000001e-05,98,102,156,163
1.0810000000000002e-05,100,102,154,150
1.0900000000000001e-05,100,102,149,150
1.0990000000000002e-05,102,102,152,150
1.1080000000000001e-05,98,98,149,151
1.1170000000000001e-05,102,100,157,155
1.1260000000000001e-05,98,100,143,155
1.1350000000000001e-05,102,100,157,155
1.1440000000000001e-05,100,96,151,141
1.1530000000000001e-05,102,100,157,148
1.1620000000000001e-05,104,100,154,148
1.1710000000000001e-05,100,100,158,148
1.1800000000000001e-05,100,100,149,145
1.1890000000000001e-05,102,100,151,158
1.198e-05,100,100,146,158
1.2070000000000001e-05,96,100,146,158
1.216e-05,102,100,155,159
1.2250000000000001e-05,100,102,156,151
1.234e-05,102,102,157,151
1.2430000000000001e-05,96,100,145,153
1.252e-05,102,100,153,153
1.2610000000000001e-05,102,100,152,156
1.27e-05,96,100,148,156
1.2790000000000001e-05,100,102,158,149
1.2880000000000002e-05,100,102,155,149
1.2970000000000001e-05,100,102,160,160
1.3060000000000002e-05,100,102,149,160
1.3150000000000001e-05,102,98,156,159
1.3240000000000002e-05,102,102,157,160
1.3330000000000001e-05,92,102,148,160
1.3420000000000002e-05,98,102,148,160
1.3510000000000001e-05,102,102,158,150
1.3600000000000002e-05,98,96,154,142
1.3690000000000001e-05,100,96,151,142
1.3780000000000002e-05,98,96,143,142
1.3870000000000001e-05,102,98,156,151
1.3960000000000002e-05,100,100,155,149
1.4050000000000001e-05,100,100,147,149
1.4140000000000002e-05,102,100,152,149
1.4230000000000001e-05,102,102,151,157
1.4320000000000002e-05,98,100,148,149
1.4410000000000001e-05,100,100,158,149
1.4500000000000002e-05,98,100,135,149
1.4590000000000001e-05,102,100,153,141
1.4680000000000002e-05,100,100,150,153
1.4770000000000001e-05,98,100,148,153
1.4860000000000002e-05,102,100,154,153
1.4950000000000001e-05,102,100,150,140
1.5040000000000002e-05,100,98,155,153
1.5130000000000001e-05,102,98,155,153
1.5220000000000002e-05,102,98,155,153
1.5310000000000001e-05,100,100,163,147
1.5400000000000002e-05,102,100,156,151
1.5490000000000002e-05,98,100,164,151
1.558e-05,100,100,154,151
1.5670000000000001e-05,102,102,162,157
1.5760000000000002e-05,98,102,154,148
1.5850000000000002e-05,102,102,160,148
1.5940000000000003e-05,100,102,149,148
1.6030000000000001e-05,96,102,145,155
1.6120000000000002e-05,100,98,154,140
1.6210000000000002e-05,100,98,146,140
1.6300000000000003e-05,100,98,151,140
1.6390000000000001e-05,102,100,158,157
1.6480000000000001e-05,98,100,160,157
1.6570000000000002e-05,96,100,146,157
1.6660000000000003e-05,100,100,150,157
1.6750000000000001e-05,100,102,143,156
1.6840000000000001e-05,100,102,156,156
1.6930000000000002e-05,102,102,159,156
1.7020000000000003e-05,100,102,160,156
1.7110000000000001e-05,100,102,144,160
1.7200000000000001e-05,98,102,152,160
1.7290000000000002e-05,98,102,149,160
1.7380000000000003e-05,94,102,136,160
1.747e-05,100,102,153,156
1.7560000000000001e-05,100,102,155,156
1.7650000000000002e-05,100,102,146,156
1.7740000000000003e-05,102,102,157,156
1.783e-05,102,100,158,154
1.7920000000000001e-05,100,100,148,154
1.8010000000000002e-05,102,100,153,154
1.8100000000000003e-05,102,98,157,147
1.819e-05,100,98,142,147
1.8280000000000001e-05,102,98,140,147
1.8370000000000002e-05,100,98,152,147
1.8460000000000003e-05,102,102,155,158
1.855e-05,100,102,154,158
1.8640000000000001e-05,102,102,149,158
1.8730000000000002e-05,102,102,153,158
1.8820000000000003e-05,98,102,155,153
1.8910000000000004e-05,102,102,158,153
1.9000000000000001e-05,96,102,150,153
1.9090000000000002e-05,100,102,155,153
1.9180000000000003e-05,100,102,156,153
1.9270000000000004e-05,98,98,151,147
1.9360000000000001e-05,102,98,152,147
1.9450000000000002e-05,102,98,162,147
1.9540000000000003e-05,98,94,149,142
1.9630000000000003e-05,102,94,152,142
1.9720000000000001e-05,100,94,153,142
1.9810000000000002e-05,100,94,156,142
1.9900000000000003e-05,100,100,146,151
1.9990000000000003e-05,102,100,154,151
2.0080000000000001e-05,100,100,152,151
2.0170000000000002e-05,96,100,140,151
2.0260000000000003e-05,96,98,147,145
2.0350000000000003e-05,100,98,155,145
2.0440000000000001e-05,98,98,141,145
2.0530000000000002e-05,100,98,151,145
2.0620000000000002e-05,102,102,152,162
2.0710000000000003e-05,102,102,149,162
2.0800000000000001e-05,102,102,142,162
2.0890000000000002e-05,102,102,149,162
2.0980000000000002e-05,102,100,156,158
2.1070000000000003e-05,102,100,152,158
2.1160000000000001e-05,102,100,152,158
2.1250000000000002e-05,98,100,147,158
2.1340000000000002e-05,104,102,154,160
2.1430000000000003e-05,102,102,163,160
2.1520000000000004e-05,96,102,146,160
2.1610000000000001e-05,100,102,159,160
2.1700000000000002e-05,102,102,155,148
2.1790000000000003e-05,102,102,150,148
2.1880000000000004e-05,100,102,149,148
2.1970000000000001e-05,98,102,150,148
2.2060000000000002e-05,100,98,158,140
2.2150000000000003e-05,98,98,151,140
2.2240000000000004e-05,98,98,147,140
2.2330000000000001e-05,100,100,148,152
2.2420000000000002e-05,100,100,164,152
2.2510000000000003e-05,100,100,155,152
2.2600000000000004e-05,102,100,161,152
2.2690000000000001e-05,102,100,155,152
2.2780000000000002e-05,100,96,165,145
2.2870000000000003e-05,96,96,141,145
2.2960000000000004e-05,100,96,151,145
2.3050000000000001e-05,102,98,163,151
2.3140000000000002e-05,96,98,149,151
2.3230000000000003e-05,100,98,148,151
2.3320000000000004e-05,100,98,159,151
2.3410000000000001e-05,102,98,149,151
2.3500000000000002e-05,102,102,157,151
2.3590000000000003e-05,100,102,145,151
2.3680000000000004e-05,100,100,146,154
2.3770000000000001e-05,102,100,163,154
2.3860000000000002e-05,98,100,151,154
2.3950000000000003e-05,100,100,158,154
2.4040000000000004e-05,100,100,147,154
2.4130000000000001e-05,100,100,140,154
2.4220000000000002e-05,100,100,159,153
2.4310000000000003e-05,102,100,152,153
2.4400000000000004e-05,102,100,152,146
2.4490000000000004e-05,100,100,161,146
2.4580000000000002e-05,102,100,151,146
2.4670000000000003e-05,102,100,153,146
2.4760000000000003e-05,102,100,153,146
2.4850000000000004e-05,100,100,145,146
2.4940000000000002e-05,100,100,153,152
2.5030000000000003e-05,102,100,158,152
2.5120000000000003e-05,100,100,155,147
2.5210000000000004e-05,100,100,158,147
2.5300000000000002e-05,100,100,156,147
2.5390000000000003e-05,100,100,154,147
2.5480000000000003e-05,102,100,156,147
2.5570000000000004e-05,100,98,149,153
2.5660000000000002e-05,102,98,149,153
2.5750000000000002e-05,100,98,150,153
2.5840000000000003e-05,98,100,144,152
2.5930000000000004e-05,98,100,141,152
2.6020000000000002e-05,102,100,160,152
2.6110000000000002e-05,98,100,141,152
2.6200000000000003e-05,100,100,156,152
2.6290000000000004e-05,98,100,151,153
2.6380000000000002e-05,98,100,159,153
2.6470000000000002e-05,96,100,154,153
2.6560000000000003e-05,100,100,153,160
2.6650000000000004e-05,100,100,151,160
2.6740000000000001e-05,102,100,160,160
2.6830000000000002e-05,100,100,151,160
2.6920000000000003e-05,102,100,165,160
2.7010000000000004e-05,102,100,150,151
2.7100000000000001e-05,102,100,162,151
2.7190000000000002e-05,100,102,141,157
2.7280000000000003e-05,100,102,150,157
2.7370000000000004e-05,96,102,142,157
2.7460000000000005e-05,102,102,152,157
2.7550000000000002e-05,102,102,158,157
2.7640000000000003e-05,100,102,152,157
2.7730000000000004e-05,98,102,151,157
2.7820000000000005e-05,102,100,153,158
2.7910000000000002e-05,100,102,144,147
2.8000000000000003e-05,100,102,151,147
2.8090000000000004e-05,100,102,149,147
2.8180000000000005e-05,98,102,142,147
2.8270000000000002e-05,102,102,158,147
2.8360000000000003e-05,100,102,148,147
2.8450000000000004e-05,102,100,157,149
2.8540000000000005e-05,98,100,148,149
2.8630000000000002e-05,102,102,153,160
2.8720000000000003e-05,100,102,148,160
2.8810000000000004e-05,100,102,149,160
2.8900000000000005e-05,102,102,157,160
2.8990000000000002e-05,102,102,155,160
2.9080000000000003e-05,100,102,142,160
2.9170000000000004e-05,100,102,141,155
2.9260000000000004e-05,102,102,159,161
2.9350000000000002e-05,100,102,155,161
2.9440000000000003e-05,100,102,153,161
2.9530000000000004e-05,100,102,153,161
2.9620000000000004e-05,102,102,156,161
2.9710000000000002e-05,102,102,154,161
2.9800000000000003e-05,102,102,149,161
2.9890000000000004e-05,100,96,140,148
2.9980000000000004e-05,100,100,147,153
3.0070000000000002e-05,102,100,154,153
3.0160000000000003e-05,100,100,163,153
3.0250000000000003e-05,98,100,153,153
3.0340000000000004e-05,102,100,156,153
3.0430000000000005e-05,92,100,145,153
3.0520000000000006e-05,100,100,152,153
3.0610000000000007e-05,100,100,147,142
3.0700000000000001e-05,102,100,154,147
3.0790000000000002e-05,100,100,152,147
3.0880000000000002e-05,102,100,152,147
3.0970000000000003e-05,100,100,151,147
3.1060000000000004e-05,98,100,150,147
3.1150000000000005e-05,100,100,150,147
3.1240000000000006e-05,100,100,157,154
3.1330000000000007e-05,102,102,157,156
3.1420000000000001e-05,102,102,158,156
3.1510000000000002e-05,100,102,148,156
3.1600000000000002e-05,100,102,158,156
3.1690000000000003e-05,102,102,148,156
3.1780000000000004e-05,102,102,152,156
3.1870000000000005e-05,102,102,155,156
3.1960000000000006e-05,100,102,151,156
3.2050000000000007e-05,102,100,155,150
3.2140000000000001e-05,100,100,154,150
3.2230000000000001e-05,102,100,148,150
3.2320000000000002e-05,102,100,151,150
3.2410000000000003e-05,98,100,140,150
3.2500000000000004e-05,98,100,150,150
3.2590000000000005e-05,100,100,156,150
3.2680000000000006e-05,102,100,151,150
3.2770000000000006e-05,98,100,154,151
3.286e-05,98,100,154,151
3.2950000000000001e-05,104,100,146,151
3.3040000000000002e-05,100,100,157,151
3.3130000000000003e-05,102,100,150,151
3.3220000000000004e-05,96,100,144,151
3.3310000000000005e-05,100,100,159,151
3.3400000000000005e-05,100,100,152,151
3.3490000000000006e-05,96,100,145,146
3.3580000000000007e-05,100,100,151,146
3.3670000000000001e-05,100,100,156,146
3.3760000000000002e-05,102,100,156,146
3.3850000000000003e-05,98,100,147,146
3.3940000000000004e-05,98,100,148,146
3.4030000000000005e-05,100,100,139,146
3.4120000000000005e-05,100,102,151,161
3.4210000000000006e-05,94,102,147,154
3.4300000000000007e-05,102,102,158,154
3.4390000000000001e-05,100,102,156,154
3.4480000000000002e-05,102,102,160,154
3.4570000000000003e-05,98,102,148,154
3.4660000000000004e-05,100,102,144,154
3.4750000000000004e-05,100,102,151,154
3.4840000000000005e-05,100,100,151,147
3.4930000000000006e-05,100,100,139,147
3.5020000000000007e-05,102,100,162,147
3.5110000000000001e-05,102,100,142,147
3.5200000000000002e-05,102,100,156,147
3.5290000000000003e-05,100,100,160,147
3.5380000000000003e-05,100,100,141,147
3.5470000000000004e-05,100,100,154,147
3.5560000000000005e-05,98,100,145,153
3.5650000000000006e-05,98,100,139,153
3.5740000000000007e-05,102,100,151,153
3.5830000000000001e-05,100,100,154,153
3.5920000000000002e-05,100,100,151,153
3.6010000000000003e-05,100,100,144,153
3.6100000000000003e-05,100,100,152,153
3.6190000000000004e-05,100,100,154,153
3.6280000000000005e-05,102,102,162,156
3.6370000000000006e-05,98,102,142,156
3.6460000000000007e-05,100,102,140,156
3.6550000000000008e-05,98,102,147,156
3.6640000000000002e-05,94,102,150,156
3.6730000000000002e-05,102,102,156,156
3.6820000000000003e-05,100,102,156,156
3.6910000000000004e-05,98,100,151,153
3.7000000000000005e-05,102,100,162,153
3.7090000000000006e-05,98,100,147,153
3.7180000000000007e-05,100,100,149,153
3.7270000000000007e-05,102,100,158,153
3.7360000000000001e-05,100,100,142,153
3.7450000000000002e-05,100,100,149,153
3.7540000000000003e-05,100,100,146,153
3.7630000000000004e-05,100,100,152,153
3.7720000000000005e-05,102,100,151,150
3.7810000000000006e-05,100,100,152,150
3.7900000000000006e-05,98,100,146,150
3.7990000000000007e-05,102,100,153,150
3.8080000000000001e-05,100,100,151,150
3.8170000000000002e-05,100,100,148,150
3.8260000000000003e-05,102,100,151,150
3.8350000000000004e-05,96,102,146,154
3.8440000000000005e-05,102,102,159,154
3.8530000000000005e-05,98,102,151,154
3.8620000000000006e-05,98,102,147,154
3.8710000000000007e-05,94,102,153,154
3.8800000000000008e-05,100,102,160,154
3.8890000000000002e-05,100,102,154,154
3.8980000000000003e-05,100,102,147,154
3.9070000000000004e-05,100,102,156,154
3.9160000000000005e-05,102,102,151,154
3.9250000000000005e-05,98,102,144,154
3.9340000000000006e-05,94,102,142,154
3.9430000000000007e-05,100,102,152,154
3.9520000000000008e-05,98,102,141,154
3.9610000000000002e-05,98,102,140,154
3.9700000000000003e-05,100,102,138,154
3.9790000000000004e-05,100,100,156,149
3.9880000000000004e-05,100,100,161,149
3.9970000000000005e-05,100,100,163,149
4.0060000000000006e-05,100,100,151,149
4.0150000000000007e-05,102,100,162,149
4.0240000000000008e-05,100,100,150,149
4.0330000000000002e-05,102,100,153,149
4.0420000000000003e-05,102,100,153,149
4.0510000000000003e-05,98,100,145,150
4.0600000000000004e-05,100,100,150,150
4.0690000000000005e-05,100,100,154,150
4.0780000000000006e-05,98,100,145,150
4.0870000000000007e-05,102,100,156,150
4.0960000000000008e-05,98,100,148,150
4.1050000000000002e-05,102,100,165,150
4.1140000000000003e-05,100,98,156,157
4.1230000000000003e-05,102,98,158,157
4.1320000000000004e-05,100,98,146,157
4.1410000000000005e-05,102,98,164,157
4.1500000000000006e-05,102,98,162,157
4.1590000000000007e-05,102,98,151,157
4.1680000000000008e-05,102,98,164,157
4.1770000000000008e-05,100,98,145,157
4.1860000000000002e-05,96,98,155,157
4.1950000000000003e-05,100,100,161,157
4.2040000000000004e-05,102,100,147,157
4.2130000000000005e-05,102,100,159,157
4.2220000000000006e-05,100,100,158,157
4.2310000000000007e-05,92,100,139,157
4.2400000000000007e-05,100,100,147,157
4.2490000000000008e-05,102,102,158,145
4.2580000000000002e-05,102,102,145,145
4.2670000000000003e-05,98,102,145,145
4.2760000000000004e-05,102,102,150,145
4.2850000000000005e-05,100,102,159,145
4.2940000000000006e-05,102,102,160,145
4.3030000000000006e-05,96,102,145,145
4.3120000000000007e-05,96,102,146,145
4.3210000000000008e-05,98,102,157,145
4.3300000000000002e-05,102,102,159,145
4.3390000000000003e-05,102,102,157,163
4.3480000000000004e-05,98,102,155,163
4.3570000000000005e-05,100,102,145,163
4.3660000000000005e-05,102,102,148,163
4.3750000000000006e-05,102,102,152,163
4.3840000000000007e-05,98,102,140,163
4.3930000000000008e-05,100,100,153,146
4.4020000000000002e-05,100,100,153,146
4.4110000000000003e-05,102,100,163,146
4.4200000000000004e-05,102,100,161,146
4.4290000000000005e-05,98,100,140,146
4.4380000000000005e-05,98,100,156,146
4.4470000000000006e-05,100,100,155,146
4.4560000000000007e-05,102,100,156,146
4.4650000000000008e-05,102,100,151,146
4.4740000000000009e-05,102,100,154,146
4.4830000000000003e-05,100,100,151,154
4.4920000000000004e-05,100,100,154,154
4.5010000000000004e-05,100,100,152,154
4.5100000000000005e-05,100,100,153,154
4.5190000000000006e-05,94,100,143,154
4.5280000000000007e-05,102,102,149,165
4.5370000000000008e-05,100,102,150,165
4.5460000000000009e-05,98,102,152,165
4.5550000000000003e-05,100,102,149,165
4.5640000000000003e-05,102,102,157,165
4.5730000000000004e-05,96,102,145,165
4.5820000000000005e-05,100,102,153,165
4.5910000000000006e-05,96,102,142,165
4.6000000000000007e-05,102,102,150,165
4.6090000000000008e-05,100,102,145,165
4.6180000000000008e-05,100,102,165,165
4.6270000000000003e-05,100,102,156,147
4.6360000000000003e-05,102,102,155,147
4.6450000000000004e-05,98,102,151,147
4.6540000000000005e-05,98,102,150,147
4.6630000000000006e-05,102,102,161,147
4.6720000000000007e-05,100,100,152,155
4.6810000000000008e-05,100,100,152,155
4.6900000000000008e-05,98,100,151,155
4.6990000000000002e-05,100,100,153,155
4.7080000000000003e-05,102,100,151,155
4.7170000000000004e-05,100,100,149,155
4.7260000000000005e-05,102,100,150,155
4.7350000000000006e-05,102,100,142,155
4.7440000000000007e-05,102,100,152,155
4.7530000000000007e-05,100,100,159,155
4.7620000000000008e-05,100,100,160,155
4.7710000000000009e-05,98,100,146,155
4.7800000000000003e-05,100,100,154,155
4.7890000000000004e-05,100,100,146,155
4.7980000000000005e-05,98,100,151,155
4.8070000000000006e-05,102,100,157,146
4.8160000000000006e-05,98,100,146,146
4.8250000000000007e-05,102,100,157,146
4.8340000000000008e-05,98,100,148,146
4.8430000000000009e-05,100,100,154,146
4.8520000000000003e-05,100,100,153,146
4.8610000000000004e-05,98,100,146,146
4.8700000000000005e-05,104,100,146,146
4.8790000000000006e-05,102,100,148,146
4.8880000000000006e-05,102,100,154,146
4.8970000000000007e-05,102,100,159,146
4.9060000000000008e-05,102,102,145,152
4.9150000000000009e-05,96,102,138,152
4.9240000000000003e-05,100,102,146,152
4.9330000000000004e-05,98,102,152,152
4.9420000000000005e-05,102,102,157,152
4.9510000000000005e-05,100,100,159,158
4.9600000000000006e-05,100,100,163,158
4.9690000000000007e-05,100,100,149,158
4.9780000000000008e-05,100,100,159,158
4.9870000000000009e-05,100,100,152,158
4.9960000000000003e-05,102,100,157,158
5.0050000000000004e-05,98,88,154,134
5.0140000000000004e-05,100,88,143,134
5.0230000000000005e-05,102,88,164,134
5.0320000000000006e-05,94,88,146,134
5.0410000000000007e-05,100,88,150,134
5.0500000000000008e-05,102,88,150,134
5.0590000000000009e-05,100,92,147,137
5.0680000000000009e-05,100,92,143,137
5.0770000000000003e-05,98,92,156,137
5.0860000000000004e-05,100,90,148,136
5.0950000000000005e-05,102,90,163,136
5.1040000000000006e-05,104,90,153,136
5.1130000000000007e-05,100,90,161,136
5.1220000000000008e-05,100,90,149,136
5.1310000000000008e-05,98,90,153,136
5.1400000000000009e-05,102,90,159,136
5.1490000000000003e-05,102,90,154,136
5.1580000000000004e-05,102,90,157,136
5.1670000000000005e-05,98,90,154,136
5.1760000000000006e-05,102,90,152,136
5.1850000000000007e-05,100,90,150,136
5.1940000000000008e-05,96,92,139,138
5.2030000000000008e-05,100,92,152,138
5.2120000000000009e-05,102,92,155,138
5.2210000000000003e-05,102,92,157,138
5.2300000000000004e-05,100,92,155,138
5.2390000000000005e-05,100,92,149,138
5.2480000000000006e-05,100,92,150,138
5.2570000000000007e-05,96,92,143,138
5.2660000000000007e-05,96,92,138,143
5.2750000000000008e-05,100,92,153,143
5.2840000000000009e-05,102,92,149,143
5.2930000000000003e-05,100,92,148,143
5.3020000000000004e-05,102,92,161,143
5.3110000000000005e-05,98,92,148,143
5.3200000000000006e-05,100,92,147,143
5.3290000000000006e-05,102,92,152,143
5.3380000000000007e-05,102,92,151,143
5.3470000000000008e-05,100,92,160,143
5.3560000000000009e-05,102,92,159,143
5.365000000000001e-05,102,92,154,143
5.3740000000000004e-05,102,92,152,139
5.3830000000000005e-05,102,92,159,139
5.3920000000000006e-05,96,92,139,139
5.4010000000000006e-05,100,92,157,139
5.4100000000000007e-05,102,92,154,139
5.4190000000000008e-05,100,92,151,139
5.4280000000000009e-05,104,92,155,139
5.437000000000001e-05,100,92,150,139
5.4460000000000004e-05,102,92,162,140
5.4550000000000005e-05,100,92,149,140
5.4640000000000005e-05,96,92,152,140
5.4730000000000006e-05,102,92,153,140
5.4820000000000007e-05,104,92,154,140
5.4910000000000008e-05,102,92,157,140
5.5000000000000009e-05,98,92,151,140
5.509000000000001e-05,102,92,150,140
5.5180000000000004e-05,100,92,148,140
5.5270000000000004e-05,100,92,163,140
5.5360000000000005e-05,98,92,153,140
5.5450000000000006e-05,98,92,149,140
5.5540000000000007e-05,100,86,158,129
5.5630000000000008e-05,100,86,146,129
5.5720000000000009e-05,100,86,150,129
5.5810000000000009e-05,100,86,154,129
5.5900000000000004e-05,102,86,154,129
5.5990000000000004e-05,96,86,152,129
5.6080000000000005e-05,94,86,138,129
5.6170000000000006e-05,96,86,153,129
5.6260000000000007e-05,102,92,147,134
5.6350000000000008e-05,98,92,149,134
5.6440000000000008e-05,100,92,146,134
5.6530000000000009e-05,98,92,155,134
5.662000000000001e-05,100,92,156,134
5.6710000000000004e-05,100,92,159,134
5.6800000000000005e-05,100,92,152,134
5.6890000000000006e-05,100,92,145,134
5.6980000000000007e-05,100,92,149,134
5.7070000000000008e-05,100,92,159,134
5.7160000000000008e-05,100,92,151,134
5.7250000000000009e-05,102,92,150,134
5.734000000000001e-05,98,90,152,139
5.7430000000000004e-05,98,90,153,139
5.7520000000000005e-05,100,90,147,139
5.7610000000000006e-05,104,90,160,139
5.7700000000000007e-05,102,90,160,139
5.7790000000000007e-05,100,90,141,139
5.7880000000000008e-05,102,90,159,139
5.7970000000000009e-05,102,90,148,139
5.806000000000001e-05,100,88,150,135
5.8150000000000004e-05,100,88,147,135
5.8240000000000005e-05,102,88,155,135
5.8330000000000006e-05,102,88,155,135
5.8420000000000006e-05,100,88,160,135
5.8510000000000007e-05,100,88,150,135
5.8600000000000008e-05,102,88,161,135
5.8690000000000009e-05,102,88,156,135
5.878000000000001e-05,102,88,162,135
5.8870000000000004e-05,98,88,154,135
5.8960000000000005e-05,100,88,152,135
5.9050000000000006e-05,102,88,161,135
5.9140000000000006e-05,100,88,163,135
5.9230000000000007e-05,98,90,152,131
5.9320000000000008e-05,102,90,158,131
5.9410000000000009e-05,102,90,157,131
5.950000000000001e-05,102,90,162,131
5.9590000000000011e-05,98,90,154,131
5.9680000000000005e-05,100,90,158,131
5.9770000000000005e-05,96,88,148,140
5.9860000000000006e-05,98,88,144,140
5.9950000000000007e-05,100,88,156,140
6.0040000000000008e-05,102,88,152,140
6.0130000000000009e-05,100,88,145,140
6.022000000000001e-05,102,88,155,140
6.031000000000001e-05,96,88,145,140
6.0400000000000004e-05,100,88,146,140
6.0490000000000005e-05,100,88,153,140
6.0580000000000006e-05,100,88,152,140
6.0670000000000007e-05,104,88,148,140
6.0760000000000008e-05,100,88,147,140
6.0850000000000009e-05,100,88,159,140
6.0940000000000009e-05,100,88,153,140
6.103000000000001e-05,100,88,150,131
6.1120000000000011e-05,100,88,142,131
6.1210000000000005e-05,102,88,155,131
6.1300000000000013e-05,100,88,148,131
6.1390000000000007e-05,94,88,148,131
6.1480000000000001e-05,100,88,147,131
6.1570000000000009e-05,102,90,154,138
6.1660000000000003e-05,100,90,160,138
6.175000000000001e-05,96,90,149,138
6.1840000000000004e-05,100,90,147,138
6.1930000000000012e-05,100,90,159,138
6.2020000000000006e-05,98,90,156,138
6.2110000000000014e-05,98,90,153,138
6.2200000000000008e-05,100,90,145,138
6.2290000000000002e-05,96,90,143,138
6.2380000000000009e-05,96,90,139,138
6.2470000000000003e-05,102,90,162,138
6.2560000000000011e-05,100,90,154,138
6.2650000000000005e-05,100,90,147,138
6.2740000000000013e-05,98,90,152,138
6.2830000000000007e-05,102,92,165,139
6.2920000000000014e-05,100,92,149,139
6.3010000000000008e-05,96,92,144,139
6.3100000000000002e-05,100,92,158,139
6.319000000000001e-05,100,92,148,139
6.3280000000000004e-05,102,92,156,139
6.3370000000000012e-05,98,92,154,119
6.3460000000000006e-05,102,92,157,119
6.3550000000000013e-05,102,92,145,119
6.3640000000000007e-05,98,92,143,119
6.3730000000000001e-05,96,92,149,119
6.3820000000000009e-05,100,92,158,119
6.3910000000000003e-05,98,92,147,119
6.4000000000000011e-05,102,92,156,119
6.4090000000000005e-05,86,92,133,119
6.4180000000000012e-05,98,92,165,119
6.4270000000000006e-05,100,92,149,119
6.4360000000000014e-05,98,92,149,119
6.4450000000000008e-05,100,92,156,119
6.4540000000000002e-05,100,92,151,119
6.463000000000001e-05,102,90,149,137
6.4720000000000004e-05,100,86,150,138
6.4810000000000011e-05,100,86,158,138
6.4900000000000005e-05,102,86,152,138
6.4990000000000013e-05,100,86,142,138
6.5080000000000007e-05,102,86,162,138
6.5170000000000015e-05,102,86,156,138
6.5260000000000009e-05,100,86,150,138
6.5350000000000003e-05,100,86,152,138
6.544000000000001e-05,100,86,151,138
6.5530000000000004e-05,102,86,147,138
6.5620000000000012e-05,98,86,150,138
6.5710000000000006e-05,98,86,147,138
6.5800000000000014e-05,100,86,151,138
6.5890000000000008e-05,98,86,151,138
6.5980000000000002e-05,98,92,152,140
6.6070000000000009e-05,102,92,154,140
6.6160000000000004e-05,100,92,151,140
6.6250000000000011e-05,96,92,138,140
6.6340000000000005e-05,102,92,149,140
6.6430000000000013e-05,100,92,157,140
6.6520000000000007e-05,104,92,152,142
6.6610000000000014e-05,100,92,148,142
6.6700000000000009e-05,100,92,153,142
6.6790000000000003e-05,102,92,156,142
6.688000000000001e-05,98,92,149,142
6.6970000000000004e-05,100,92,150,142
6.7060000000000012e-05,102,92,158,142
6.7150000000000006e-05,100,92,152,142
6.7240000000000014e-05,102,92,157,142
6.7330000000000008e-05,100,92,156,142
6.7420000000000002e-05,98,92,157,142
6.7510000000000009e-05,100,92,146,142
6.7600000000000003e-05,102,92,157,142
6.7690000000000011e-05,100,92,146,142
6.7780000000000005e-05,100,94,151,146
6.7870000000000013e-05,100,94,147,146
6.7960000000000007e-05,98,94,148,146
6.8050000000000014e-05,102,94,155,146
6.8140000000000008e-05,102,94,150,146
6.8230000000000002e-05,102,86,161,134
6.832000000000001e-05,100,86,157,134
6.8410000000000004e-05,102,86,162,134
6.8500000000000012e-05,102,86,149,134
6.8590000000000006e-05,102,86,161,134
6.8680000000000013e-05,98,86,155,134
6.8770000000000007e-05,98,86,143,134
6.8860000000000015e-05,100,86,155,134
6.8950000000000009e-05,102,86,154,134
6.9040000000000003e-05,98,86,145,134
6.9130000000000011e-05,102,86,158,134
6.9220000000000005e-05,100,86,148,134
6.9310000000000012e-05,100,86,154,134
6.9400000000000006e-05,102,86,150,134
6.9490000000000014e-05,96,86,133,134
6.9580000000000008e-05,98,86,144,134
6.9670000000000002e-05,100,92,144,137
6.976000000000001e-05,96,92,147,137
6.9850000000000004e-05,98,92,156,137
6.9940000000000011e-05,100,92,151,137
7.0030000000000005e-05,98,90,155,133
7.0120000000000013e-05,100,90,148,133
7.0210000000000007e-05,98,90,138,133
7.0300000000000015e-05,100,90,147,133
7.0390000000000009e-05,98,90,150,133
7.0480000000000003e-05,100,90,154,133
7.057000000000001e-05,98,90,159,133
7.0660000000000004e-05,102,90,151,133
7.0750000000000012e-05,98,90,146,133
7.0840000000000006e-05,96,90,144,133
7.0930000000000014e-05,102,90,158,133
7.1020000000000008e-05,100,90,148,133
7.1110000000000015e-05,102,90,161,133
7.1200000000000009e-05,102,90,155,133
7.1290000000000004e-05,96,90,148,133
7.1380000000000011e-05,100,90,152,133
7.1470000000000005e-05,100,90,151,129
7.1560000000000013e-05,102,90,148,129
7.1650000000000007e-05,102,90,156,129
7.1740000000000014e-05,100,90,153,129
7.1830000000000009e-05,102,92,163,141
7.1920000000000003e-05,98,92,155,141
7.201000000000001e-05,100,92,151,141
7.2100000000000004e-05,98,92,154,141
7.2190000000000012e-05,100,92,150,141
7.2280000000000006e-05,102,92,160,141
7.2370000000000014e-05,100,92,156,141
7.2460000000000008e-05,98,92,147,141
7.2550000000000015e-05,100,92,154,141
7.2640000000000009e-05,98,92,142,141
7.2730000000000003e-05,94,92,138,141
7.2820000000000011e-05,102,92,156,141
7.2910000000000005e-05,100,92,145,141
7.3000000000000013e-05,102,92,160,141
7.3090000000000007e-05,102,92,156,141
7.3180000000000014e-05,102,92,166,141
7.3270000000000008e-05,98,88,147,141
7.3360000000000016e-05,98,88,144,141
7.345000000000001e-05,98,88,152,141
7.3540000000000004e-05,102,88,150,141
7.3630000000000012e-05,100,92,152,138
7.3720000000000006e-05,102,92,154,138
7.3810000000000013e-05,100,92,145,138
7.3900000000000007e-05,102,92,164,138
7.3990000000000015e-05,102,92,151,138
7.4080000000000009e-05,102,92,143,138
7.4170000000000003e-05,100,92,146,138
7.4260000000000011e-05,100,92,160,138
7.4350000000000005e-05,100,92,158,138
7.4440000000000012e-05,100,92,155,138
7.4530000000000006e-05,100,92,153,138
7.4620000000000014e-05,102,92,149,138
7.4710000000000008e-05,100,92,154,138
7.4800000000000016e-05,100,92,152,138
7.489000000000001e-05,94,92,145,138
7.4980000000000004e-05,100,92,144,138
7.5070000000000011e-05,98,90,142,141
7.5160000000000005e-05,104,90,163,141
7.5250000000000013e-05,102,90,159,141
7.5340000000000007e-05,100,90,147,141
7.5430000000000015e-05,100,90,147,129
7.5520000000000009e-05,102,90,150,129
7.5610000000000003e-05,100,90,143,129
7.570000000000001e-05,98,90,153,129
7.5790000000000005e-05,100,90,150,129
7.5880000000000012e-05,98,90,148,129
7.5970000000000006e-05,100,90,150,129
7.6060000000000014e-05,102,90,155,129
7.6150000000000008e-05,102,90,158,129
7.6240000000000015e-05,100,90,162,129
7.6330000000000009e-05,100,90,157,129
7.6420000000000004e-05,98,90,148,129
7.6510000000000011e-05,98,90,147,129
7.6600000000000005e-05,100,90,157,129
7.6690000000000013e-05,100,90,148,129
7.6780000000000007e-05,102,90,163,129
7.6870000000000014e-05,100,92,149,139
7.6960000000000009e-05,96,92,144,139
7.7050000000000016e-05,102,92,153,139
7.714000000000001e-05,100,90,152,138
7.7230000000000004e-05,100,90,153,138
7.7320000000000012e-05,102,90,154,138
7.7410000000000006e-05,102,90,154,138
7.7500000000000014e-05,100,90,157,138
7.7590000000000008e-05,98,90,152,138
7.7680000000000015e-05,96,90,141,138
7.7770000000000009e-05,98,90,143,138
7.7860000000000003e-05,102,90,150,138
7.7950000000000011e-05,100,90,153,138
7.8040000000000005e-05,98,90,146,138
7.8130000000000013e-05,102,90,156,138
7.8220000000000007e-05,100,90,156,138
7.8310000000000014e-05,100,90,156,138
7.8400000000000008e-05,102,90,162,138
7.8490000000000016e-05,100,90,143,138
7.858000000000001e-05,98,90,154,138
7.8670000000000004e-05,100,90,151,138
7.8760000000000012e-05,102,90,154,132
7.8850000000000006e-05,102,90,161,132
7.8940000000000013e-05,100,90,148,132
7.9030000000000007e-05,100,90,158,132
7.9120000000000015e-05,102,90,156,132
7.9210000000000009e-05,102,90,150,132
7.9300000000000017e-05,102,90,162,132
7.9390000000000011e-05,94,90,136,132
7.9480000000000005e-05,100,90,152,132
7.9570000000000012e-05,104,90,159,132
7.9660000000000006e-05,102,90,157,132
7.9750000000000014e-05,100,90,151,132
7.9840000000000008e-05,102,90,149,132
7.9930000000000016e-05,100,90,156,132
8.002000000000001e-05,100,90,154,132
8.0110000000000004e-05,102,92,170,130
8.0200000000000011e-05,100,92,149,130
8.0290000000000005e-05,98,90,146,141
8.0380000000000013e-05,102,90,154,141
8.0470000000000007e-05,100,90,148,141
8.0560000000000015e-05,100,90,150,141
8.0650000000000009e-05,100,90,147,141
8.0740000000000016e-05,100,90,162,141
8.083000000000001e-05,96,90,142,141
8.0920000000000005e-05,100,90,159,141
8.1010000000000012e-05,98,90,157,141
8.1100000000000006e-05,100,90,154,141
8.1190000000000014e-05,100,90,150,141
8.1280000000000008e-05,100,90,158,141
8.1370000000000015e-05,102,90,155,141
8.146000000000001e-05,96,90,141,141
8.1550000000000004e-05,100,90,150,141
8.1640000000000011e-05,98,90,148,141
8.1730000000000005e-05,98,90,144,141
8.1820000000000013e-05,100,90,152,141
8.1910000000000007e-05,100,92,146,143
8.2000000000000015e-05,98,92,141,143
8.2090000000000009e-05,100,88,146,127
8.2180000000000016e-05,102,88,151,127
8.227000000000001e-05,102,88,153,127
8.2360000000000004e-05,102,88,153,127
8.2450000000000012e-05,100,88,144,127
8.2540000000000006e-05,100,88,150,127
8.2630000000000014e-05,100,88,159,127
8.2720000000000008e-05,102,88,157,127
8.2810000000000015e-05,98,88,152,127
8.2900000000000009e-05,98,88,149,127
8.2990000000000017e-05,98,88,157,127
8.3080000000000011e-05,100,88,147,127
8.3170000000000005e-05,100,88,153,127
8.3260000000000013e-05,102,88,151,127
8.3350000000000007e-05,104,88,153,127
8.3440000000000014e-05,98,88,148,127
8.3530000000000008e-05,98,88,147,127
8.3620000000000016e-05,96,88,144,127
8.371000000000001e-05,100,92,156,144
8.3800000000000004e-05,98,92,148,144
8.3890000000000012e-05,102,92,155,140
8.3980000000000006e-05,100,92,146,140
8.4070000000000013e-05,100,92,153,140
8.4160000000000007e-05,100,92,160,140
8.4250000000000015e-05,100,92,154,140
8.4340000000000009e-05,100,92,157,140
8.4430000000000017e-05,100,92,157,140
8.4520000000000011e-05,102,92,149,140
8.4610000000000005e-05,100,92,163,140
8.4700000000000012e-05,100,92,152,140
8.4790000000000006e-05,96,92,143,140
8.4880000000000014e-05,100,92,143,140
8.4970000000000008e-05,102,92,153,140
8.5060000000000016e-05,102,92,150,140
8.515000000000001e-05,100,92,150,140
8.5240000000000017e-05,100,92,149,140
8.5330000000000011e-05,100,92,157,140
8.5420000000000005e-05,100,92,151,140
8.5510000000000013e-05,100,88,144,134
8.5600000000000007e-05,102,90,161,142
8.5690000000000015e-05,98,90,149,142
8.5780000000000009e-05,102,90,145,142
8.5870000000000016e-05,102,90,155,142
8.596000000000001e-05,94,90,140,142
8.6050000000000005e-05,98,90,149,142
8.6140000000000012e-05,100,90,161,142
8.6230000000000006e-05,102,90,154,142
8.6320000000000014e-05,98,90,141,142
8.6410000000000008e-05,102,90,155,142
8.6500000000000015e-05,100,90,161,142
8.659000000000001e-05,98,90,157,142
8.6680000000000017e-05,98,90,146,142
8.6770000000000011e-05,96,90,143,142
8.6860000000000005e-05,100,90,158,142
8.6950000000000013e-05,98,90,151,142
8.7040000000000007e-05,100,90,160,142
8.7130000000000015e-05,98,90,157,142
8.7220000000000009e-05,102,90,163,142
8.7310000000000016e-05,102,90,155,142
8.740000000000001e-05,100,90,149,133
8.7490000000000004e-05,98,90,140,133
8.7580000000000012e-05,100,90,154,133
8.7670000000000006e-05,102,90,158,133
8.7760000000000014e-05,98,90,154,133
8.7850000000000008e-05,98,90,160,133
8.7940000000000015e-05,102,90,153,133
8.8030000000000009e-05,98,90,143,133
8.8120000000000017e-05,100,90,152,133
8.8210000000000011e-05,100,90,149,133
8.8300000000000005e-05,100,90,152,133
8.8390000000000013e-05,96,90,139,133
8.8480000000000007e-05,98,90,150,133
8.8570000000000014e-05,100,90,154,133
8.8660000000000008e-05,100,90,146,133
8.8750000000000016e-05,100,90,154,133
8.884000000000001e-05,100,90,142,133
8.8930000000000018e-05,100,90,151,133
8.9020000000000012e-05,98,90,148,133
8.9110000000000006e-05,96,90,150,133
8.9200000000000013e-05,100,92,151,143
8.9290000000000007e-05,96,92,150,143
8.9380000000000015e-05,98,92,146,143
8.9470000000000009e-05,100,92,150,143
8.9560000000000017e-05,98,92,155,143
8.9650000000000011e-05,98,92,151,143
8.9740000000000005e-05,96,92,145,143
8.9830000000000012e-05,100,92,150,143
8.9920000000000006e-05,102,92,155,143
9.0010000000000014e-05,100,92,154,143
9.0100000000000008e-05,102,92,151,143
9.0190000000000016e-05,100,92,161,143
9.028000000000001e-05,100,92,161,143
9.0370000000000017e-05,102,92,154,143
9.0460000000000011e-05,98,92,149,143
9.0550000000000005e-05,102,92,151,143
9.0640000000000013e-05,102,92,156,143
9.0730000000000007e-05,100,92,154,143
9.0820000000000015e-05,100,92,157,143
9.0910000000000009e-05,102,92,157,143
9.1000000000000016e-05,100,90,152,139
9.109000000000001e-05,100,90,151,139
9.1180000000000018e-05,96,90,151,139
9.1270000000000012e-05,96,90,145,139
9.1360000000000006e-05,98,90,139,139
9.1450000000000014e-05,102,90,165,139
9.1540000000000008e-05,102,90,154,139
9.1630000000000015e-05,98,90,156,139
9.172000000000001e-05,100,90,146,139
9.1810000000000017e-05,98,90,152,139
9.1900000000000011e-05,100,90,152,139
9.1990000000000005e-05,102,90,152,139
9.2080000000000013e-05,102,90,156,139
9.2170000000000007e-05,102,90,159,139
9.2260000000000015e-05,102,90,156,139
9.2350000000000009e-05,98,90,144,139
9.2440000000000016e-05,102,90,152,139
9.253000000000001e-05,96,90,143,139
9.2620000000000018e-05,102,90,153,139
9.2710000000000012e-05,102,90,150,139
9.2800000000000006e-05,102,90,147,137
9.2890000000000014e-05,100,90,156,137
9.2980000000000008e-05,102,90,161,137
9.3070000000000015e-05,102,90,151,137
9.3160000000000009e-05,102,90,145,137
9.3250000000000017e-05,100,90,152,137
9.3340000000000011e-05,102,90,148,137
9.3430000000000005e-05,100,90,145,137
9.3520000000000013e-05,102,90,147,137
9.3610000000000007e-05,102,90,156,137
9.3700000000000014e-05,104,90,164,137
9.3790000000000008e-05,100,90,143,137
9.3880000000000016e-05,102,90,154,137
9.397000000000001e-05,98,90,145,137
9.4060000000000018e-05,102,90,155,141
9.4150000000000012e-05,100,90,146,141
9.4240000000000006e-05,100,90,155,141
9.4330000000000013e-05,102,90,158,141
9.4420000000000007e-05,102,90,156,141
9.4510000000000015e-05,100,90,153,141
9.4600000000000009e-05,104,90,160,141
9.4690000000000017e-05,102,90,146,141
9.4780000000000011e-05,102,90,149,141
9.4870000000000018e-05,100,90,155,141
9.4960000000000012e-05,102,90,158,141
9.5050000000000006e-05,102,90,158,141
9.5140000000000014e-05,100,90,163,141
9.5230000000000008e-05,94,90,151,141
9.5320000000000016e-05,100,90,152,141
9.541000000000001e-05,102,90,152,141
9.5500000000000017e-05,102,90,159,141
9.5590000000000011e-05,100,90,155,141
9.5680000000000005e-05,102,90,158,141
9.5770000000000013e-05,100,90,151,141
9.5860000000000007e-05,100,90,149,141
9.5950000000000015e-05,100,90,150,141
9.6040000000000009e-05,100,92,156,142
9.6130000000000016e-05,102,92,163,142
9.622000000000001e-05,100,92,150,142
9.6310000000000018e-05,98,92,147,142
9.6400000000000012e-05,98,92,147,142
9.6490000000000006e-05,102,92,150,142
9.6580000000000014e-05,100,92,151,142
9.6670000000000008e-05,98,92,154,142
9.6760000000000015e-05,100,92,144,142
9.685000000000001e-05,102,92,162,142
9.6940000000000017e-05,98,92,146,142
9.7030000000000011e-05,100,92,146,142
9.7120000000000019e-05,102,92,159,142
9.7210000000000013e-05,104,92,157,142
9.7300000000000007e-05,100,92,142,142
9.7390000000000015e-05,102,92,163,142
9.7480000000000009e-05,92,92,143,142
9.7570000000000016e-05,102,92,155,142
9.766000000000001e-05,100,90,141,129
9.7750000000000018e-05,100,90,157,129
9.7840000000000012e-05,102,90,156,129
9.7930000000000006e-05,98,90,149,129
9.8020000000000014e-05,102,90,141,129
9.8110000000000008e-05,102,90,156,129
9.8200000000000015e-05,100,90,151,129
9.8290000000000009e-05,102,90,153,129
9.8380000000000017e-05,102,90,150,129
9.8470000000000011e-05,102,90,152,129
9.8560000000000019e-05,100,90,144,129
9.8650000000000013e-05,100,90,144,129
9.8740000000000007e-05,102,90,159,129
9.8830000000000014e-05,100,90,149,129
9.8920000000000008e-05,100,90,153,129
9.9010000000000016e-05,102,90,157,129
9.910000000000001e-05,102,90,150,129
9.9190000000000018e-05,100,90,149,129
9.9280000000000012e-05,100,90,153,129
9.9370000000000019e-05,102,90,159,129
9.9460000000000013e-05,98,90,134,129
9.9550000000000007e-05,100,90,145,129
9.9640000000000015e-05,102,92,160,151
9.9730000000000009e-05,102,92,151,151
9.9820000000000017e-05,100,92,157,151
9.9910000000000011e-05,100,92,158,151
-1.0000000000000001e-05,100,100,151,148
-1.0090000000000002e-05,100,100,154,148
-1.0180000000000001e-05,98,98,150,139
-1.0270000000000002e-05,100,98,151,139
-1.0360000000000001e-05,100,102,146,155
-1.0450000000000002e-05,100,102,155,155
-1.0540000000000001e-05,100,102,152,147
-1.0630000000000002e-05,102,102,155,147
-1.0720000000000001e-05,98,102,153,149
-1.0810000000000002e-05,100,102,161,154
-1.0900000000000001e-05,100,102,153,154
-1.0990000000000002e-05,102,102,151,154
-1.1080000000000001e-05,98,98,143,147
-1.1170000000000001e-05,102,100,152,160
-1.1260000000000001e-05,98,100,144,160
-1.1350000000000001e-05,102,100,163,160
-1.1440000000000001e-05,100,96,150,144
-1.1530000000000001e-05,102,100,152,150
-1.1620000000000001e-05,104,100,166,150
-1.1710000000000001e-05,100,100,150,150
-1.1800000000000001e-05,100,100,152,158
-1.1890000000000001e-05,102,100,159,153
-1.198e-05,100,100,158,153
-1.2070000000000001e-05,96,100,148,153
-1.216e-05,102,100,160,145
-1.2250000000000001e-05,100,102,149,165
-1.234e-05,102,102,158,165
-1.2430000000000001e-05,96,100,141,149
-1.252e-05,102,100,150,149
-1.2610000000000001e-05,102,100,149,156
-1.27e-05,96,100,142,156
-1.2790000000000001e-05,100,102,150,154
-1.2880000000000002e-05,100,102,153,154
-1.2970000000000001e-05,100,102,154,146
-1.3060000000000002e-05,100,102,157,146
-1.3150000000000001e-05,102,98,162,145
-1.3240000000000002e-05,102,102,155,149
-1.3330000000000001e-05,92,102,140,149
-1.3420000000000002e-05,98,102,143,149
-1.3510000000000001e-05,102,102,156,147
-1.3600000000000002e-05,98,96,145,148
-1.3690000000000001e-05,100,96,150,148
-1.3780000000000002e-05,98,96,144,148
-1.3870000000000001e-05,102,98,157,150
-1.3960000000000002e-05,100,100,147,155
-1.4050000000000001e-05,100,100,151,155
-1.4140000000000002e-05,102,100,148,155
-1.4230000000000001e-05,102,102,153,153
-1.4320000000000002e-05,98,100,150,155
-1.4410000000000001e-05,100,100,146,155
-1.4500000000000002e-05,98,100,135,155
-1.4590000000000001e-05,102,100,155,155
-1.4680000000000002e-05,100,100,150,149
-1.4770000000000001e-05,98,100,150,149
-1.4860000000000002e-05,102,100,162,149
-1.4950000000000001e-05,102,100,152,158
-1.5040000000000002e-05,100,98,151,147
-1.5130000000000001e-05,102,98,147,147
-1.5220000000000002e-05,102,98,150,147
-1.5310000000000001e-05,100,100,150,156
-1.5400000000000002e-05,102,100,154,151
-1.5490000000000002e-05,98,100,148,151
-1.558e-05,100,100,153,151
-1.5670000000000001e-05,102,102,159,154
-1.5760000000000002e-05,98,102,147,158
-1.5850000000000002e-05,102,102,151,158
-1.5940000000000003e-05,100,102,155,158
-1.6030000000000001e-05,96,102,146,164
-1.6120000000000002e-05,100,98,149,153
-1.6210000000000002e-05,100,98,150,153
-1.6300000000000003e-05,100,98,156,153
-1.6390000000000001e-05,102,100,152,150
-1.6480000000000001e-05,98,100,147,150
-1.6570000000000002e-05,96,100,145,150
-1.6660000000000003e-05,100,100,146,150
-1.6750000000000001e-05,100,102,147,150
-1.6840000000000001e-05,100,102,151,150
-1.6930000000000002e-05,102,102,147,150
-1.7020000000000003e-05,100,102,156,150
-1.7110000000000001e-05,100,102,146,151
-1.7200000000000001e-05,98,102,143,151
-1.7290000000000002e-05,98,102,148,151
-1.7380000000000003e-05,94,102,154,151
-1.747e-05,100,102,150,164
-1.7560000000000001e-05,100,102,158,164
-1.7650000000000002e-05,100,102,158,164
-1.7740000000000003e-05,102,102,153,164
-1.783e-05,102,100,162,158
-1.7920000000000001e-05,100,100,152,158
-1.8010000000000002e-05,102,100,155,158
-1.8100000000000003e-05,102,98,164,151
-1.819e-05,100,98,154,151
-1.8280000000000001e-05,102,98,154,151
-1.8370000000000002e-05,100,98,149,151
-1.8460000000000003e-05,102,102,155,155
-1.855e-05,100,102,156,155
-1.8640000000000001e-05,102,102,153,155
-1.8730000000000002e-05,102,102,166,155
-1.8820000000000003e-05,98,102,157,145
-1.8910000000000004e-05,102,102,163,145
-1.9000000000000001e-05,96,102,139,145
-1.9090000000000002e-05,100,102,160,145
-1.9180000000000003e-05,100,102,147,145
-1.9270000000000004e-05,98,98,141,145
-1.9360000000000001e-05,102,98,153,145
-1.9450000000000002e-05,102,98,158,145
-1.9540000000000003e-05,98,94,151,144
-1.9630000000000003e-05,102,94,159,144
-1.9720000000000001e-05,100,94,150,144
-1.9810000000000002e-05,100,94,153,144
-1.9900000000000003e-05,100,100,148,151
-1.9990000000000003e-05,102,100,146,151
-2.0080000000000001e-05,100,100,148,151
-2.0170000000000002e-05,96,100,139,151
-2.0260000000000003e-05,96,98,142,153
-2.0350000000000003e-05,100,98,153,153
-2.0440000000000001e-05,98,98,139,153
-2.0530000000000002e-05,100,98,149,153
-2.0620000000000002e-05,102,102,157,156
-2.0710000000000003e-05,102,102,162,156
-2.0800000000000001e-05,102,102,155,156
-2.0890000000000002e-05,102,102,157,156
-2.0980000000000002e-05,102,100,152,155
-2.1070000000000003e-05,102,100,153,155
-2.1160000000000001e-05,102,100,147,155
-2.1250000000000002e-05,98,100,147,155
-2.1340000000000002e-05,104,102,164,142
-2.1430000000000003e-05,102,102,149,142
-2.1520000000000004e-05,96,102,146,142
-2.1610000000000001e-05,100,102,157,142
-2.1700000000000002e-05,102,102,159,154
-2.1790000000000003e-05,102,102,154,154
-2.1880000000000004e-05,100,102,160,154
-2.1970000000000001e-05,98,102,144,154
-2.2060000000000002e-05,100,98,153,150
-2.2150000000000003e-05,98,98,147,150
-2.2240000000000004e-05,98,98,143,150
-2.2330000000000001e-05,100,100,154,154
-2.2420000000000002e-05,100,100,145,154
-2.2510000000000003e-05,100,100,160,154
-2.2600000000000004e-05,102,100,154,154
-2.2690000000000001e-05,102,100,162,154
-2.2780000000000002e-05,100,96,147,147
-2.2870000000000003e-05,96,96,144,147
-2.2960000000000004e-05,100,96,150,147
-2.3050000000000001e-05,102,98,156,148
-2.3140000000000002e-05,96,98,148,148
-2.3230000000000003e-05,100,98,150,148
-2.3320000000000004e-05,100,98,154,148
-2.3410000000000001e-05,102,98,150,148
-2.3500000000000002e-05,102,102,166,157
-2.3590000000000003e-05,100,102,158,157
-2.3680000000000004e-05,100,100,154,154
-2.3770000000000001e-05,102,100,151,154
-2.3860000000000002e-05,98,100,150,154
-2.3950000000000003e-05,100,100,153,154
-2.4040000000000004e-05,100,100,154,154
-2.4130000000000001e-05,100,100,150,154
-2.4220000000000002e-05,100,100,145,154
-2.4310000000000003e-05,102,100,148,154
-2.4400000000000004e-05,102,100,152,154
-2.4490000000000004e-05,100,100,143,154
-2.4580000000000002e-05,102,100,165,154
-2.4670000000000003e-05,102,100,158,154
-2.4760000000000003e-05,102,100,148,154
-2.4850000000000004e-05,100,100,145,154
-2.4940000000000002e-05,100,100,149,150
-2.5030000000000003e-05,102,100,164,150
-2.5120000000000003e-05,100,100,158,153
-2.5210000000000004e-05,100,100,154,153
-2.5300000000000002e-05,100,100,156,153
-2.5390000000000003e-05,100,100,147,153
-2.5480000000000003e-05,102,100,162,153
-2.5570000000000004e-05,100,98,154,144
-2.5660000000000002e-05,102,98,154,144
-2.5750000000000002e-05,100,98,144,144
-2.5840000000000003e-05,98,100,155,157
-2.5930000000000004e-05,98,100,151,157
-2.6020000000000002e-05,102,100,146,157
-2.6110000000000002e-05,98,100,144,157
-2.6200000000000003e-05,100,100,157,157
-2.6290000000000004e-05,98,100,154,154
-2.6380000000000002e-05,98,100,145,154
-2.6470000000000002e-05,96,100,151,154
-2.6560000000000003e-05,100,100,149,155
-2.6650000000000004e-05,100,100,146,155
-2.6740000000000001e-05,102,100,149,155
-2.6830000000000002e-05,100,100,146,155
-2.6920000000000003e-05,102,100,149,155
-2.7010000000000004e-05,102,100,147,162
-2.7100000000000001e-05,102,100,167,162
-2.7190000000000002e-05,100,102,158,140
-2.7280000000000003e-05,100,102,150,140
-2.7370000000000004e-05,96,102,148,140
-2.7460000000000005e-05,102,102,153,140
-2.7550000000000002e-05,102,102,160,140
-2.7640000000000003e-05,100,102,158,140
-2.7730000000000004e-05,98,102,150,140
-2.7820000000000005e-05,102,100,156,153
-2.7910000000000002e-05,100,102,156,152
-2.8000000000000003e-05,100,102,152,152
-2.8090000000000004e-05,100,102,155,152
-2.8180000000000005e-05,98,102,154,152
-2.8270000000000002e-05,102,102,155,152
-2.8360000000000003e-05,100,102,160,152
-2.8450000000000004e-05,102,100,153,147
-2.8540000000000005e-05,98,100,148,147
-2.8630000000000002e-05,102,102,148,153
-2.8720000000000003e-05,100,102,151,153
-2.8810000000000004e-05,100,102,155,153
-2.8900000000000005e-05,102,102,155,153
-2.8990000000000002e-05,102,102,158,153
-2.9080000000000003e-05,100,102,149,153
-2.9170000000000004e-05,100,102,155,158
-2.9260000000000004e-05,102,102,146,156
-2.9350000000000002e-05,100,102,149,156
-2.9440000000000003e-05,100,102,143,156
-2.9530000000000004e-05,100,102,149,156
-2.9620000000000004e-05,102,102,153,156
-2.9710000000000002e-05,102,102,157,156
-2.9800000000000003e-05,102,102,150,156
-2.9890000000000004e-05,100,96,158,142
-2.9980000000000004e-05,100,100,163,154
-3.0070000000000002e-05,102,100,149,154
-3.0160000000000003e-05,100,100,146,154
-3.0250000000000003e-05,98,100,147,154
-3.0340000000000004e-05,102,100,156,154
-3.0430000000000005e-05,92,100,142,154
-3.0520000000000006e-05,100,100,140,154
-3.0610000000000007e-05,100,100,156,151
-3.0700000000000001e-05,102,100,145,146
-3.0790000000000002e-05,100,100,149,146
-3.0880000000000002e-05,102,100,155,146
-3.0970000000000003e-05,100,100,151,146
-3.1060000000000004e-05,98,100,155,146
-3.1150000000000005e-05,100,100,146,146
-3.1240000000000006e-05,100,100,154,151
-3.1330000000000007e-05,102,102,154,160
-3.1420000000000001e-05,102,102,156,160
-3.1510000000000002e-05,100,102,150,160
-3.1600000000000002e-05,100,102,150,160
-3.1690000000000003e-05,102,102,158,160
-3.1780000000000004e-05,102,102,139,160
-3.1870000000000005e-05,102,102,156,160
-3.1960000000000006e-05,100,102,149,152
-3.2050000000000007e-05,102,100,164,152
-3.2140000000000001e-05,100,100,146,152
-3.2230000000000001e-05,102,100,160,152
-3.2320000000000002e-05,102,100,155,152
-3.2410000000000003e-05,98,100,153,152
-3.2500000000000004e-05,98,100,151,152
-3.2590000000000005e-05,100,100,154,152
-3.2680000000000006e-05,102,100,156,152
-3.2770000000000006e-05,98,100,150,153
-3.286e-05,98,100,147,153
-3.2950000000000001e-05,104,100,160,153
-3.3040000000000002e-05,100,100,150,153
-3.3130000000000003e-05,102,100,145,153
-3.3220000000000004e-05,96,100,142,153
-3.3310000000000005e-05,100,100,152,153
-3.3400000000000005e-05,100,100,144,153
-3.3490000000000006e-05,96,100,143,154
-3.3580000000000007e-05,100,100,153,154
-3.3670000000000001e-05,100,100,155,154
-3.3760000000000002e-05,102,100,150,154
-3.3850000000000003e-05,98,100,152,154
-3.3940000000000004e-05,98,100,147,154
-3.4030000000000005e-05,100,100,151,154
-3.4120000000000005e-05,100,102,156,160
-3.4210000000000006e-05,94,102,142,161
-3.4300000000000007e-05,102,102,160,161
-3.4390000000000001e-05,100,102,150,161
-3.4480000000000002e-05,102,102,151,161
-3.4570000000000003e-05,98,102,153,161
-3.4660000000000004e-05,100,102,153,161
-3.4750000000000004e-05,100,102,146,161
-3.4840000000000005e-05,100,100,157,141
-3.4930000000000006e-05,100,100,154,141
-3.5020000000000007e-05,102,100,150,141
-3.5110000000000001e-05,102,100,167,141
-3.5200000000000002e-05,102,100,164,141
-3.5290000000000003e-05,100,100,140,141
-3.5380000000000003e-05,100,100,160,141
-3.5470000000000004e-05,100,100,154,141
-3.5560000000000005e-05,98,100,158,153
-3.5650000000000006e-05,98,100,155,153
-3.5740000000000007e-05,102,100,149,153
-3.5830000000000001e-05,100,100,158,153
-3.5920000000000002e-05,100,100,156,153
-3.6010000000000003e-05,100,100,144,153
-3.6100000000000003e-05,100,100,143,153
-3.6190000000000004e-05,100,100,164,153
-3.6280000000000005e-05,102,102,152,168
-3.6370000000000006e-05,98,102,153,168
-3.6460000000000007e-05,100,102,146,168
-3.6550000000000008e-05,98,102,151,168
-3.6640000000000002e-05,94,102,139,168
-3.6730000000000002e-05,102,102,149,168
-3.6820000000000003e-05,100,102,148,168
-3.6910000000000004e-05,98,100,157,152
-3.7000000000000005e-05,102,100,149,152
-3.7090000000000006e-05,98,100,152,152
-3.7180000000000007e-05,100,100,146,152
-3.7270000000000007e-05,102,100,155,152
-3.7360000000000001e-05,100,100,161,152
-3.7450000000000002e-05,100,100,149,152
-3.7540000000000003e-05,100,100,158,152
-3.7630000000000004e-05,100,100,146,152
-3.7720000000000005e-05,102,100,158,154
-3.7810000000000006e-05,100,100,150,154
-3.7900000000000006e-05,98,100,147,154
-3.7990000000000007e-05,102,100,145,154
-3.8080000000000001e-05,100,100,157,154
-3.8170000000000002e-05,100,100,157,154
-3.8260000000000003e-05,102,100,150,154
-3.8350000000000004e-05,96,102,152,157
-3.8440000000000005e-05,102,102,154,157
-3.8530000000000005e-05,98,102,150,157
-3.8620000000000006e-05,98,102,145,157
-3.8710000000000007e-05,94,102,136,157
-3.8800000000000008e-05,100,102,155,157
-3.8890000000000002e-05,100,102,155,157
-3.8980000000000003e-05,100,102,161,157
-3.9070000000000004e-05,100,102,157,157
-3.9160000000000005e-05,102,102,157,154
-3.9250000000000005e-05,98,102,152,154
-3.9340000000000006e-05,94,102,144,154
-3.9430000000000007e-05,100,102,155,154
-3.9520000000000008e-05,98,102,154,154
-3.9610000000000002e-05,98,102,148,154
-3.9700000000000003e-05,100,102,145,154
-3.9790000000000004e-05,100,100,151,146
-3.9880000000000004e-05,100,100,154,146
-3.9970000000000005e-05,100,100,153,146
-4.0060000000000006e-05,100,100,151,146
-4.0150000000000007e-05,102,100,152,146
-4.0240000000000008e-05,100,100,154,146
-4.0330000000000002e-05,102,100,149,146
-4.0420000000000003e-05,102,100,160,146
-4.0510000000000003e-05,98,100,148,145
-4.0600000000000004e-05,100,100,151,145
-4.0690000000000005e-05,100,100,147,145
-4.0780000000000006e-05,98,100,153,145
-4.0870000000000007e-05,102,100,151,145
-4.0960000000000008e-05,98,100,149,145
-4.1050000000000002e-05,102,100,165,145
-4.1140000000000003e-05,100,98,162,146
-4.1230000000000003e-05,102,98,155,146
-4.1320000000000004e-05,100,98,162,146
-4.1410000000000005e-05,102,98,156,146
-4.1500000000000006e-05,102,98,156,146
-4.1590000000000007e-05,102,98,160,146
-4.1680000000000008e-05,102,98,165,146
-4.1770000000000008e-05,100,98,149,146
-4.1860000000000002e-05,96,98,150,146
-4.1950000000000003e-05,100,100,156,155
-4.2040000000000004e-05,102,100,151,155
-4.2130000000000005e-05,102,100,163,155
-4.2220000000000006e-05,100,100,155,155
-4.2310000000000007e-05,92,100,147,155
-4.2400000000000007e-05,100,100,152,155
-4.2490000000000008e-05,102,102,147,158
-4.2580000000000002e-05,102,102,152,158
-4.2670000000000003e-05,98,102,143,158
-4.2760000000000004e-05,102,102,152,158
-4.2850000000000005e-05,100,102,146,158
-4.2940000000000006e-05,102,102,142,158
-4.3030000000000006e-05,96,102,140,158
-4.3120000000000007e-05,96,102,151,158
-4.3210000000000008e-05,98,102,157,158
-4.3300000000000002e-05,102,102,157,158
-4.3390000000000003e-05,102,102,154,154
-4.3480000000000004e-05,98,102,141,154
-4.3570000000000005e-05,100,102,158,154
-4.3660000000000005e-05,102,102,154,154
-4.3750000000000006e-05,102,102,165,154
-4.3840000000000007e-05,98,102,150,154
-4.3930000000000008e-05,100,100,159,154
-4.4020000000000002e-05,100,100,153,154
-4.4110000000000003e-05,102,100,157,154
-4.4200000000000004e-05,102,100,160,154
-4.4290000000000005e-05,98,100,150,154
-4.4380000000000005e-05,98,100,147,154
-4.4470000000000006e-05,100,100,152,154
-4.4560000000000007e-05,102,100,159,154
-4.4650000000000008e-05,102,100,156,154
-4.4740000000000009e-05,102,100,157,154
-4.4830000000000003e-05,100,100,152,147
-4.4920000000000004e-05,100,100,158,147
-4.5010000000000004e-05,100,100,154,147
-4.5100000000000005e-05,100,100,156,147
-4.5190000000000006e-05,94,100,134,147
-4.5280000000000007e-05,102,102,151,148
-4.5370000000000008e-05,100,102,148,148
-4.5460000000000009e-05,98,102,150,148
-4.5550000000000003e-05,100,102,154,148
-4.5640000000000003e-05,102,102,156,148
-4.5730000000000004e-05,96,102,147,148
-4.5820000000000005e-05,100,102,153,148
-4.5910000000000006e-05,96,102,150,148
-4.6000000000000007e-05,102,102,156,148
-4.6090000000000008e-05,100,102,155,148
-4.6180000000000008e-05,100,102,145,148
-4.6270000000000003e-05,100,102,147,152
-4.6360000000000003e-05,102,102,151,152
-4.6450000000000004e-05,98,102,148,152
-4.6540000000000005e-05,98,102,149,152
-4.6630000000000006e-05,102,102,152,152
-4.6720000000000007e-05,100,100,161,153
-4.6810000000000008e-05,100,100,150,153
-4.6900000000000008e-05,98,100,151,153
-4.6990000000000002e-05,100,100,153,153
-4.7080000000000003e-05,102,100,157,153
-4.7170000000000004e-05,100,100,152,153
-4.7260000000000005e-05,102,100,152,153
-4.7350000000000006e-05,102,100,154,153
-4.7440000000000007e-05,102,100,155,153
-4.7530000000000007e-05,100,100,150,153
-4.7620000000000008e-05,100,100,146,152
-4.7710000000000009e-05,98,100,148,152
-4.7800000000000003e-05,100,100,154,152
-4.7890000000000004e-05,100,100,158,152
-4.7980000000000005e-05,98,100,139,152
-4.8070000000000006e-05,102,100,149,153
-4.8160000000000006e-05,98,100,150,153
-4.8250000000000007e-05,102,100,156,153
-4.8340000000000008e-05,98,100,148,153
-4.8430000000000009e-05,100,100,159,153
-4.8520000000000003e-05,100,100,154,153
-4.8610000000000004e-05,98,100,155,153
-4.8700000000000005e-05,104,100,162,153
-4.8790000000000006e-05,102,100,153,153
-4.8880000000000006e-05,102,100,146,153
-4.8970000000000007e-05,102,100,155,153
-4.9060000000000008e-05,102,102,150,162
-4.9150000000000009e-05,96,102,143,162
-4.9240000000000003e-05,100,102,154,162
-4.9330000000000004e-05,98,102,143,162
-4.9420000000000005e-05,102,102,156,162
-4.9510000000000005e-05,100,100,157,151
-4.9600000000000006e-05,100,100,157,151
-4.9690000000000007e-05,100,100,151,151
-4.9780000000000008e-05,100,100,152,151
-4.9870000000000009e-05,100,100,150,151
-4.9960000000000003e-05,102,100,160,151
-5.0050000000000004e-05,98,88,152,134
-5.0140000000000004e-05,100,88,152,134
-5.0230000000000005e-05,102,88,155,134
-5.0320000000000006e-05,94,88,134,134
-5.0410000000000007e-05,100,88,150,134
-5.0500000000000008e-05,102,88,157,134
-5.0590000000000009e-05,100,92,153,145
-5.0680000000000009e-05,100,92,152,145
-5.0770000000000003e-05,98,92,146,145
-5.0860000000000004e-05,100,90,142,147
-5.0950000000000005e-05,102,90,159,147
-5.1040000000000006e-05,104,90,157,147
-5.1130000000000007e-05,100,90,150,147
-5.1220000000000008e-05,100,90,160,147
-5.1310000000000008e-05,98,90,144,147
-5.1400000000000009e-05,102,90,154,147
-5.1490000000000003e-05,102,90,152,147
-5.1580000000000004e-05,102,90,146,147
-5.1670000000000005e-05,98,90,143,147
-5.1760000000000006e-05,102,90,151,147
-5.1850000000000007e-05,100,90,152,147
-5.1940000000000008e-05,96,92,148,127
-5.2030000000000008e-05,100,92,157,127
-5.2120000000000009e-05,102,92,150,127
-5.2210000000000003e-05,102,92,145,127
-5.2300000000000004e-05,100,92,145,127
-5.2390000000000005e-05,100,92,156,127
-5.2480000000000006e-05,100,92,158,127
-5.2570000000000007e-05,96,92,143,127
-5.2660000000000007e-05,96,92,150,139
-5.2750000000000008e-05,100,92,154,139
-5.2840000000000009e-05,102,92,159,139
-5.2930000000000003e-05,100,92,148,139
-5.3020000000000004e-05,102,92,157,139
-5.3110000000000005e-05,98,92,146,139
-5.3200000000000006e-05,100,92,155,139
-5.3290000000000006e-05,102,92,161,139
-5.3380000000000007e-05,102,92,153,139
-5.3470000000000008e-05,100,92,155,139
-5.3560000000000009e-05,102,92,161,139
-5.365000000000001e-05,102,92,155,139
-5.3740000000000004e-05,102,92,149,144
-5.3830000000000005e-05,102,92,144,144
-5.3920000000000006e-05,96,92,147,144
-5.4010000000000006e-05,100,92,142,144
-5.4100000000000007e-05,102,92,154,144
-5.4190000000000008e-05,100,92,162,144
-5.4280000000000009e-05,104,92,158,144
-5.437000000000001e-05,100,92,152,144
-5.4460000000000004e-05,102,92,145,138
-5.4550000000000005e-05,100,92,157,138
-5.4640000000000005e-05,96,92,151,138
-5.4730000000000006e-05,102,92,150,138
-5.4820000000000007e-05,104,92,158,138
-5.4910000000000008e-05,102,92,140,138
-5.5000000000000009e-05,98,92,151,138
-5.509000000000001e-05,102,92,160,138
-5.5180000000000004e-05,100,92,153,138
-5.5270000000000004e-05,100,92,163,138
-5.5360000000000005e-05,98,92,156,138
-5.5450000000000006e-05,98,92,141,138
-5.5540000000000007e-05,100,86,153,136
-5.5630000000000008e-05,100,86,148,136
-5.5720000000000009e-05,100,86,150,136
-5.5810000000000009e-05,100,86,149,136
-5.5900000000000004e-05,102,86,159,136
-5.5990000000000004e-05,96,86,137,136
-5.6080000000000005e-05,94,86,140,136
-5.6170000000000006e-05,96,86,144,136
-5.6260000000000007e-05,102,92,152,140
-5.6350000000000008e-05,98,92,142,140
-5.6440000000000008e-05,100,92,160,140
-5.6530000000000009e-05,98,92,158,140
-5.662000000000001e-05,100,92,163,140
-5.6710000000000004e-05,100,92,145,140
-5.6800000000000005e-05,100,92,147,140
-5.6890000000000006e-05,100,92,156,140
-5.6980000000000007e-05,100,92,147,140
-5.7070000000000008e-05,100,92,158,140
-5.7160000000000008e-05,100,92,153,140
-5.7250000000000009e-05,102,92,147,140
-5.734000000000001e-05,98,90,151,132
-5.7430000000000004e-05,98,90,153,132
-5.7520000000000005e-05,100,90,155,132
-5.7610000000000006e-05,104,90,163,132
-5.7700000000000007e-05,102,90,153,132
-5.7790000000000007e-05,100,90,153,132
-5.7880000000000008e-05,102,90,155,132
-5.7970000000000009e-05,102,90,149,132
-5.806000000000001e-05,100,88,159,135
-5.8150000000000004e-05,100,88,150,135
-5.8240000000000005e-05,102,88,144,135
-5.8330000000000006e-05,102,88,158,135
-5.8420000000000006e-05,100,88,139,135
-5.8510000000000007e-05,100,88,153,135
-5.8600000000000008e-05,102,88,164,135
-5.8690000000000009e-05,102,88,157,135
-5.878000000000001e-05,102,88,152,135
-5.8870000000000004e-05,98,88,145,135
-5.8960000000000005e-05,100,88,158,135
-5.9050000000000006e-05,102,88,156,135
-5.9140000000000006e-05,100,88,143,135
-5.9230000000000007e-05,98,90,150,131
-5.9320000000000008e-05,102,90,144,131
-5.9410000000000009e-05,102,90,153,131
-5.950000000000001e-05,102,90,156,131
-5.9590000000000011e-05,98,90,144,131
-5.9680000000000005e-05,100,90,144,131
-5.9770000000000005e-05,96,88,142,129
-5.9860000000000006e-05,98,88,154,129
-5.9950000000000007e-05,100,88,156,129
-6.0040000000000008e-05,102,88,156,129
-6.0130000000000009e-05,100,88,147,129
-6.022000000000001e-05,102,88,155,129
-6.031000000000001e-05,96,88,145,129
-6.0400000000000004e-05,100,88,158,129
-6.0490000000000005e-05,100,88,154,129
-6.0580000000000006e-05,100,88,148,129
-6.0670000000000007e-05,104,88,151,129
-6.0760000000000008e-05,100,88,147,129
-6.0850000000000009e-05,100,88,138,129
-6.0940000000000009e-05,100,88,158,129
-6.103000000000001e-05,100,88,153,129
-6.1120000000000011e-05,100,88,151,129
-6.1210000000000005e-05,102,88,158,129
-6.1300000000000013e-05,100,88,148,129
-6.1390000000000007e-05,94,88,138,129
-6.1480000000000001e-05,100,88,149,129
-6.1570000000000009e-05,102,90,157,138
-6.1660000000000003e-05,100,90,156,138
-6.175000000000001e-05,96,90,141,138
-6.1840000000000004e-05,100,90,146,138
-6.1930000000000012e-05,100,90,157,138
-6.2020000000000006e-05,98,90,141,138
-6.2110000000000014e-05,98,90,146,138
-6.2200000000000008e-05,100,90,156,138
-6.2290000000000002e-05,96,90,154,138
-6.2380000000000009e-05,96,90,149,138
-6.2470000000000003e-05,102,90,157,138
-6.2560000000000011e-05,100,90,151,138
-6.2650000000000005e-05,100,90,149,138
-6.2740000000000013e-05,98,90,149,138
-6.2830000000000007e-05,102,92,157,139
-6.2920000000000014e-05,100,92,146,139
-6.3010000000000008e-05,96,92,144,139
-6.3100000000000002e-05,100,92,147,139
-6.319000000000001e-05,100,92,152,139
-6.3280000000000004e-05,102,92,160,139
-6.3370000000000012e-05,98,92,138,147
-6.3460000000000006e-05,102,92,155,147
-6.3550000000000013e-05,102,92,161,147
-6.3640000000000007e-05,98,92,150,147
-6.3730000000000001e-05,96,92,143,147
-6.3820000000000009e-05,100,92,153,147
-6.3910000000000003e-05,98,92,151,147
-6.4000000000000011e-05,102,92,152,147
-6.4090000000000005e-05,86,92,133,147
-6.4180000000000012e-05,98,92,138,147
-6.4270000000000006e-05,100,92,154,147
-6.4360000000000014e-05,98,92,148,147
-6.4450000000000008e-05,100,92,138,147
-6.4540000000000002e-05,100,92,153,147
-6.463000000000001e-05,102,90,154,135
-6.4720000000000004e-05,100,86,152,135
-6.4810000000000011e-05,100,86,160,135
-6.4900000000000005e-05,102,86,162,135
-6.4990000000000013e-05,100,86,150,135
-6.5080000000000007e-05,102,86,152,135
-6.5170000000000015e-05,102,86,157,135
-6.5260000000000009e-05,100,86,156,135
-6.5350000000000003e-05,100,86,153,135
-6.544000000000001e-05,100,86,155,135
-6.5530000000000004e-05,102,86,152,135
-6.5620000000000012e-05,98,86,150,135
-6.5710000000000006e-05,98,86,145,135
-6.5800000000000014e-05,100,86,150,135
-6.5890000000000008e-05,98,86,140,135
-6.5980000000000002e-05,98,92,152,138
-6.6070000000000009e-05,102,92,162,138
-6.6160000000000004e-05,100,92,153,138
-6.6250000000000011e-05,96,92,144,138
-6.6340000000000005e-05,102,92,152,138
-6.6430000000000013e-05,100,92,144,138
-6.6520000000000007e-05,104,92,162,128
-6.6610000000000014e-05,100,92,146,128
-6.6700000000000009e-05,100,92,157,128
-6.6790000000000003e-05,102,92,156,128
-6.688000000000001e-05,98,92,152,128
-6.6970000000000004e-05,100,92,158,128
-6.7060000000000012e-05,102,92,160,128
-6.7150000000000006e-05,100,92,150,128
-6.7240000000000014e-05,102,92,152,128
-6.7330000000000008e-05,100,92,158,128
-6.7420000000000002e-05,98,92,146,128
-6.7510000000000009e-05,100,92,154,128
-6.7600000000000003e-05,102,92,159,128
-6.7690000000000011e-05,100,92,149,128
-6.7780000000000005e-05,100,94,151,154
-6.7870000000000013e-05,100,94,154,154
-6.7960000000000007e-05,98,94,149,154
-6.8050000000000014e-05,102,94,155,154
-6.8140000000000008e-05,102,94,148,154
-6.8230000000000002e-05,102,86,160,134
-6.832000000000001e-05,100,86,145,134
-6.8410000000000004e-05,102,86,154,134
-6.8500000000000012e-05,102,86,155,134
-6.8590000000000006e-05,102,86,163,134
-6.8680000000000013e-05,98,86,155,134
-6.8770000000000007e-05,98,86,141,134
-6.8860000000000015e-05,100,86,152,134
-6.8950000000000009e-05,102,86,161,134
-6.9040000000000003e-05,98,86,151,134
-6.9130000000000011e-05,102,86,155,134
-6.9220000000000005e-05,100,86,150,134
-6.9310000000000012e-05,100,86,157,134
-6.9400000000000006e-05,102,86,166,134
-6.9490000000000014e-05,96,86,154,134
-6.9580000000000008e-05,98,86,150,134
-6.9670000000000002e-05,100,92,151,140
-6.976000000000001e-05,96,92,148,140
-6.9850000000000004e-05,98,92,155,140
-6.9940000000000011e-05,100,92,151,140
-7.0030000000000005e-05,98,90,151,139
-7.0120000000000013e-05,100,90,145,139
-7.0210000000000007e-05,98,90,153,139
-7.0300000000000015e-05,100,90,141,139
-7.0390000000000009e-05,98,90,146,139
-7.0480000000000003e-05,100,90,150,139
-7.057000000000001e-05,98,90,154,139
-7.0660000000000004e-05,102,90,160,139
-7.0750000000000012e-05,98,90,148,139
-7.0840000000000006e-05,96,90,140,139
-7.0930000000000014e-05,102,90,149,139
-7.1020000000000008e-05,100,90,148,139
-7.1110000000000015e-05,102,90,156,139
-7.1200000000000009e-05,102,90,152,139
-7.1290000000000004e-05,96,90,144,139
-7.1380000000000011e-05,100,90,159,139
-7.1470000000000005e-05,100,90,148,130
-7.1560000000000013e-05,102,90,161,130
-7.1650000000000007e-05,102,90,154,130
-7.1740000000000014e-05,100,90,153,130
-7.1830000000000009e-05,102,92,154,129
-7.1920000000000003e-05,98,92,145,129
-7.201000000000001e-05,100,92,155,129
-7.2100000000000004e-05,98,92,152,129
-7.2190000000000012e-05,100,92,163,129
-7.2280000000000006e-05,102,92,159,129
-7.2370000000000014e-05,100,92,151,129
-7.2460000000000008e-05,98,92,151,129
-7.2550000000000015e-05,100,92,151,129
-7.2640000000000009e-05,98,92,149,129
-7.2730000000000003e-05,94,92,146,129
-7.2820000000000011e-05,102,92,145,129
-7.2910000000000005e-05,100,92,157,129
-7.3000000000000013e-05,102,92,149,129
-7.3090000000000007e-05,102,92,168,129
-7.3180000000000014e-05,102,92,156,129
-7.3270000000000008e-05,98,88,158,142
-7.3360000000000016e-05,98,88,144,142
-7.345000000000001e-05,98,88,152,142
-7.3540000000000004e-05,102,88,156,142
-7.3630000000000012e-05,100,92,151,136
-7.3720000000000006e-05,102,92,154,136
-7.3810000000000013e-05,100,92,157,136
-7.3900000000000007e-05,102,92,155,136
-7.3990000000000015e-05,102,92,153,136
-7.4080000000000009e-05,102,92,157,136
-7.4170000000000003e-05,100,92,160,136
-7.4260000000000011e-05,100,92,140,136
-7.4350000000000005e-05,100,92,149,136
-7.4440000000000012e-05,100,92,148,136
-7.4530000000000006e-05,100,92,152,136
-7.4620000000000014e-05,102,92,141,136
-7.4710000000000008e-05,100,92,147,136
-7.4800000000000016e-05,100,92,150,136
-7.489000000000001e-05,94,92,147,136
-7.4980000000000004e-05,100,92,142,136
-7.5070000000000011e-05,98,90,145,141
-7.5160000000000005e-05,104,90,153,141
-7.5250000000000013e-05,102,90,159,141
-7.5340000000000007e-05,100,90,151,141
-7.5430000000000015e-05,100,90,149,139
-7.5520000000000009e-05,102,90,158,139
-7.5610000000000003e-05,100,90,145,139
-7.570000000000001e-05,98,90,159,139
-7.5790000000000005e-05,100,90,150,139
-7.5880000000000012e-05,98,90,153,139
-7.5970000000000006e-05,100,90,154,139
-7.6060000000000014e-05,102,90,162,139
-7.6150000000000008e-05,102,90,161,139
-7.6240000000000015e-05,100,90,144,139
-7.6330000000000009e-05,100,90,149,139
-7.6420000000000004e-05,98,90,143,139
-7.6510000000000011e-05,98,90,146,139
-7.6600000000000005e-05,100,90,160,139
-7.6690000000000013e-05,100,90,150,139
-7.6780000000000007e-05,102,90,154,139
-7.6870000000000014e-05,100,92,150,141
-7.6960000000000009e-05,96,92,142,141
-7.7050000000000016e-05,102,92,155,141
-7.714000000000001e-05,100,90,151,141
-7.7230000000000004e-05,100,90,154,141
-7.7320000000000012e-05,102,90,154,141
-7.7410000000000006e-05,102,90,157,141
-7.7500000000000014e-05,100,90,148,141
-7.7590000000000008e-05,98,90,149,141
-7.7680000000000015e-05,96,90,140,141
-7.7770000000000009e-05,98,90,158,141
-7.7860000000000003e-05,102,90,160,141
-7.7950000000000011e-05,100,90,156,141
-7.8040000000000005e-05,98,90,147,141
-7.8130000000000013e-05,102,90,164,141
-7.8220000000000007e-05,100,90,151,141
-7.8310000000000014e-05,100,90,153,141
-7.8400000000000008e-05,102,90,162,141
-7.8490000000000016e-05,100,90,157,141
-7.858000000000001e-05,98,90,142,141
-7.8670000000000004e-05,100,90,158,141
-7.8760000000000012e-05,102,90,154,130
-7.8850000000000006e-05,102,90,160,130
-7.8940000000000013e-05,100,90,154,130
-7.9030000000000007e-05,100,90,160,130
-7.9120000000000015e-05,102,90,157,130
-7.9210000000000009e-05,102,90,158,130
-7.9300000000000017e-05,102,90,151,130
-7.9390000000000011e-05,94,90,142,130
-7.9480000000000005e-05,100,90,148,130
-7.9570000000000012e-05,104,90,161,130
-7.9660000000000006e-05,102,90,162,130
-7.9750000000000014e-05,100,90,151,130
-7.9840000000000008e-05,102,90,158,130
-7.9930000000000016e-05,100,90,154,130
-8.002000000000001e-05,100,90,158,130
-8.0110000000000004e-05,102,92,153,141
-8.0200000000000011e-05,100,92,146,141
-8.0290000000000005e-05,98,90,142,133
-8.0380000000000013e-05,102,90,158,133
-8.0470000000000007e-05,100,90,155,133
-8.0560000000000015e-05,100,90,147,133
-8.0650000000000009e-05,100,90,158,133
-8.0740000000000016e-05,100,90,160,133
-8.083000000000001e-05,96,90,145,133
-8.0920000000000005e-05,100,90,157,133
-8.1010000000000012e-05,98,90,143,133
-8.1100000000000006e-05,100,90,158,133
-8.1190000000000014e-05,100,90,156,133
-8.1280000000000008e-05,100,90,155,133
-8.1370000000000015e-05,102,90,152,133
-8.146000000000001e-05,96,90,151,133
-8.1550000000000004e-05,100,90,145,133
-8.1640000000000011e-05,98,90,149,133
-8.1730000000000005e-05,98,90,152,133
-8.1820000000000013e-05,100,90,148,133
-8.1910000000000007e-05,100,92,141,138
-8.2000000000000015e-05,98,92,151,138
-8.2090000000000009e-05,100,88,152,139
-8.2180000000000016e-05,102,88,151,139
-8.227000000000001e-05,102,88,155,139
-8.2360000000000004e-05,102,88,149,139
-8.2450000000000012e-05,100,88,147,139
-8.2540000000000006e-05,100,88,156,139
-8.2630000000000014e-05,100,88,158,139
-8.2720000000000008e-05,102,88,156,139
-8.2810000000000015e-05,98,88,141,139
-8.2900000000000009e-05,98,88,154,139
-8.2990000000000017e-05,98,88,146,139
-8.3080000000000011e-05,100,88,157,139
-8.3170000000000005e-05,100,88,151,139
-8.3260000000000013e-05,102,88,154,139
-8.3350000000000007e-05,104,88,166,139
-8.3440000000000014e-05,98,88,147,139
-8.3530000000000008e-05,98,88,141,139
-8.3620000000000016e-05,96,88,146,139
-8.371000000000001e-05,100,92,146,142
-8.3800000000000004e-05,98,92,153,142
-8.3890000000000012e-05,102,92,157,140
-8.3980000000000006e-05,100,92,158,140
-8.4070000000000013e-05,100,92,151,140
-8.4160000000000007e-05,100,92,155,140
-8.4250000000000015e-05,100,92,154,140
-8.4340000000000009e-05,100,92,155,140
-8.4430000000000017e-05,100,92,154,140
-8.4520000000000011e-05,102,92,150,140
-8.4610000000000005e-05,100,92,142,140
-8.4700000000000012e-05,100,92,150,140
-8.4790000000000006e-05,96,92,152,140
-8.4880000000000014e-05,100,92,152,140
-8.4970000000000008e-05,102,92,159,140
-8.5060000000000016e-05,102,92,158,140
-8.515000000000001e-05,100,92,152,140
-8.5240000000000017e-05,100,92,159,140
-8.5330000000000011e-05,100,92,146,140
-8.5420000000000005e-05,100,92,149,140
-8.5510000000000013e-05,100,88,158,133
-8.5600000000000007e-05,102,90,160,138
-8.5690000000000015e-05,98,90,153,138
-8.5780000000000009e-05,102,90,158,138
-8.5870000000000016e-05,102,90,160,138
-8.596000000000001e-05,94,90,145,138
-8.6050000000000005e-05,98,90,143,138
-8.6140000000000012e-05,100,90,145,138
-8.6230000000000006e-05,102,90,160,138
-8.6320000000000014e-05,98,90,151,138
-8.6410000000000008e-05,102,90,152,138
-8.6500000000000015e-05,100,90,161,138
-8.659000000000001e-05,98,90,143,138
-8.6680000000000017e-05,98,90,151,138
-8.6770000000000011e-05,96,90,149,138
-8.6860000000000005e-05,100,90,149,138
-8.6950000000000013e-05,98,90,151,138
-8.7040000000000007e-05,100,90,149,138
-8.7130000000000015e-05,98,90,149,138
-8.7220000000000009e-05,102,90,154,138
-8.7310000000000016e-05,102,90,150,138
-8.740000000000001e-05,100,90,154,133
-8.7490000000000004e-05,98,90,152,133
-8.7580000000000012e-05,100,90,153,133
-8.7670000000000006e-05,102,90,150,133
-8.7760000000000014e-05,98,90,147,133
-8.7850000000000008e-05,98,90,147,133
-8.7940000000000015e-05,102,90,162,133
-8.8030000000000009e-05,98,90,148,133
-8.8120000000000017e-05,100,90,147,133
-8.8210000000000011e-05,100,90,159,133
-8.8300000000000005e-05,100,90,149,133
-8.8390000000000013e-05,96,90,139,133
-8.8480000000000007e-05,98,90,149,133
-8.8570000000000014e-05,100,90,146,133
-8.8660000000000008e-05,100,90,154,133
-8.8750000000000016e-05,100,90,151,133
-8.884000000000001e-05,100,90,149,133
-8.8930000000000018e-05,100,90,145,133
-8.9020000000000012e-05,98,90,142,133
-8.9110000000000006e-05,96,90,142,133
-8.9200000000000013e-05,100,92,149,138
-8.9290000000000007e-05,96,92,146,138
-8.9380000000000015e-05,98,92,147,138
-8.9470000000000009e-05,100,92,153,138
-8.9560000000000017e-05,98,92,155,138
-8.9650000000000011e-05,98,92,147,138
-8.9740000000000005e-05,96,92,145,138
-8.9830000000000012e-05,100,92,151,138
-8.9920000000000006e-05,102,92,151,138
-9.0010000000000014e-05,100,92,147,138
-9.0100000000000008e-05,102,92,161,138
-9.0190000000000016e-05,100,92,153,138
-9.028000000000001e-05,100,92,148,138
-9.0370000000000017e-05,102,92,161,138
-9.0460000000000011e-05,98,92,153,138
-9.0550000000000005e-05,102,92,145,138
-9.0640000000000013e-05,102,92,154,138
-9.0730000000000007e-05,100,92,154,138
-9.0820000000000015e-05,100,92,153,138
-9.0910000000000009e-05,102,92,158,138
-9.1000000000000016e-05,100,90,152,140
-9.109000000000001e-05,100,90,147,140
-9.1180000000000018e-05,96,90,139,140
-9.1270000000000012e-05,96,90,145,140
-9.1360000000000006e-05,98,90,156,140
-9.1450000000000014e-05,102,90,148,140
-9.1540000000000008e-05,102,90,154,140
-9.1630000000000015e-05,98,90,147,140
-9.172000000000001e-05,100,90,150,140
-9.1810000000000017e-05,98,90,150,140
-9.1900000000000011e-05,100,90,152,140
-9.1990000000000005e-05,102,90,152,140
-9.2080000000000013e-05,102,90,154,140
-9.2170000000000007e-05,102,90,151,140
-9.2260000000000015e-05,102,90,157,140
-9.2350000000000009e-05,98,90,142,140
-9.2440000000000016e-05,102,90,157,140
-9.253000000000001e-05,96,90,151,140
-9.2620000000000018e-05,102,90,155,140
-9.2710000000000012e-05,102,90,164,140
-9.2800000000000006e-05,102,90,152,135
-9.2890000000000014e-05,100,90,148,135
-9.2980000000000008e-05,102,90,159,135
-9.3070000000000015e-05,102,90,156,135
-9.3160000000000009e-05,102,90,166,135
-9.3250000000000017e-05,100,90,144,135
-9.3340000000000011e-05,102,90,156,135
-9.3430000000000005e-05,100,90,153,135
-9.3520000000000013e-05,102,90,155,135
-9.3610000000000007e-05,102,90,161,135
-9.3700000000000014e-05,104,90,157,135
-9.3790000000000008e-05,100,90,153,135
-9.3880000000000016e-05,102,90,150,135
-9.397000000000001e-05,98,90,143,135
-9.4060000000000018e-05,102,90,155,139
-9.4150000000000012e-05,100,90,151,139
-9.4240000000000006e-05,100,90,153,139
-9.4330000000000013e-05,102,90,161,139
-9.4420000000000007e-05,102,90,157,139
-9.4510000000000015e-05,100,90,162,139
-9.4600000000000009e-05,104,90,157,139
-9.4690000000000017e-05,102,90,151,139
-9.4780000000000011e-05,102,90,154,139
-9.4870000000000018e-05,100,90,153,139
-9.4960000000000012e-05,102,90,149,139
-9.5050000000000006e-05,102,90,155,139
-9.5140000000000014e-05,100,90,151,139
-9.5230000000000008e-05,94,90,139,139
-9.5320000000000016e-05,100,90,149,139
-9.541000000000001e-05,102,90,163,139
-9.5500000000000017e-05,102,90,154,139
-9.5590000000000011e-05,100,90,152,139
-9.5680000000000005e-05,102,90,155,139
-9.5770000000000013e-05,100,90,149,139
-9.5860000000000007e-05,100,90,152,139
-9.5950000000000015e-05,100,90,156,139
-9.6040000000000009e-05,100,92,154,143
-9.6130000000000016e-05,102,92,151,143
-9.622000000000001e-05,100,92,152,143
-9.6310000000000018e-05,98,92,153,143
-9.6400000000000012e-05,98,92,161,143
-9.6490000000000006e-05,102,92,160,143
-9.6580000000000014e-05,100,92,157,143
-9.6670000000000008e-05,98,92,147,143
-9.6760000000000015e-05,100,92,150,143
-9.685000000000001e-05,102,92,160,143
-9.6940000000000017e-05,98,92,152,143
-9.7030000000000011e-05,100,92,153,143
-9.7120000000000019e-05,102,92,153,143
-9.7210000000000013e-05,104,92,153,143
-9.7300000000000007e-05,100,92,145,143
-9.7390000000000015e-05,102,92,152,143
-9.7480000000000009e-05,92,92,146,143
-9.7570000000000016e-05,102,92,152,143
-9.766000000000001e-05,100,90,141,142
-9.7750000000000018e-05,100,90,151,142
-9.7840000000000012e-05,102,90,162,142
-9.7930000000000006e-05,98,90,153,142
-9.8020000000000014e-05,102,90,146,142
-9.8110000000000008e-05,102,90,152,142
-9.8200000000000015e-05,100,90,154,142
-9.8290000000000009e-05,102,90,149,142
-9.8380000000000017e-05,102,90,156,142
-9.8470000000000011e-05,102,90,162,142
-9.8560000000000019e-05,100,90,151,142
-9.8650000000000013e-05,100,90,156,142
-9.8740000000000007e-05,102,90,151,142
-9.8830000000000014e-05,100,90,152,142
-9.8920000000000008e-05,100,90,147,142
-9.9010000000000016e-05,102,90,154,142
-9.910000000000001e-05,102,90,155,142
-9.9190000000000018e-05,100,90,154,142
-9.9280000000000012e-05,100,90,144,142
-9.9370000000000019e-05,102,90,163,142
-9.9460000000000013e-05,98,90,142,142
-9.9550000000000007e-05,100,90,155,142
-9.9640000000000015e-05,102,92,150,136
-9.9730000000000009e-05,102,92,152,136
-9.9820000000000017e-05,100,92,156,136
-9.9910000000000011e-05,100,92,151,136
9.9999999999999995e-07,112,108,157,161
1.009e-06,110,108,164,161
1.018e-06,112,110,178,165
1.0269999999999999e-06,108,110,159,165
1.0359999999999999e-06,110,112,167,167
1.0449999999999999e-06,112,112,171,167
1.054e-06,110,108,163,159
1.063e-06,110,108,166,159
1.0719999999999999e-06,110,108,166,161
1.0809999999999999e-06,108,112,160,169
1.0899999999999999e-06,110,112,168,169
1.099e-06,112,112,169,169
1.108e-06,108,110,153,164
1.1169999999999999e-06,110,112,167,159
1.1259999999999999e-06,112,112,176,159
1.1349999999999999e-06,110,112,163,159
1.144e-06,110,108,159,167
1.153e-06,112,112,172,163
1.1619999999999998e-06,106,112,162,163
1.1709999999999999e-06,110,112,164,163
1.1799999999999999e-06,110,112,169,167
1.189e-06,110,112,165,171
1.198e-06,112,112,161,171
1.207e-06,108,112,167,171
1.2159999999999999e-06,110,110,171,169
1.2249999999999999e-06,112,112,179,178
1.234e-06,110,112,170,178
1.243e-06,112,112,172,165
1.252e-06,110,112,168,165
1.2609999999999999e-06,112,112,170,161
1.2699999999999999e-06,110,112,176,161
1.279e-06,114,110,174,175
1.288e-06,108,110,159,175
1.297e-06,110,112,165,169
1.3059999999999999e-06,112,112,165,169
1.3149999999999999e-06,106,112,158,173
1.3239999999999999e-06,110,108,164,173
1.333e-06,112,108,174,173
1.342e-06,110,108,165,173
1.3509999999999999e-06,110,112,168,164
1.3599999999999999e-06,110,110,163,175
1.3689999999999999e-06,112,110,179,175
1.378e-06,112,110,171,175
1.387e-06,108,108,166,165
1.3959999999999998e-06,112,112,168,179
1.4049999999999999e-06,110,112,176,179
1.4139999999999999e-06,108,112,156,179
1.423e-06,104,108,163,161
1.432e-06,112,110,180,157
1.4409999999999998e-06,112,110,168,157
1.4499999999999999e-06,110,110,161,157
1.4589999999999999e-06,110,110,166,165
1.468e-06,110,110,163,163
1.477e-06,110,110,150,163
1.4859999999999998e-06,108,110,162,163
1.4949999999999999e-06,112,106,170,157
1.5039999999999999e-06,110,112,171,178
1.513e-06,108,112,158,178
1.522e-06,110,112,179,178
1.5309999999999998e-06,112,110,161,160
1.5399999999999999e-06,104,110,159,170
1.5489999999999999e-06,108,110,166,170
1.5579999999999999e-06,112,110,175,170
1.567e-06,112,110,170,168
1.5759999999999998e-06,108,112,166,175
1.5849999999999999e-06,110,112,168,175
1.5939999999999999e-06,110,112,160,175
1.6029999999999999e-06,106,110,163,166
1.612e-06,110,110,163,162
1.621e-06,110,110,175,162
1.6299999999999999e-06,110,110,174,162
1.6389999999999999e-06,110,112,153,171
1.6479999999999999e-06,112,112,168,171
1.657e-06,112,112,171,171
1.666e-06,110,112,158,171
1.6749999999999998e-06,110,108,163,160
1.6839999999999999e-06,112,108,170,160
1.6929999999999999e-06,110,108,163,160
1.702e-06,108,108,166,160
1.711e-06,108,110,161,166
1.7199999999999998e-06,110,110,166,166
1.7289999999999999e-06,110,110,170,166
1.7379999999999999e-06,112,110,172,166
1.747e-06,110,106,163,159
1.756e-06,108,106,160,159
1.7649999999999998e-06,112,106,164,159
1.7739999999999999e-06,108,106,164,159
1.7829999999999999e-06,112,108,171,158
1.792e-06,110,108,168,158
1.801e-06,112,108,165,158
1.8099999999999998e-06,110,108,174,161
1.8189999999999999e-06,110,108,175,161
1.8279999999999999e-06,112,108,165,161
1.8369999999999999e-06,112,108,166,161
1.846e-06,108,112,161,172
1.8549999999999998e-06,110,112,164,172
1.8639999999999999e-06,108,112,172,172
1.8729999999999999e-06,108,112,177,172
1.8819999999999999e-06,108,112,163,179
1.891e-06,108,112,161,179
1.8999999999999998e-06,112,112,176,179
1.9089999999999998e-06,112,112,166,179
1.9180000000000001e-06,110,112,170,179
1.9269999999999999e-06,108,112,167,161
1.9359999999999998e-06,108,112,162,161
1.945e-06,110,112,171,161
1.9539999999999998e-06,110,108,166,167
1.9630000000000001e-06,110,108,177,167
1.9719999999999999e-06,110,108,160,167
1.9809999999999998e-06,108,108,164,167
1.99e-06,112,112,164,169
1.9989999999999998e-06,106,112,162,169
2.0080000000000001e-06,108,112,161,169
2.0169999999999999e-06,112,112,172,169
2.0259999999999997e-06,108,112,167,168
2.035e-06,110,112,170,168
2.0439999999999998e-06,110,112,165,168
2.0530000000000001e-06,112,112,170,168
2.0619999999999999e-06,112,112,180,164
2.0709999999999997e-06,110,112,162,164
2.08e-06,112,112,167,164
2.0889999999999998e-06,108,112,164,164
2.0980000000000001e-06,108,110,168,176
2.1069999999999999e-06,110,110,166,176
2.1159999999999997e-06,108,110,159,176
2.125e-06,108,110,160,176
2.1339999999999998e-06,110,108,156,160
2.1430000000000001e-06,108,108,161,160
2.1519999999999999e-06,110,108,174,160
2.1609999999999997e-06,108,108,161,160
2.17e-06,108,112,168,184
2.1789999999999998e-06,112,112,169,184
2.1880000000000001e-06,112,112,174,184
2.1969999999999999e-06,108,112,170,184
2.2059999999999997e-06,112,112,162,178
2.215e-06,110,112,164,178
2.2239999999999998e-06,110,112,165,178
2.2330000000000001e-06,110,110,158,163
2.2419999999999999e-06,110,110,167,163
2.2509999999999997e-06,112,110,159,163
2.26e-06,108,110,169,163
2.2689999999999998e-06,108,110,160,163
2.278e-06,108,110,167,174
2.2869999999999999e-06,108,110,167,174
2.2959999999999997e-06,110,110,167,174
2.305e-06,110,110,168,172
2.3139999999999998e-06,112,110,175,172
2.323e-06,112,110,163,172
2.3319999999999999e-06,110,110,165,172
2.3409999999999997e-06,112,110,170,172
2.3499999999999999e-06,110,112,157,173
2.3589999999999998e-06,112,112,167,173
2.368e-06,110,112,171,173
2.3769999999999999e-06,112,112,162,173
2.3859999999999997e-06,110,112,162,173
2.3949999999999999e-06,112,112,171,173
2.4039999999999998e-06,108,112,155,173
2.413e-06,110,112,171,173
2.4219999999999999e-06,110,108,169,164
2.4309999999999997e-06,112,108,172,164
2.4399999999999999e-06,110,110,170,174
2.4489999999999998e-06,110,110,167,174
2.458e-06,112,110,178,174
2.4669999999999998e-06,106,110,167,174
2.4759999999999997e-06,110,110,159,174
2.4849999999999999e-06,108,110,162,174
2.4939999999999998e-06,112,110,165,163
2.503e-06,110,110,159,163
2.5119999999999998e-06,108,112,160,172
2.5209999999999997e-06,108,112,161,172
2.5299999999999999e-06,112,112,161,172
2.5389999999999997e-06,112,112,173,172
2.548e-06,110,112,167,172
2.5569999999999998e-06,110,112,175,174
2.5660000000000001e-06,110,112,175,174
2.5749999999999999e-06,110,112,170,174
2.5839999999999997e-06,106,108,156,162
2.593e-06,110,108,164,162
2.6019999999999998e-06,112,108,169,162
2.6110000000000001e-06,110,108,172,162
2.6199999999999999e-06,110,108,159,162
2.6289999999999997e-06,112,110,168,162
2.638e-06,112,110,173,162
2.6469999999999998e-06,112,110,172,162
2.6560000000000001e-06,108,110,175,166
2.6649999999999999e-06,112,110,170,166
2.6739999999999997e-06,108,110,173,166
2.683e-06,110,110,160,166
2.6919999999999998e-06,110,110,172,166
2.7010000000000001e-06,112,110,164,166
2.7099999999999999e-06,112,110,170,166
2.7189999999999997e-06,106,112,157,179
2.728e-06,112,112,166,179
2.7369999999999998e-06,110,112,175,179
2.7460000000000001e-06,112,112,176,179
2.7549999999999999e-06,110,112,160,179
2.7639999999999997e-06,112,112,175,179
2.773e-06,108,112,165,179
2.7819999999999998e-06,110,112,164,168
2.791e-06,106,110,172,165
2.7999999999999999e-06,112,110,170,165
2.8089999999999997e-06,112,110,179,165
2.818e-06,112,110,170,165
2.8269999999999998e-06,110,110,158,165
2.836e-06,106,110,157,165
2.8449999999999999e-06,108,110,161,166
2.8539999999999997e-06,112,110,171,166
2.8629999999999999e-06,112,110,163,170
2.8719999999999998e-06,110,110,161,170
2.881e-06,110,110,157,170
2.8899999999999999e-06,110,110,173,170
2.8989999999999997e-06,110,110,156,170
2.9079999999999999e-06,110,110,173,170
2.9169999999999998e-06,110,110,165,169
2.926e-06,112,108,164,169
2.9349999999999999e-06,108,108,167,169
2.9439999999999997e-06,110,108,164,169
2.9529999999999999e-06,110,108,163,169
2.9619999999999998e-06,106,108,158,169
2.971e-06,110,108,164,169
2.9799999999999998e-06,112,108,172,169
2.9889999999999997e-06,106,112,157,170
2.9979999999999999e-06,108,110,164,160
3.0069999999999998e-06,110,110,167,160
3.016e-06,110,110,175,160
3.0249999999999998e-06,112,110,178,160
3.0339999999999997e-06,110,110,173,160
3.0429999999999999e-06,110,110,170,160
3.0519999999999997e-06,108,110,164,160
3.061e-06,110,104,160,153
3.0699999999999998e-06,108,106,153,161
3.0789999999999997e-06,110,106,161,161
3.0879999999999999e-06,112,106,172,161
3.0969999999999997e-06,110,106,170,161
3.106e-06,108,106,163,161
3.1149999999999998e-06,110,106,173,161
3.1239999999999997e-06,110,108,172,160
3.1329999999999999e-06,110,110,168,178
3.1419999999999997e-06,112,110,181,178
3.151e-06,110,110,163,178
3.1599999999999998e-06,112,110,171,178
3.1689999999999996e-06,112,110,175,178
3.1779999999999999e-06,108,110,164,178
3.1869999999999997e-06,106,110,157,178
3.196e-06,110,110,173,168
3.2049999999999998e-06,110,110,166,178
3.2139999999999996e-06,112,110,171,178
3.2229999999999999e-06,112,110,172,178
3.2319999999999997e-06,110,110,168,178
3.241e-06,110,110,162,178
3.2499999999999998e-06,112,110,164,178
3.2589999999999996e-06,112,110,170,178
3.2679999999999999e-06,112,110,171,178
3.2769999999999997e-06,110,112,164,168
3.286e-06,110,112,166,168
3.2949999999999998e-06,112,112,166,168
3.304e-06,112,112,171,168
3.3129999999999999e-06,110,112,168,168
3.3219999999999997e-06,108,112,162,168
3.331e-06,108,112,175,168
3.3399999999999998e-06,110,112,175,168
3.349e-06,106,114,157,183
3.3579999999999999e-06,110,114,167,183
3.3669999999999997e-06,110,114,162,183
3.3759999999999999e-06,108,114,160,183
3.3849999999999998e-06,110,114,169,183
3.394e-06,110,114,165,183
3.4029999999999999e-06,112,114,171,183
3.4119999999999997e-06,110,110,169,157
3.4209999999999999e-06,110,112,167,173
3.4299999999999998e-06,110,112,162,173
3.439e-06,110,112,159,173
3.4479999999999999e-06,110,112,166,173
3.4569999999999997e-06,108,112,171,173
3.4659999999999999e-06,110,112,163,173
3.4749999999999998e-06,112,112,167,173
3.484e-06,112,110,179,170
3.4929999999999998e-06,114,110,174,170
3.5019999999999997e-06,110,110,166,170
3.5109999999999999e-06,112,110,167,170
3.5199999999999998e-06,106,110,159,170
3.529e-06,112,110,173,170
3.5379999999999998e-06,106,110,157,170
3.5469999999999997e-06,112,110,168,170
3.5559999999999999e-06,108,114,167,176
3.5649999999999997e-06,112,114,169,176
3.574e-06,112,114,163,176
3.5829999999999998e-06,108,114,158,176
3.5919999999999997e-06,112,114,172,176
3.6009999999999999e-06,110,114,165,176
3.6099999999999997e-06,104,114,161,176
3.619e-06,106,114,160,176
3.6279999999999998e-06,110,110,164,167
3.6369999999999997e-06,112,110,174,167
3.6459999999999999e-06,112,110,170,167
3.6549999999999997e-06,108,110,161,167
3.664e-06,112,110,160,167
3.6729999999999998e-06,112,110,170,167
3.6819999999999996e-06,112,110,171,167
3.6909999999999999e-06,108,112,168,160
3.6999999999999997e-06,110,112,166,160
3.709e-06,110,112,167,160
3.7179999999999998e-06,106,112,161,160
3.7269999999999996e-06,112,112,172,160
3.7359999999999999e-06,110,112,162,160
3.7449999999999997e-06,112,112,173,160
3.754e-06,112,112,174,160
3.7629999999999998e-06,110,112,154,160
3.7719999999999996e-06,112,108,168,161
3.7809999999999999e-06,108,108,171,161
3.7899999999999997e-06,110,108,169,161
3.799e-06,112,108,179,161
3.8079999999999998e-06,112,108,171,161
3.817e-06,112,108,175,161
3.8259999999999995e-06,112,108,176,161
3.8349999999999997e-06,112,112,170,162
3.844e-06,110,112,161,162
3.8530000000000002e-06,108,112,165,162
3.8619999999999996e-06,112,112,161,162
3.8709999999999999e-06,110,112,171,162
3.8800000000000001e-06,110,112,164,162
3.8889999999999995e-06,110,112,169,162
3.8979999999999998e-06,112,112,176,162
3.907e-06,110,112,170,162
3.9159999999999994e-06,112,112,176,164
3.9249999999999997e-06,108,112,165,164
3.9339999999999999e-06,108,112,167,164
3.9430000000000002e-06,108,112,159,164
3.9519999999999996e-06,108,112,169,164
3.9609999999999999e-06,112,112,177,164
3.9700000000000001e-06,112,112,176,164
3.9789999999999995e-06,108,110,168,171
3.9879999999999998e-06,110,110,174,171
3.997e-06,110,110,172,171
4.0059999999999994e-06,112,110,169,171
4.0149999999999997e-06,108,110,168,171
4.0239999999999999e-06,110,110,178,171
4.0330000000000002e-06,110,110,180,171
4.0419999999999996e-06,110,110,165,171
4.0509999999999998e-06,110,110,168,168
4.0600000000000001e-06,110,110,160,168
4.0689999999999995e-06,110,110,172,168
4.0779999999999997e-06,112,110,168,168
4.087e-06,112,110,173,168
4.0959999999999994e-06,108,110,166,168
4.1049999999999997e-06,108,110,165,168
4.1139999999999999e-06,110,110,160,160
4.1230000000000002e-06,112,110,168,160
4.1319999999999996e-06,110,110,164,160
4.1409999999999998e-06,110,110,173,160
4.1500000000000001e-06,112,110,164,160
4.1589999999999995e-06,112,110,173,160
4.1679999999999997e-06,108,110,173,160
4.177e-06,110,110,185,160
4.1859999999999994e-06,112,110,172,160
4.1949999999999996e-06,112,110,162,164
4.2039999999999999e-06,110,110,165,164
4.2130000000000002e-06,110,110,174,164
4.2219999999999996e-06,110,110,176,164
4.2309999999999998e-06,108,110,165,164
4.2400000000000001e-06,110,110,161,164
4.2489999999999995e-06,112,106,173,162
4.2579999999999997e-06,110,106,179,162
4.267e-06,110,106,168,162
4.2759999999999994e-06,112,106,179,162
4.2849999999999996e-06,112,106,170,162
4.2939999999999999e-06,108,106,160,162
4.3030000000000001e-06,110,106,173,162
4.3119999999999995e-06,110,106,175,162
4.3209999999999998e-06,112,106,168,162
4.33e-06,108,106,166,162
4.3389999999999995e-06,108,110,168,167
4.3479999999999997e-06,110,110,172,167
4.357e-06,112,110,168,167
4.3659999999999994e-06,112,110,184,167
4.3749999999999996e-06,112,110,172,167
4.3839999999999999e-06,108,110,170,167
4.3930000000000001e-06,108,100,167,161
4.4019999999999995e-06,112,100,175,161
4.4109999999999998e-06,110,100,166,161
4.42e-06,108,100,168,161
4.4289999999999994e-06,112,100,178,161
4.4379999999999997e-06,112,100,170,161
4.4469999999999999e-06,110,100,174,161
4.4559999999999993e-06,108,100,166,161
4.4649999999999996e-06,110,100,163,161
4.4739999999999999e-06,108,100,169,161
4.4830000000000001e-06,110,108,162,165
4.4919999999999995e-06,110,108,168,165
4.5009999999999998e-06,110,108,163,165
4.51e-06,108,108,156,165
4.5189999999999994e-06,106,108,163,165
4.5279999999999997e-06,108,112,168,161
4.5369999999999999e-06,110,112,167,161
4.5460000000000002e-06,110,112,162,161
4.5549999999999996e-06,106,112,162,161
4.5639999999999998e-06,112,112,171,161
4.5730000000000001e-06,110,112,174,161
4.5819999999999995e-06,112,112,175,161
4.5909999999999998e-06,112,112,180,161
4.6e-06,112,112,174,161
4.6089999999999994e-06,110,112,166,161
4.6179999999999997e-06,110,112,169,161
4.6269999999999999e-06,112,110,165,160
4.6360000000000002e-06,112,110,169,160
4.6449999999999996e-06,110,110,172,160
4.6539999999999998e-06,110,110,169,160
4.6630000000000001e-06,112,110,169,160
4.6719999999999995e-06,108,108,164,159
4.6809999999999997e-06,110,108,175,159
4.69e-06,110,108,166,159
4.6989999999999994e-06,106,108,159,159
4.7079999999999996e-06,112,108,173,159
4.7169999999999999e-06,112,108,176,159
4.7260000000000002e-06,112,108,165,159
4.7349999999999996e-06,112,108,170,159
4.7439999999999998e-06,110,108,176,159
4.7530000000000001e-06,110,108,159,159
4.7619999999999995e-06,112,110,175,171
4.7709999999999997e-06,112,110,167,171
4.78e-06,112,110,173,171
4.7889999999999994e-06,112,110,166,171
4.7979999999999996e-06,110,110,172,171
4.8069999999999999e-06,112,114,166,179
4.8160000000000001e-06,112,114,171,179
4.8249999999999995e-06,112,114,164,179
4.8339999999999998e-06,108,114,169,179
4.843e-06,112,114,173,179
4.8519999999999995e-06,108,114,164,179
4.8609999999999997e-06,106,114,157,179
4.87e-06,110,114,170,179
4.8789999999999994e-06,110,114,171,179
4.8879999999999996e-06,108,114,169,179
4.8969999999999999e-06,112,114,160,179
4.9060000000000001e-06,112,112,172,173
4.9149999999999995e-06,112,112,163,173
4.9239999999999998e-06,110,112,174,173
4.933e-06,110,112,169,173
4.9419999999999994e-06,110,112,163,173
4.9509999999999997e-06,110,112,162,168
4.9599999999999999e-06,112,112,168,168
4.9689999999999994e-06,112,112,162,168
4.9779999999999996e-06,112,112,168,168
4.9869999999999999e-06,110,112,163,168
4.9960000000000001e-06,112,112,166,168
5.0049999999999995e-06,108,100,164,147
5.0139999999999998e-06,108,100,166,147
5.023e-06,112,100,173,147
5.0319999999999994e-06,110,100,168,147
5.0409999999999997e-06,106,100,166,147
5.0499999999999999e-06,110,100,172,147
5.0589999999999993e-06,112,100,172,153
5.0679999999999996e-06,110,100,166,153
5.0769999999999998e-06,110,100,170,153
5.0860000000000001e-06,108,100,170,154
5.0949999999999995e-06,110,100,172,154
5.1039999999999998e-06,108,100,161,154
5.113e-06,108,100,163,154
5.1219999999999994e-06,110,100,170,154
5.1309999999999997e-06,112,100,174,154
5.1399999999999999e-06,110,100,159,154
5.1489999999999993e-06,110,100,172,154
5.1579999999999996e-06,108,100,164,154
5.1669999999999998e-06,112,100,168,154
5.1760000000000001e-06,110,100,169,154
5.1849999999999995e-06,112,100,171,154
5.1939999999999997e-06,110,100,165,155
5.203e-06,108,100,162,155
5.2119999999999994e-06,112,100,170,155
5.2209999999999996e-06,108,100,170,155
5.2299999999999999e-06,108,100,160,155
5.2390000000000002e-06,112,100,184,155
5.2479999999999996e-06,106,100,152,155
5.2569999999999998e-06,112,100,169,155
5.2660000000000001e-06,112,102,178,147
5.2749999999999995e-06,110,102,162,147
5.2839999999999997e-06,110,102,169,147
5.293e-06,110,102,160,147
5.3019999999999994e-06,108,102,164,147
5.3109999999999996e-06,110,102,171,147
5.3199999999999999e-06,112,102,166,147
5.3290000000000001e-06,110,102,166,147
5.3379999999999995e-06,112,102,169,147
5.3469999999999998e-06,110,102,166,147
5.356e-06,110,102,168,147
5.3649999999999995e-06,112,102,173,147
5.3739999999999997e-06,108,100,169,154
5.383e-06,110,100,169,154
5.3919999999999994e-06,110,100,183,154
5.4009999999999996e-06,108,100,166,154
5.4099999999999999e-06,108,100,165,154
5.4190000000000001e-06,110,100,166,154
5.4279999999999995e-06,106,100,174,154
5.4369999999999998e-06,114,100,170,154
5.446e-06,108,102,162,152
5.4549999999999994e-06,110,102,178,152
5.4639999999999997e-06,110,102,165,152
5.4729999999999999e-06,108,102,165,152
5.4819999999999994e-06,110,102,178,152
5.4909999999999996e-06,112,102,179,152
5.4999999999999999e-06,108,102,163,152
5.5090000000000001e-06,106,102,162,152
5.5179999999999995e-06,104,102,147,152
5.5269999999999998e-06,110,102,170,152
5.536e-06,110,102,169,152
5.5449999999999994e-06,112,102,174,152
5.5539999999999997e-06,112,102,168,157
5.5629999999999999e-06,110,102,174,157
5.5719999999999993e-06,110,102,169,157
5.5809999999999996e-06,106,102,164,157
5.5899999999999998e-06,112,102,175,157
5.5990000000000001e-06,110,102,162,157
5.6079999999999995e-06,108,102,160,157
5.6169999999999998e-06,110,102,174,157
5.626e-06,110,102,165,157
5.6349999999999994e-06,110,102,169,157
5.6439999999999997e-06,110,102,171,157
5.6529999999999999e-06,110,102,166,157
5.6619999999999993e-06,110,102,164,157
5.6709999999999996e-06,110,102,167,157
5.6799999999999998e-06,108,102,168,157
5.6890000000000001e-06,110,102,169,157
5.6979999999999995e-06,110,102,166,157
5.7069999999999997e-06,112,102,168,157
5.716e-06,110,102,156,157
5.7249999999999994e-06,108,102,160,157
5.7339999999999996e-06,112,102,172,157
5.7429999999999999e-06,112,102,170,157
5.7519999999999993e-06,110,102,175,157
5.7609999999999996e-06,108,102,156,157
5.7699999999999998e-06,110,102,170,157
5.7790000000000001e-06,110,102,165,157
5.7879999999999995e-06,110,102,181,157
5.7969999999999997e-06,110,102,161,157
5.806e-06,112,100,166,158
5.8149999999999994e-06,112,100,165,158
5.8239999999999996e-06,112,100,174,158
5.8329999999999999e-06,110,100,169,158
5.8419999999999993e-06,110,100,172,158
5.8509999999999995e-06,110,100,165,158
5.8599999999999998e-06,110,100,169,158
5.8690000000000001e-06,106,100,167,158
5.8779999999999995e-06,110,100,166,158
5.8869999999999997e-06,110,100,167,158
5.896e-06,108,100,163,158
5.9049999999999994e-06,108,100,169,158
5.9139999999999996e-06,110,100,164,158
5.9229999999999999e-06,108,102,172,151
5.9319999999999993e-06,110,102,176,151
5.9409999999999995e-06,112,102,171,151
5.9499999999999998e-06,110,102,165,151
5.959e-06,106,102,157,151
5.9679999999999994e-06,108,102,155,151
5.9769999999999997e-06,112,96,170,146
5.9859999999999999e-06,108,96,171,146
5.9949999999999994e-06,110,96,166,146
6.0039999999999996e-06,112,96,163,146
6.0129999999999999e-06,106,96,169,146
6.0220000000000001e-06,110,96,164,146
6.0309999999999995e-06,108,96,163,146
6.0399999999999998e-06,108,96,165,146
6.049e-06,110,96,160,146
6.0579999999999994e-06,110,96,168,146
6.0669999999999997e-06,110,96,157,146
6.0759999999999999e-06,108,96,168,146
6.0849999999999993e-06,112,96,175,146
6.0939999999999996e-06,110,96,162,146
6.1029999999999998e-06,112,100,180,156
6.1120000000000001e-06,104,100,153,156
6.1209999999999995e-06,112,100,167,156
6.1299999999999998e-06,112,100,170,156
6.139e-06,106,100,167,156
6.1479999999999994e-06,112,100,175,156
6.1569999999999997e-06,112,96,176,145
6.1659999999999999e-06,108,96,160,145
6.1749999999999993e-06,108,96,151,145
6.1839999999999996e-06,106,96,161,145
6.1929999999999998e-06,110,96,167,145
6.2020000000000001e-06,112,96,167,145
6.2109999999999995e-06,112,96,161,145
6.2199999999999997e-06,112,96,167,145
6.229e-06,110,96,172,145
6.2379999999999994e-06,110,96,167,145
6.2469999999999997e-06,108,96,165,145
6.2559999999999999e-06,108,96,160,145
6.2649999999999993e-06,110,96,165,145
6.2739999999999996e-06,110,96,165,145
6.2829999999999998e-06,108,102,167,152
6.2920000000000001e-06,108,102,157,152
6.3009999999999995e-06,108,102,160,152
6.3099999999999997e-06,112,102,164,152
6.319e-06,112,102,168,152
6.3279999999999994e-06,110,102,178,152
6.3369999999999996e-06,112,100,166,158
6.3459999999999999e-06,110,100,158,158
6.3549999999999993e-06,110,100,164,158
6.3639999999999995e-06,110,100,165,158
6.3729999999999998e-06,110,100,164,158
6.3820000000000001e-06,110,100,171,158
6.3909999999999995e-06,112,100,175,158
6.3999999999999997e-06,110,100,168,158
6.409e-06,112,100,170,158
6.4179999999999994e-06,112,100,174,158
6.4269999999999996e-06,110,100,167,158
6.4359999999999999e-06,110,100,174,158
6.4449999999999993e-06,108,100,163,158
6.4539999999999995e-06,112,100,173,158
6.4629999999999998e-06,110,100,175,155
6.472e-06,110,100,178,149
6.4809999999999994e-06,112,100,172,149
6.4899999999999997e-06,112,100,176,149
6.4989999999999999e-06,104,100,155,149
6.5079999999999994e-06,108,100,164,149
6.5169999999999996e-06,112,100,175,149
6.5259999999999999e-06,108,100,163,149
6.5349999999999993e-06,110,100,169,149
6.5439999999999995e-06,112,100,168,149
6.5529999999999998e-06,110,100,170,149
6.562e-06,110,100,166,149
6.5709999999999994e-06,110,100,171,149
6.5799999999999997e-06,112,100,171,149
6.5889999999999999e-06,108,100,157,149
6.5979999999999993e-06,110,102,168,157
6.6069999999999996e-06,108,102,167,157
6.6159999999999998e-06,112,102,168,157
6.6249999999999993e-06,110,102,171,157
6.6339999999999995e-06,110,102,161,157
6.6429999999999998e-06,112,102,170,157
6.652e-06,110,98,165,148
6.6609999999999994e-06,110,98,168,148
6.6699999999999997e-06,110,98,171,148
6.6789999999999999e-06,112,98,170,148
6.6879999999999993e-06,112,98,178,148
6.6969999999999996e-06,108,98,165,148
6.7059999999999998e-06,110,98,160,148
6.7149999999999992e-06,110,98,173,148
6.7239999999999995e-06,110,98,160,148
6.7329999999999997e-06,110,98,163,148
6.742e-06,106,98,159,148
6.7509999999999994e-06,114,98,183,148
6.7599999999999997e-06,110,98,165,148
6.7689999999999999e-06,110,98,167,148
6.7779999999999993e-06,112,98,169,154
6.7869999999999996e-06,110,98,169,154
6.7959999999999998e-06,110,98,173,154
6.8050000000000001e-06,110,98,162,154
6.8139999999999995e-06,114,98,171,154
6.8229999999999997e-06,110,98,157,143
6.832e-06,106,98,153,143
6.8409999999999994e-06,112,98,166,143
6.8499999999999996e-06,112,98,170,143
6.8589999999999999e-06,112,98,170,143
6.8679999999999993e-06,110,98,169,143
6.8769999999999995e-06,106,98,170,143
6.8859999999999998e-06,108,98,159,143
6.8950000000000001e-06,112,98,173,143
6.9039999999999995e-06,112,98,170,143
6.9129999999999997e-06,110,98,162,143
6.922e-06,110,98,179,143
6.9309999999999994e-06,110,98,167,143
6.9399999999999996e-06,108,98,162,143
6.9489999999999999e-06,110,98,175,143
6.9579999999999993e-06,110,98,160,143
6.9669999999999995e-06,108,100,160,155
6.9759999999999998e-06,108,100,166,155
6.985e-06,110,100,162,155
6.9939999999999994e-06,110,100,169,155
7.0029999999999997e-06,108,102,156,152
7.0119999999999999e-06,112,102,175,152
7.0209999999999994e-06,110,102,165,152
7.0299999999999996e-06,110,102,170,152
7.0389999999999999e-06,110,102,161,152
7.0479999999999993e-06,112,102,174,152
7.0569999999999995e-06,108,102,171,152
7.0659999999999998e-06,110,102,162,152
7.075e-06,104,102,164,152
7.0839999999999994e-06,112,102,160,152
7.0929999999999997e-06,108,102,164,152
7.1019999999999999e-06,108,102,159,152
7.1109999999999993e-06,112,102,169,152
7.1199999999999996e-06,110,102,163,152
7.1289999999999998e-06,112,102,165,152
7.1379999999999993e-06,110,102,176,152
7.1469999999999995e-06,110,98,165,148
7.1559999999999998e-06,112,98,172,148
7.165e-06,112,98,174,148
7.1739999999999994e-06,114,98,176,148
7.1829999999999997e-06,108,98,169,135
7.1919999999999999e-06,110,98,166,135
7.2009999999999993e-06,112,98,169,135
7.2099999999999996e-06,110,98,168,135
7.2189999999999998e-06,108,98,166,135
7.2279999999999992e-06,110,98,156,135
7.2369999999999995e-06,112,98,168,135
7.2459999999999997e-06,112,98,171,135
7.255e-06,110,98,171,135
7.2639999999999994e-06,110,98,167,135
7.2729999999999997e-06,108,98,161,135
7.2819999999999999e-06,110,98,166,135
7.2909999999999993e-06,110,98,169,135
7.2999999999999996e-06,100,98,153,135
7.3089999999999998e-06,110,98,167,135
7.3179999999999992e-06,110,98,165,135
7.3269999999999995e-06,106,100,155,150
7.3359999999999997e-06,110,100,159,150
7.345e-06,110,100,167,150
7.3539999999999994e-06,110,100,165,150
7.3629999999999996e-06,112,102,167,154
7.3719999999999999e-06,110,102,167,154
7.3809999999999993e-06,110,102,160,154
7.3899999999999995e-06,110,102,170,154
7.3989999999999998e-06,110,102,172,154
7.4079999999999992e-06,106,102,160,154
7.4169999999999995e-06,110,102,176,154
7.4259999999999997e-06,106,102,161,154
7.435e-06,110,102,162,154
7.4439999999999994e-06,110,102,168,154
7.4529999999999996e-06,112,102,160,154
7.4619999999999999e-06,110,102,166,154
7.4709999999999993e-06,110,102,167,154
7.4799999999999995e-06,112,102,179,154
7.4889999999999998e-06,108,102,168,154
7.4979999999999992e-06,110,102,169,154
7.5069999999999994e-06,110,100,173,155
7.5159999999999997e-06,104,100,152,155
7.525e-06,110,100,169,155
7.5339999999999994e-06,112,100,170,155
7.5429999999999996e-06,110,102,160,155
7.5519999999999999e-06,110,102,168,155
7.5609999999999993e-06,112,102,167,155
7.5699999999999995e-06,108,102,165,155
7.5789999999999998e-06,108,102,169,155
7.588e-06,110,102,174,155
7.5969999999999994e-06,108,102,161,155
7.6059999999999997e-06,110,102,164,155
7.6149999999999999e-06,112,102,160,155
7.6239999999999993e-06,110,102,162,155
7.6329999999999996e-06,110,102,167,155
7.641999999999999e-06,108,102,171,155
7.6510000000000001e-06,108,102,167,155
7.6599999999999995e-06,112,102,176,155
7.6689999999999989e-06,112,102,163,155
7.678e-06,110,102,169,155
7.6869999999999994e-06,106,102,162,156
7.6959999999999988e-06,108,102,161,156
7.7049999999999999e-06,110,102,158,156
7.7139999999999993e-06,110,100,160,154
7.7230000000000004e-06,110,100,167,154
7.7319999999999998e-06,112,100,175,154
7.7409999999999992e-06,112,100,162,154
7.7500000000000003e-06,108,100,163,154
7.7589999999999997e-06,110,100,170,154
7.7679999999999991e-06,112,100,172,154
7.7770000000000002e-06,110,100,175,154
7.7859999999999997e-06,110,100,178,154
7.7949999999999991e-06,110,100,174,154
7.8040000000000002e-06,112,100,170,154
7.8129999999999996e-06,110,100,164,154
7.821999999999999e-06,110,100,167,154
7.8310000000000001e-06,112,100,167,154
7.8399999999999995e-06,112,100,173,154
7.8489999999999989e-06,110,100,164,154
7.858e-06,104,100,154,154
7.8669999999999994e-06,110,100,165,154
7.8759999999999988e-06,112,102,164,160
7.8849999999999999e-06,110,102,170,160
7.8939999999999993e-06,112,102,168,160
7.9030000000000004e-06,110,102,167,160
7.9119999999999998e-06,108,102,160,160
7.9209999999999992e-06,114,102,170,160
7.9300000000000003e-06,108,102,173,160
7.9389999999999997e-06,108,102,162,160
7.9479999999999991e-06,110,102,166,160
7.9570000000000002e-06,110,102,157,160
7.9659999999999996e-06,112,102,160,160
7.974999999999999e-06,112,102,180,160
7.9840000000000001e-06,110,102,177,160
7.9929999999999995e-06,110,102,163,160
8.0019999999999989e-06,110,102,160,160
8.011e-06,112,96,177,145
8.0199999999999994e-06,110,96,171,145
8.0289999999999989e-06,112,100,166,146
8.038e-06,106,100,157,146
8.0469999999999994e-06,108,100,171,146
8.0559999999999988e-06,112,100,164,146
8.0649999999999999e-06,110,100,165,146
8.0739999999999993e-06,108,100,164,146
8.0830000000000004e-06,112,100,167,146
8.0919999999999998e-06,104,100,156,146
8.1009999999999992e-06,110,100,168,146
8.1100000000000003e-06,112,100,171,146
8.1189999999999997e-06,110,100,162,146
8.1279999999999991e-06,110,100,166,146
8.1370000000000002e-06,110,100,172,146
8.1459999999999996e-06,110,100,172,146
8.154999999999999e-06,110,100,168,146
8.1640000000000001e-06,108,100,163,146
8.1729999999999995e-06,112,100,164,146
8.1819999999999989e-06,110,100,172,146
8.191e-06,106,102,155,158
8.1999999999999994e-06,112,102,164,158
8.2089999999999988e-06,110,96,168,146
8.2179999999999999e-06,110,96,173,146
8.2269999999999993e-06,112,96,170,146
8.2359999999999987e-06,106,96,164,146
8.2449999999999998e-06,112,96,170,146
8.2539999999999992e-06,112,96,168,146
8.2630000000000003e-06,112,96,163,146
8.2719999999999997e-06,112,96,167,146
8.2809999999999991e-06,112,96,176,146
8.2900000000000002e-06,112,96,171,146
8.2989999999999997e-06,110,96,160,146
8.3079999999999991e-06,110,96,164,146
8.3170000000000002e-06,110,96,170,146
8.3259999999999996e-06,110,96,170,146
8.334999999999999e-06,110,96,155,146
8.3440000000000001e-06,112,96,160,146
8.3529999999999995e-06,104,96,170,146
8.3619999999999989e-06,110,96,176,146
8.371e-06,108,100,165,143
8.3799999999999994e-06,108,100,162,143
8.3889999999999988e-06,112,102,170,159
8.3979999999999999e-06,112,102,180,159
8.4069999999999993e-06,108,102,163,159
8.4160000000000004e-06,110,102,167,159
8.4249999999999998e-06,110,102,168,159
8.4339999999999992e-06,110,102,164,159
8.4430000000000003e-06,112,102,170,159
8.4519999999999997e-06,110,102,167,159
8.4609999999999991e-06,110,102,172,159
8.4700000000000002e-06,108,102,161,159
8.4789999999999996e-06,112,102,170,159
8.487999999999999e-06,112,102,170,159
8.4970000000000001e-06,112,102,171,159
8.5059999999999995e-06,112,102,167,159
8.5149999999999989e-06,110,102,174,159
8.524e-06,108,102,166,159
8.5329999999999994e-06,112,102,172,159
8.5419999999999989e-06,108,102,160,159
8.551e-06,108,100,159,144
8.5599999999999994e-06,110,98,166,149
8.5689999999999988e-06,110,98,165,149
8.5779999999999999e-06,106,98,162,149
8.5869999999999993e-06,110,98,164,149
8.5960000000000004e-06,110,98,171,149
8.6049999999999998e-06,112,98,167,149
8.6139999999999992e-06,110,98,166,149
8.6230000000000003e-06,110,98,169,149
8.6319999999999997e-06,112,98,166,149
8.6409999999999991e-06,108,98,156,149
8.6500000000000002e-06,112,98,182,149
8.6589999999999996e-06,108,98,161,149
8.667999999999999e-06,110,98,166,149
8.6770000000000001e-06,112,98,167,149
8.6859999999999995e-06,112,98,172,149
8.6949999999999989e-06,110,98,168,149
8.704e-06,110,98,155,149
8.7129999999999994e-06,110,98,166,149
8.7219999999999988e-06,110,98,167,149
8.7309999999999999e-06,112,98,173,149
8.7399999999999993e-06,112,100,169,146
8.7489999999999987e-06,110,100,181,146
8.7579999999999998e-06,106,100,165,146
8.7669999999999992e-06,108,100,170,146
8.7760000000000003e-06,106,100,160,146
8.7849999999999997e-06,108,100,172,146
8.7939999999999992e-06,112,100,170,146
8.8030000000000003e-06,112,100,172,146
8.8119999999999997e-06,112,100,170,146
8.8209999999999991e-06,108,100,156,146
8.8300000000000002e-06,106,100,165,146
8.8389999999999996e-06,110,100,158,146
8.847999999999999e-06,112,100,171,146
8.8570000000000001e-06,110,100,170,146
8.8659999999999995e-06,100,100,161,146
8.8749999999999989e-06,110,100,171,146
8.884e-06,112,100,171,146
8.8929999999999994e-06,112,100,178,146
8.9019999999999988e-06,110,100,172,146
8.9109999999999999e-06,106,100,170,146
8.9199999999999993e-06,112,102,177,153
8.9289999999999987e-06,106,102,156,153
8.9379999999999998e-06,110,102,168,153
8.9469999999999992e-06,112,102,180,153
8.9560000000000003e-06,112,102,181,153
8.9649999999999997e-06,110,102,156,153
8.9739999999999991e-06,110,102,159,153
8.9830000000000002e-06,110,102,169,153
8.9919999999999996e-06,110,102,171,153
9.000999999999999e-06,108,102,165,153
9.0100000000000001e-06,108,102,172,153
9.0189999999999995e-06,110,102,177,153
9.0279999999999989e-06,112,102,165,153
9.037e-06,110,102,158,153
9.0459999999999994e-06,110,102,168,153
9.0549999999999989e-06,110,102,163,153
9.064e-06,110,102,166,153
9.0729999999999994e-06,114,102,176,153
9.0819999999999988e-06,108,102,164,153
9.0909999999999999e-06,110,102,169,153
9.0999999999999993e-06,112,100,172,152
9.1090000000000004e-06,104,100,163,152
9.1179999999999998e-06,112,100,174,152
9.1269999999999992e-06,110,100,172,152
9.1360000000000003e-06,110,100,162,152
9.1449999999999997e-06,112,100,161,152
9.1539999999999991e-06,106,100,165,152
9.1630000000000002e-06,110,100,166,152
9.1719999999999996e-06,112,100,158,152
9.180999999999999e-06,110,100,165,152
9.1900000000000001e-06,110,100,164,152
9.1989999999999995e-06,110,100,164,152
9.2079999999999989e-06,110,100,166,152
9.217e-06,96,100,151,152
9.2259999999999994e-06,110,100,173,152
9.2349999999999988e-06,108,100,162,152
9.2439999999999999e-06,110,100,175,152
9.2529999999999993e-06,108,100,160,152
9.2619999999999987e-06,108,100,157,152
9.2709999999999998e-06,114,100,166,152
9.2799999999999992e-06,110,102,160,149
9.2890000000000003e-06,112,102,171,149
9.2979999999999997e-06,108,102,160,149
9.3069999999999992e-06,112,102,171,149
9.3160000000000003e-06,112,102,171,149
9.3249999999999997e-06,112,102,171,149
9.3339999999999991e-06,108,102,168,149
9.3430000000000002e-06,110,102,164,149
9.3519999999999996e-06,106,102,155,149
9.360999999999999e-06,110,102,163,149
9.3700000000000001e-06,110,102,162,149
9.3789999999999995e-06,108,102,162,149
9.3879999999999989e-06,114,102,183,149
9.397e-06,112,102,172,149
9.4059999999999994e-06,112,96,165,150
9.4149999999999988e-06,110,96,169,150
9.4239999999999999e-06,108,96,159,150
9.4329999999999993e-06,110,96,162,150
9.4419999999999987e-06,112,96,175,150
9.4509999999999998e-06,112,96,175,150
9.4599999999999992e-06,112,96,172,150
9.4690000000000003e-06,108,96,164,150
9.4779999999999997e-06,108,96,167,150
9.4869999999999991e-06,110,96,168,150
9.4960000000000002e-06,112,96,174,150
9.5049999999999996e-06,110,96,169,150
9.513999999999999e-06,110,96,170,150
9.5230000000000001e-06,112,96,174,150
9.5319999999999995e-06,110,96,162,150
9.5409999999999989e-06,112,96,173,150
9.55e-06,108,96,161,150
9.5589999999999994e-06,110,96,171,150
9.5679999999999989e-06,112,96,172,150
9.577e-06,110,96,173,150
9.5859999999999994e-06,108,96,160,150
9.5949999999999988e-06,112,96,166,150
9.6039999999999999e-06,110,102,166,152
9.6129999999999993e-06,108,102,162,152
9.6219999999999987e-06,110,102,165,152
9.6309999999999998e-06,112,102,171,152
9.6399999999999992e-06,110,102,170,152
9.6490000000000003e-06,112,102,184,152
9.6579999999999997e-06,108,102,170,152
9.6669999999999991e-06,112,102,169,152
9.6760000000000002e-06,108,102,172,152
9.6849999999999996e-06,110,102,172,152
9.693999999999999e-06,112,102,161,152
9.7030000000000001e-06,114,102,179,152
9.7119999999999995e-06,108,102,159,152
9.7209999999999989e-06,108,102,165,152
9.73e-06,110,102,175,152
9.7389999999999994e-06,114,102,172,152
9.7479999999999988e-06,112,102,164,152
9.7569999999999999e-06,108,102,163,152
9.7659999999999993e-06,110,100,168,153
9.7749999999999987e-06,108,100,162,153
9.7839999999999998e-06,112,100,166,153
9.7929999999999992e-06,106,100,167,153
9.8019999999999986e-06,110,100,171,153
9.8109999999999997e-06,110,100,175,153
9.8199999999999992e-06,106,100,155,153
9.8290000000000003e-06,106,100,166,153
9.8379999999999997e-06,112,100,175,153
9.8469999999999991e-06,112,100,173,153
9.8560000000000002e-06,110,100,162,153
9.8649999999999996e-06,108,100,173,153
9.873999999999999e-06,110,100,158,153
9.8830000000000001e-06,110,100,160,153
9.8919999999999995e-06,108,100,158,153
9.9009999999999989e-06,112,100,174,153
9.91e-06,110,100,173,153
9.9189999999999994e-06,110,100,167,153
9.9279999999999988e-06,108,100,167,153
9.9369999999999999e-06,110,100,170,153
9.9459999999999993e-06,110,100,172,153
9.9549999999999987e-06,112,100,169,153
9.9639999999999998e-06,112,100,165,152
9.9729999999999992e-06,106,100,161,152
9.9820000000000003e-06,110,100,171,152
9.9909999999999997e-06,112,100,168,152
-9.9999999999999995e-07,112,108,173,159
-1.009e-06,110,108,171,159
-1.018e-06,112,110,178,156
-1.0269999999999999e-06,108,110,161,156
-1.0359999999999999e-06,110,112,169,165
-1.0449999999999999e-06,112,112,165,165
-1.054e-06,110,108,163,161
-1.063e-06,110,108,161,161
-1.0719999999999999e-06,110,108,165,163
-1.0809999999999999e-06,108,112,164,183
-1.0899999999999999e-06,110,112,160,183
-1.099e-06,112,112,161,183
-1.108e-06,108,110,162,166
-1.1169999999999999e-06,110,112,172,165
-1.1259999999999999e-06,112,112,181,165
-1.1349999999999999e-06,110,112,169,165
-1.144e-06,110,108,166,168
-1.153e-06,112,112,168,167
-1.1619999999999998e-06,106,112,167,167
-1.1709999999999999e-06,110,112,174,167
-1.1799999999999999e-06,110,112,166,170
-1.189e-06,110,112,164,171
-1.198e-06,112,112,170,171
-1.207e-06,108,112,159,171
-1.2159999999999999e-06,110,110,170,167
-1.2249999999999999e-06,112,112,172,175
-1.234e-06,110,112,171,175
-1.243e-06,112,112,172,175
-1.252e-06,110,112,166,175
-1.2609999999999999e-06,112,112,173,169
-1.2699999999999999e-06,110,112,173,169
-1.279e-06,114,110,165,159
-1.288e-06,108,110,173,159
-1.297e-06,110,112,168,170
-1.3059999999999999e-06,112,112,181,170
-1.3149999999999999e-06,106,112,161,166
-1.3239999999999999e-06,110,108,176,166
-1.333e-06,112,108,170,166
-1.342e-06,110,108,169,166
-1.3509999999999999e-06,110,112,156,172
-1.3599999999999999e-06,110,110,165,168
-1.3689999999999999e-06,112,110,156,168
-1.378e-06,112,110,165,168
-1.387e-06,108,108,161,154
-1.3959999999999998e-06,112,112,172,166
-1.4049999999999999e-06,110,112,165,166
-1.4139999999999999e-06,108,112,163,166
-1.423e-06,104,108,145,163
-1.432e-06,112,110,163,159
-1.4409999999999998e-06,112,110,166,159
-1.4499999999999999e-06,110,110,165,159
-1.4589999999999999e-06,110,110,168,172
-1.468e-06,110,110,170,166
-1.477e-06,110,110,166,166
-1.4859999999999998e-06,108,110,160,166
-1.4949999999999999e-06,112,106,175,157
-1.5039999999999999e-06,110,112,171,167
-1.513e-06,108,112,170,167
-1.522e-06,110,112,162,167
-1.5309999999999998e-06,112,110,169,173
-1.5399999999999999e-06,104,110,152,167
-1.5489999999999999e-06,108,110,167,167
-1.5579999999999999e-06,112,110,166,167
-1.567e-06,112,110,172,176
-1.5759999999999998e-06,108,112,164,165
-1.5849999999999999e-06,110,112,167,165
-1.5939999999999999e-06,110,112,163,165
-1.6029999999999999e-06,106,110,155,173
-1.612e-06,110,110,165,162
-1.621e-06,110,110,171,162
-1.6299999999999999e-06,110,110,170,162
-1.6389999999999999e-06,110,112,169,159
-1.6479999999999999e-06,112,112,165,159
-1.657e-06,112,112,172,159
-1.666e-06,110,112,164,159
-1.6749999999999998e-06,110,108,163,154
-1.6839999999999999e-06,112,108,172,154
-1.6929999999999999e-06,110,108,168,154
-1.702e-06,108,108,171,154
-1.711e-06,108,110,160,163
-1.7199999999999998e-06,110,110,168,163
-1.7289999999999999e-06,110,110,159,163
-1.7379999999999999e-06,112,110,170,163
-1.747e-06,110,106,163,172
-1.756e-06,108,106,162,172
-1.7649999999999998e-06,112,106,167,172
-1.7739999999999999e-06,108,106,180,172
-1.7829999999999999e-06,112,108,163,164
-1.792e-06,110,108,162,164
-1.801e-06,112,108,172,164
-1.8099999999999998e-06,110,108,170,167
-1.8189999999999999e-06,110,108,178,167
-1.8279999999999999e-06,112,108,165,167
-1.8369999999999999e-06,112,108,170,167
-1.846e-06,108,112,171,169
-1.8549999999999998e-06,110,112,175,169
-1.8639999999999999e-06,108,112,164,169
-1.8729999999999999e-06,108,112,177,169
-1.8819999999999999e-06,108,112,174,169
-1.891e-06,108,112,162,169
-1.8999999999999998e-06,112,112,162,169
-1.9089999999999998e-06,112,112,162,169
-1.9180000000000001e-06,110,112,164,169
-1.9269999999999999e-06,108,112,167,164
-1.9359999999999998e-06,108,112,162,164
-1.945e-06,110,112,169,164
-1.9539999999999998e-06,110,108,172,166
-1.9630000000000001e-06,110,108,163,166
-1.9719999999999999e-06,110,108,170,166
-1.9809999999999998e-06,108,108,157,166
-1.99e-06,112,112,176,165
-1.9989999999999998e-06,106,112,159,165
-2.0080000000000001e-06,108,112,159,165
-2.0169999999999999e-06,112,112,158,165
-2.0259999999999997e-06,108,112,164,169
-2.035e-06,110,112,168,169
-2.0439999999999998e-06,110,112,156,169
-2.0530000000000001e-06,112,112,176,169
-2.0619999999999999e-06,112,112,176,172
-2.0709999999999997e-06,110,112,167,172
-2.08e-06,112,112,165,172
-2.0889999999999998e-06,108,112,166,172
-2.0980000000000001e-06,108,110,159,161
-2.1069999999999999e-06,110,110,162,161
-2.1159999999999997e-06,108,110,161,161
-2.125e-06,108,110,168,161
-2.1339999999999998e-06,110,108,170,169
-2.1430000000000001e-06,108,108,163,169
-2.1519999999999999e-06,110,108,171,169
-2.1609999999999997e-06,108,108,168,169
-2.17e-06,108,112,162,172
-2.1789999999999998e-06,112,112,183,172
-2.1880000000000001e-06,112,112,168,172
-2.1969999999999999e-06,108,112,159,172
-2.2059999999999997e-06,112,112,162,166
-2.215e-06,110,112,166,166
-2.2239999999999998e-06,110,112,168,166
-2.2330000000000001e-06,110,110,167,178
-2.2419999999999999e-06,110,110,171,178
-2.2509999999999997e-06,112,110,165,178
-2.26e-06,108,110,167,178
-2.2689999999999998e-06,108,110,162,178
-2.278e-06,108,110,168,167
-2.2869999999999999e-06,108,110,168,167
-2.2959999999999997e-06,110,110,160,167
-2.305e-06,110,110,164,166
-2.3139999999999998e-06,112,110,166,166
-2.323e-06,112,110,167,166
-2.3319999999999999e-06,110,110,174,166
-2.3409999999999997e-06,112,110,170,166
-2.3499999999999999e-06,110,112,167,173
-2.3589999999999998e-06,112,112,170,173
-2.368e-06,110,112,170,175
-2.3769999999999999e-06,112,112,167,175
-2.3859999999999997e-06,110,112,153,175
-2.3949999999999999e-06,112,112,171,175
-2.4039999999999998e-06,108,112,164,175
-2.413e-06,110,112,158,175
-2.4219999999999999e-06,110,108,167,164
-2.4309999999999997e-06,112,108,177,164
-2.4399999999999999e-06,110,110,170,158
-2.4489999999999998e-06,110,110,167,158
-2.458e-06,112,110,175,158
-2.4669999999999998e-06,106,110,157,158
-2.4759999999999997e-06,110,110,157,158
-2.4849999999999999e-06,108,110,173,158
-2.4939999999999998e-06,112,110,175,170
-2.503e-06,110,110,174,170
-2.5119999999999998e-06,108,112,171,174
-2.5209999999999997e-06,108,112,165,174
-2.5299999999999999e-06,112,112,169,174
-2.5389999999999997e-06,112,112,173,174
-2.548e-06,110,112,168,174
-2.5569999999999998e-06,110,112,171,177
-2.5660000000000001e-06,110,112,159,177
-2.5749999999999999e-06,110,112,169,177
-2.5839999999999997e-06,106,108,165,165
-2.593e-06,110,108,164,165
-2.6019999999999998e-06,112,108,170,165
-2.6110000000000001e-06,110,108,164,165
-2.6199999999999999e-06,110,108,171,165
-2.6289999999999997e-06,112,110,173,165
-2.638e-06,112,110,166,165
-2.6469999999999998e-06,112,110,158,165
-2.6560000000000001e-06,108,110,175,158
-2.6649999999999999e-06,112,110,166,158
-2.6739999999999997e-06,108,110,166,158
-2.683e-06,110,110,166,158
-2.6919999999999998e-06,110,110,166,158
-2.7010000000000001e-06,112,110,172,164
-2.7099999999999999e-06,112,110,167,164
-2.7189999999999997e-06,106,112,162,170
-2.728e-06,112,112,162,170
-2.7369999999999998e-06,110,112,168,170
-2.7460000000000001e-06,112,112,171,170
-2.7549999999999999e-06,110,112,156,170
-2.7639999999999997e-06,112,112,165,170
-2.773e-06,108,112,154,170
-2.7819999999999998e-06,110,112,164,164
-2.791e-06,106,110,154,162
-2.7999999999999999e-06,112,110,169,162
-2.8089999999999997e-06,112,110,166,162
-2.818e-06,112,110,175,162
-2.8269999999999998e-06,110,110,179,162
-2.836e-06,106,110,160,162
-2.8449999999999999e-06,108,110,163,172
-2.8539999999999997e-06,112,110,161,172
-2.8629999999999999e-06,112,110,170,171
-2.8719999999999998e-06,110,110,170,171
-2.881e-06,110,110,159,171
-2.8899999999999999e-06,110,110,171,171
-2.8989999999999997e-06,110,110,172,171
-2.9079999999999999e-06,110,110,174,171
-2.9169999999999998e-06,110,110,172,168
-2.926e-06,112,108,164,159
-2.9349999999999999e-06,108,108,165,159
-2.9439999999999997e-06,110,108,172,159
-2.9529999999999999e-06,110,108,166,159
-2.9619999999999998e-06,106,108,163,159
-2.971e-06,110,108,168,159
-2.9799999999999998e-06,112,108,170,159
-2.9889999999999997e-06,106,112,157,176
-2.9979999999999999e-06,108,110,165,166
-3.0069999999999998e-06,110,110,172,166
-3.016e-06,110,110,175,166
-3.0249999999999998e-06,112,110,167,166
-3.0339999999999997e-06,110,110,161,166
-3.0429999999999999e-06,110,110,161,166
-3.0519999999999997e-06,108,110,166,166
-3.061e-06,110,104,173,165
-3.0699999999999998e-06,108,106,165,159
-3.0789999999999997e-06,110,106,174,159
-3.0879999999999999e-06,112,106,170,159
-3.0969999999999997e-06,110,106,167,159
-3.106e-06,108,106,153,159
-3.1149999999999998e-06,110,106,163,159
-3.1239999999999997e-06,110,108,168,160
-3.1329999999999999e-06,110,110,176,167
-3.1419999999999997e-06,112,110,177,167
-3.151e-06,110,110,163,167
-3.1599999999999998e-06,112,110,172,167
-3.1689999999999996e-06,112,110,165,167
-3.1779999999999999e-06,108,110,165,167
-3.1869999999999997e-06,106,110,153,167
-3.196e-06,110,110,170,164
-3.2049999999999998e-06,110,110,173,160
-3.2139999999999996e-06,112,110,171,160
-3.2229999999999999e-06,112,110,169,160
-3.2319999999999997e-06,110,110,171,160
-3.241e-06,110,110,162,160
-3.2499999999999998e-06,112,110,168,160
-3.2589999999999996e-06,112,110,165,160
-3.2679999999999999e-06,112,110,176,160
-3.2769999999999997e-06,110,112,167,168
-3.286e-06,110,112,166,168
-3.2949999999999998e-06,112,112,180,168
-3.304e-06,112,112,159,168
-3.3129999999999999e-06,110,112,166,168
-3.3219999999999997e-06,108,112,165,168
-3.331e-06,108,112,163,168
-3.3399999999999998e-06,110,112,156,168
-3.349e-06,106,114,154,179
-3.3579999999999999e-06,110,114,173,179
-3.3669999999999997e-06,110,114,165,179
-3.3759999999999999e-06,108,114,154,179
-3.3849999999999998e-06,110,114,164,179
-3.394e-06,110,114,157,179
-3.4029999999999999e-06,112,114,169,179
-3.4119999999999997e-06,110,110,158,166
-3.4209999999999999e-06,110,112,172,168
-3.4299999999999998e-06,110,112,174,168
-3.439e-06,110,112,169,168
-3.4479999999999999e-06,110,112,163,168
-3.4569999999999997e-06,108,112,152,168
-3.4659999999999999e-06,110,112,175,168
-3.4749999999999998e-06,112,112,176,168
-3.484e-06,112,110,179,171
-3.4929999999999998e-06,114,110,172,171
-3.5019999999999997e-06,110,110,166,171
-3.5109999999999999e-06,112,110,167,171
-3.5199999999999998e-06,106,110,172,171
-3.529e-06,112,110,164,171
-3.5379999999999998e-06,106,110,163,171
-3.5469999999999997e-06,112,110,168,171
-3.5559999999999999e-06,108,114,165,175
-3.5649999999999997e-06,112,114,170,175
-3.574e-06,112,114,173,175
-3.5829999999999998e-06,108,114,164,175
-3.5919999999999997e-06,112,114,169,175
-3.6009999999999999e-06,110,114,161,175
-3.6099999999999997e-06,104,114,150,175
-3.619e-06,106,114,163,175
-3.6279999999999998e-06,110,110,167,166
-3.6369999999999997e-06,112,110,169,166
-3.6459999999999999e-06,112,110,180,166
-3.6549999999999997e-06,108,110,167,166
-3.664e-06,112,110,160,166
-3.6729999999999998e-06,112,110,177,166
-3.6819999999999996e-06,112,110,174,166
-3.6909999999999999e-06,108,112,168,173
-3.6999999999999997e-06,110,112,160,173
-3.709e-06,110,112,169,173
-3.7179999999999998e-06,106,112,165,173
-3.7269999999999996e-06,112,112,169,173
-3.7359999999999999e-06,110,112,170,173
-3.7449999999999997e-06,112,112,158,173
-3.754e-06,112,112,174,173
-3.7629999999999998e-06,110,112,166,173
-3.7719999999999996e-06,112,108,166,165
-3.7809999999999999e-06,108,108,156,165
-3.7899999999999997e-06,110,108,167,165
-3.799e-06,112,108,169,165
-3.8079999999999998e-06,112,108,165,165
-3.817e-06,112,108,171,165
-3.8259999999999995e-06,112,108,164,165
-3.8349999999999997e-06,112,112,166,168
-3.844e-06,110,112,168,168
-3.8530000000000002e-06,108,112,165,168
-3.8619999999999996e-06,112,112,164,168
-3.8709999999999999e-06,110,112,160,168
-3.8800000000000001e-06,110,112,164,168
-3.8889999999999995e-06,110,112,168,168
-3.8979999999999998e-06,112,112,170,168
-3.907e-06,110,112,169,168
-3.9159999999999994e-06,112,112,173,162
-3.9249999999999997e-06,108,112,160,162
-3.9339999999999999e-06,108,112,166,162
-3.9430000000000002e-06,108,112,164,162
-3.9519999999999996e-06,108,112,170,162
-3.9609999999999999e-06,112,112,176,162
-3.9700000000000001e-06,112,112,171,162
-3.9789999999999995e-06,108,110,163,169
-3.9879999999999998e-06,110,110,159,169
-3.997e-06,110,110,172,169
-4.0059999999999994e-06,112,110,165,169
-4.0149999999999997e-06,108,110,170,169
-4.0239999999999999e-06,110,110,169,169
-4.0330000000000002e-06,110,110,169,169
-4.0419999999999996e-06,110,110,177,169
-4.0509999999999998e-06,110,110,164,162
-4.0600000000000001e-06,110,110,166,162
-4.0689999999999995e-06,110,110,176,162
-4.0779999999999997e-06,112,110,169,162
-4.087e-06,112,110,173,162
-4.0959999999999994e-06,108,110,164,162
-4.1049999999999997e-06,108,110,162,162
-4.1139999999999999e-06,110,110,160,172
-4.1230000000000002e-06,112,110,168,172
-4.1319999999999996e-06,110,110,160,172
-4.1409999999999998e-06,110,110,163,172
-4.1500000000000001e-06,112,110,172,172
-4.1589999999999995e-06,112,110,172,172
-4.1679999999999997e-06,108,110,160,172
-4.177e-06,110,110,170,172
-4.1859999999999994e-06,112,110,170,172
-4.1949999999999996e-06,112,110,173,162
-4.2039999999999999e-06,110,110,165,162
-4.2130000000000002e-06,110,110,169,162
-4.2219999999999996e-06,110,110,161,162
-4.2309999999999998e-06,108,110,163,162
-4.2400000000000001e-06,110,110,163,162
-4.2489999999999995e-06,112,106,174,158
-4.2579999999999997e-06,110,106,161,158
-4.267e-06,110,106,173,158
-4.2759999999999994e-06,112,106,172,158
-4.2849999999999996e-06,112,106,172,158
-4.2939999999999999e-06,108,106,169,158
-4.3030000000000001e-06,110,106,166,158
-4.3119999999999995e-06,110,106,170,158
-4.3209999999999998e-06,112,106,171,158
-4.33e-06,108,106,165,158
-4.3389999999999995e-06,108,110,154,170
-4.3479999999999997e-06,110,110,163,170
-4.357e-06,112,110,172,170
-4.3659999999999994e-06,112,110,172,170
-4.3749999999999996e-06,112,110,173,170
-4.3839999999999999e-06,108,110,168,170
-4.3930000000000001e-06,108,100,168,149
-4.4019999999999995e-06,112,100,177,149
-4.4109999999999998e-06,110,100,166,149
-4.42e-06,108,100,165,149
-4.4289999999999994e-06,112,100,166,149
-4.4379999999999997e-06,112,100,166,149
-4.4469999999999999e-06,110,100,160,149
-4.4559999999999993e-06,108,100,168,149
-4.4649999999999996e-06,110,100,171,149
-4.4739999999999999e-06,108,100,167,149
-4.4830000000000001e-06,110,108,165,164
-4.4919999999999995e-06,110,108,170,164
-4.5009999999999998e-06,110,108,178,164
-4.51e-06,108,108,166,164
-4.5189999999999994e-06,106,108,164,164
-4.5279999999999997e-06,108,112,169,169
-4.5369999999999999e-06,110,112,161,169
-4.5460000000000002e-06,110,112,162,169
-4.5549999999999996e-06,106,112,164,169
-4.5639999999999998e-06,112,112,165,169
-4.5730000000000001e-06,110,112,167,169
-4.5819999999999995e-06,112,112,172,169
-4.5909999999999998e-06,112,112,170,169
-4.6e-06,112,112,170,169
-4.6089999999999994e-06,110,112,170,169
-4.6179999999999997e-06,110,112,169,169
-4.6269999999999999e-06,112,110,169,162
-4.6360000000000002e-06,112,110,161,162
-4.6449999999999996e-06,110,110,166,162
-4.6539999999999998e-06,110,110,177,162
-4.6630000000000001e-06,112,110,168,162
-4.6719999999999995e-06,108,108,169,163
-4.6809999999999997e-06,110,108,169,163
-4.69e-06,110,108,164,163
-4.6989999999999994e-06,106,108,156,163
-4.7079999999999996e-06,112,108,173,163
-4.7169999999999999e-06,112,108,165,163
-4.7260000000000002e-06,112,108,180,163
-4.7349999999999996e-06,112,108,169,163
-4.7439999999999998e-06,110,108,163,163
-4.7530000000000001e-06,110,108,168,163
-4.7619999999999995e-06,112,110,169,166
-4.7709999999999997e-06,112,110,169,166
-4.78e-06,112,110,175,166
-4.7889999999999994e-06,112,110,160,166
-4.7979999999999996e-06,110,110,169,166
-4.8069999999999999e-06,112,114,171,175
-4.8160000000000001e-06,112,114,169,175
-4.8249999999999995e-06,112,114,167,175
-4.8339999999999998e-06,108,114,155,175
-4.843e-06,112,114,171,175
-4.8519999999999995e-06,108,114,164,175
-4.8609999999999997e-06,106,114,155,175
-4.87e-06,110,114,165,175
-4.8789999999999994e-06,110,114,162,175
-4.8879999999999996e-06,108,114,162,175
-4.8969999999999999e-06,112,114,170,175
-4.9060000000000001e-06,112,112,171,164
-4.9149999999999995e-06,112,112,165,164
-4.9239999999999998e-06,110,112,158,164
-4.933e-06,110,112,174,164
-4.9419999999999994e-06,110,112,163,164
-4.9509999999999997e-06,110,112,167,182
-4.9599999999999999e-06,112,112,163,182
-4.9689999999999994e-06,112,112,166,182
-4.9779999999999996e-06,112,112,165,182
-4.9869999999999999e-06,110,112,170,182
-4.9960000000000001e-06,112,112,175,182
-5.0049999999999995e-06,108,100,170,151
-5.0139999999999998e-06,108,100,164,151
-5.023e-06,112,100,174,151
-5.0319999999999994e-06,110,100,168,151
-5.0409999999999997e-06,106,100,158,151
-5.0499999999999999e-06,110,100,158,151
-5.0589999999999993e-06,112,100,174,154
-5.0679999999999996e-06,110,100,172,154
-5.0769999999999998e-06,110,100,160,154
-5.0860000000000001e-06,108,100,167,151
-5.0949999999999995e-06,110,100,164,151
-5.1039999999999998e-06,108,100,162,151
-5.113e-06,108,100,159,151
-5.1219999999999994e-06,110,100,173,151
-5.1309999999999997e-06,112,100,177,151
-5.1399999999999999e-06,110,100,177,151
-5.1489999999999993e-06,110,100,161,151
-5.1579999999999996e-06,108,100,163,151
-5.1669999999999998e-06,112,100,170,151
-5.1760000000000001e-06,110,100,172,151
-5.1849999999999995e-06,112,100,173,151
-5.1939999999999997e-06,110,100,167,155
-5.203e-06,108,100,165,155
-5.2119999999999994e-06,112,100,178,155
-5.2209999999999996e-06,108,100,169,155
-5.2299999999999999e-06,108,100,160,155
-5.2390000000000002e-06,112,100,169,155
-5.2479999999999996e-06,106,100,162,155
-5.2569999999999998e-06,112,100,174,155
-5.2660000000000001e-06,112,102,169,155
-5.2749999999999995e-06,110,102,165,155
-5.2839999999999997e-06,110,102,169,155
-5.293e-06,110,102,167,155
-5.3019999999999994e-06,108,102,161,155
-5.3109999999999996e-06,110,102,175,155
-5.3199999999999999e-06,112,102,172,155
-5.3290000000000001e-06,110,102,168,155
-5.3379999999999995e-06,112,102,171,155
-5.3469999999999998e-06,110,102,158,155
-5.356e-06,110,102,167,155
-5.3649999999999995e-06,112,102,165,155
-5.3739999999999997e-06,108,100,169,161
-5.383e-06,110,100,160,161
-5.3919999999999994e-06,110,100,166,161
-5.4009999999999996e-06,108,100,168,161
-5.4099999999999999e-06,108,100,165,161
-5.4190000000000001e-06,110,100,164,161
-5.4279999999999995e-06,106,100,158,161
-5.4369999999999998e-06,114,100,180,161
-5.446e-06,108,102,165,151
-5.4549999999999994e-06,110,102,162,151
-5.4639999999999997e-06,110,102,166,151
-5.4729999999999999e-06,108,102,158,151
-5.4819999999999994e-06,110,102,168,151
-5.4909999999999996e-06,112,102,170,151
-5.4999999999999999e-06,108,102,161,151
-5.5090000000000001e-06,106,102,167,151
-5.5179999999999995e-06,104,102,149,151
-5.5269999999999998e-06,110,102,168,151
-5.536e-06,110,102,178,151
-5.5449999999999994e-06,112,102,158,151
-5.5539999999999997e-06,112,102,164,152
-5.5629999999999999e-06,110,102,163,152
-5.5719999999999993e-06,110,102,179,152
-5.5809999999999996e-06,106,102,166,152
-5.5899999999999998e-06,112,102,165,152
-5.5990000000000001e-06,110,102,159,152
-5.6079999999999995e-06,108,102,170,152
-5.6169999999999998e-06,110,102,161,152
-5.626e-06,110,102,162,163
-5.6349999999999994e-06,110,102,171,163
-5.6439999999999997e-06,110,102,159,163
-5.6529999999999999e-06,110,102,168,163
-5.6619999999999993e-06,110,102,168,163
-5.6709999999999996e-06,110,102,169,163
-5.6799999999999998e-06,108,102,161,163
-5.6890000000000001e-06,110,102,161,163
-5.6979999999999995e-06,110,102,172,163
-5.7069999999999997e-06,112,102,172,163
-5.716e-06,110,102,160,163
-5.7249999999999994e-06,108,102,158,163
-5.7339999999999996e-06,112,102,172,152
-5.7429999999999999e-06,112,102,172,152
-5.7519999999999993e-06,110,102,168,152
-5.7609999999999996e-06,108,102,162,152
-5.7699999999999998e-06,110,102,171,152
-5.7790000000000001e-06,110,102,166,152
-5.7879999999999995e-06,110,102,161,152
-5.7969999999999997e-06,110,102,166,152
-5.806e-06,112,100,182,150
-5.8149999999999994e-06,112,100,171,150
-5.8239999999999996e-06,112,100,169,150
-5.8329999999999999e-06,110,100,168,150
-5.8419999999999993e-06,110,100,168,150
-5.8509999999999995e-06,110,100,166,150
-5.8599999999999998e-06,110,100,161,150
-5.8690000000000001e-06,106,100,147,150
-5.8779999999999995e-06,110,100,168,150
-5.8869999999999997e-06,110,100,159,150
-5.896e-06,108,100,166,150
-5.9049999999999994e-06,108,100,159,150
-5.9139999999999996e-06,110,100,170,150
-5.9229999999999999e-06,108,102,162,159
-5.9319999999999993e-06,110,102,162,159
-5.9409999999999995e-06,112,102,172,159
-5.9499999999999998e-06,110,102,171,159
-5.959e-06,106,102,159,159
-5.9679999999999994e-06,108,102,169,159
-5.9769999999999997e-06,112,96,176,148
-5.9859999999999999e-06,108,96,171,148
-5.9949999999999994e-06,110,96,174,148
-6.0039999999999996e-06,112,96,178,148
-6.0129999999999999e-06,106,96,155,148
-6.0220000000000001e-06,110,96,165,148
-6.0309999999999995e-06,108,96,168,148
-6.0399999999999998e-06,108,96,168,148
-6.049e-06,110,96,166,148
-6.0579999999999994e-06,110,96,170,148
-6.0669999999999997e-06,110,96,167,148
-6.0759999999999999e-06,108,96,163,148
-6.0849999999999993e-06,112,96,170,148
-6.0939999999999996e-06,110,96,162,148
-6.1029999999999998e-06,112,100,168,149
-6.1120000000000001e-06,104,100,165,149
-6.1209999999999995e-06,112,100,170,149
-6.1299999999999998e-06,112,100,169,149
-6.139e-06,106,100,158,149
-6.1479999999999994e-06,112,100,172,149
-6.1569999999999997e-06,112,96,171,141
-6.1659999999999999e-06,108,96,165,141
-6.1749999999999993e-06,108,96,153,141
-6.1839999999999996e-06,106,96,159,141
-6.1929999999999998e-06,110,96,164,141
-6.2020000000000001e-06,112,96,164,141
-6.2109999999999995e-06,112,96,173,141
-6.2199999999999997e-06,112,96,164,141
-6.229e-06,110,96,167,141
-6.2379999999999994e-06,110,96,167,141
-6.2469999999999997e-06,108,96,166,141
-6.2559999999999999e-06,108,96,160,141
-6.2649999999999993e-06,110,96,168,141
-6.2739999999999996e-06,110,96,167,141
-6.2829999999999998e-06,108,102,165,149
-6.2920000000000001e-06,108,102,164,149
-6.3009999999999995e-06,108,102,167,149
-6.3099999999999997e-06,112,102,164,149
-6.319e-06,112,102,183,149
-6.3279999999999994e-06,110,102,167,149
-6.3369999999999996e-06,112,100,171,150
-6.3459999999999999e-06,110,100,163,150
-6.3549999999999993e-06,110,100,164,150
-6.3639999999999995e-06,110,100,160,150
-6.3729999999999998e-06,110,100,175,150
-6.3820000000000001e-06,110,100,176,150
-6.3909999999999995e-06,112,100,164,150
-6.3999999999999997e-06,110,100,164,150
-6.409e-06,112,100,166,150
-6.4179999999999994e-06,112,100,174,150
-6.4269999999999996e-06,110,100,172,150
-6.4359999999999999e-06,110,100,178,150
-6.4449999999999993e-06,108,100,163,150
-6.4539999999999995e-06,112,100,171,150
-6.4629999999999998e-06,110,100,165,153
-6.472e-06,110,100,160,157
-6.4809999999999994e-06,112,100,169,157
-6.4899999999999997e-06,112,100,170,157
-6.4989999999999999e-06,104,100,161,157
-6.5079999999999994e-06,108,100,161,157
-6.5169999999999996e-06,112,100,166,157
-6.5259999999999999e-06,108,100,163,157
-6.5349999999999993e-06,110,100,177,157
-6.5439999999999995e-06,112,100,168,157
-6.5529999999999998e-06,110,100,170,157
-6.562e-06,110,100,168,157
-6.5709999999999994e-06,110,100,172,157
-6.5799999999999997e-06,112,100,169,157
-6.5889999999999999e-06,108,100,161,157
-6.5979999999999993e-06,110,102,167,155
-6.6069999999999996e-06,108,102,168,155
-6.6159999999999998e-06,112,102,168,155
-6.6249999999999993e-06,110,102,167,155
-6.6339999999999995e-06,110,102,160,155
-6.6429999999999998e-06,112,102,173,155
-6.652e-06,110,98,166,143
-6.6609999999999994e-06,110,98,165,143
-6.6699999999999997e-06,110,98,170,143
-6.6789999999999999e-06,112,98,175,143
-6.6879999999999993e-06,112,98,160,143
-6.6969999999999996e-06,108,98,168,143
-6.7059999999999998e-06,110,98,170,143
-6.7149999999999992e-06,110,98,159,143
-6.7239999999999995e-06,110,98,168,143
-6.7329999999999997e-06,110,98,163,143
-6.742e-06,106,98,158,143
-6.7509999999999994e-06,114,98,179,143
-6.7599999999999997e-06,110,98,172,143
-6.7689999999999999e-06,110,98,174,143
-6.7779999999999993e-06,112,98,171,145
-6.7869999999999996e-06,110,98,166,145
-6.7959999999999998e-06,110,98,160,145
-6.8050000000000001e-06,110,98,165,145
-6.8139999999999995e-06,114,98,176,145
-6.8229999999999997e-06,110,98,166,144
-6.832e-06,106,98,168,144
-6.8409999999999994e-06,112,98,168,144
-6.8499999999999996e-06,112,98,170,144
-6.8589999999999999e-06,112,98,169,144
-6.8679999999999993e-06,110,98,158,144
-6.8769999999999995e-06,106,98,149,144
-6.8859999999999998e-06,108,98,167,144
-6.8950000000000001e-06,112,98,168,144
-6.9039999999999995e-06,112,98,175,144
-6.9129999999999997e-06,110,98,170,144
-6.922e-06,110,98,179,144
-6.9309999999999994e-06,110,98,165,144
-6.9399999999999996e-06,108,98,157,144
-6.9489999999999999e-06,110,98,163,144
-6.9579999999999993e-06,110,98,168,144
-6.9669999999999995e-06,108,100,175,147
-6.9759999999999998e-06,108,100,165,147
-6.985e-06,110,100,173,147
-6.9939999999999994e-06,110,100,168,147
-7.0029999999999997e-06,108,102,164,148
-7.0119999999999999e-06,112,102,177,148
-7.0209999999999994e-06,110,102,168,148
-7.0299999999999996e-06,110,102,171,148
-7.0389999999999999e-06,110,102,173,148
-7.0479999999999993e-06,112,102,179,148
-7.0569999999999995e-06,108,102,156,148
-7.0659999999999998e-06,110,102,173,148
-7.075e-06,104,102,157,148
-7.0839999999999994e-06,112,102,171,148
-7.0929999999999997e-06,108,102,162,148
-7.1019999999999999e-06,108,102,169,148
-7.1109999999999993e-06,112,102,170,148
-7.1199999999999996e-06,110,102,172,148
-7.1289999999999998e-06,112,102,176,148
-7.1379999999999993e-06,110,102,161,148
-7.1469999999999995e-06,110,98,166,150
-7.1559999999999998e-06,112,98,176,150
-7.165e-06,112,98,176,150
-7.1739999999999994e-06,114,98,175,150
-7.1829999999999997e-06,108,98,161,135
-7.1919999999999999e-06,110,98,163,135
-7.2009999999999993e-06,112,98,167,135
-7.2099999999999996e-06,110,98,170,135
-7.2189999999999998e-06,108,98,162,135
-7.2279999999999992e-06,110,98,166,135
-7.2369999999999995e-06,112,98,177,135
-7.2459999999999997e-06,112,98,157,135
-7.255e-06,110,98,159,135
-7.2639999999999994e-06,110,98,163,135
-7.2729999999999997e-06,108,98,155,135
-7.2819999999999999e-06,110,98,170,135
-7.2909999999999993e-06,110,98,159,135
-7.2999999999999996e-06,100,98,146,135
-7.3089999999999998e-06,110,98,166,135
-7.3179999999999992e-06,110,98,174,135
-7.3269999999999995e-06,106,100,168,150
-7.3359999999999997e-06,110,100,176,150
-7.345e-06,110,100,165,150
-7.3539999999999994e-06,110,100,166,150
-7.3629999999999996e-06,112,102,172,162
-7.3719999999999999e-06,110,102,167,162
-7.3809999999999993e-06,110,102,162,162
-7.3899999999999995e-06,110,102,179,162
-7.3989999999999998e-06,110,102,167,162
-7.4079999999999992e-06,106,102,160,162
-7.4169999999999995e-06,110,102,174,162
-7.4259999999999997e-06,106,102,161,162
-7.435e-06,110,102,164,162
-7.4439999999999994e-06,110,102,157,162
-7.4529999999999996e-06,112,102,173,162
-7.4619999999999999e-06,110,102,168,162
-7.4709999999999993e-06,110,102,164,162
-7.4799999999999995e-06,112,102,170,162
-7.4889999999999998e-06,108,102,170,162
-7.4979999999999992e-06,110,102,162,162
-7.5069999999999994e-06,110,100,180,151
-7.5159999999999997e-06,104,100,162,151
-7.525e-06,110,100,174,151
-7.5339999999999994e-06,112,100,173,151
-7.5429999999999996e-06,110,102,176,150
-7.5519999999999999e-06,110,102,166,150
-7.5609999999999993e-06,112,102,163,150
-7.5699999999999995e-06,108,102,164,150
-7.5789999999999998e-06,108,102,166,150
-7.588e-06,110,102,164,150
-7.5969999999999994e-06,108,102,165,150
-7.6059999999999997e-06,110,102,174,150
-7.6149999999999999e-06,112,102,162,150
-7.6239999999999993e-06,110,102,160,150
-7.6329999999999996e-06,110,102,166,150
-7.641999999999999e-06,108,102,171,150
-7.6510000000000001e-06,108,102,162,150
-7.6599999999999995e-06,112,102,170,150
-7.6689999999999989e-06,112,102,167,150
-7.678e-06,110,102,171,150
-7.6869999999999994e-06,106,102,164,154
-7.6959999999999988e-06,108,102,157,154
-7.7049999999999999e-06,110,102,170,154
-7.7139999999999993e-06,110,100,166,153
-7.7230000000000004e-06,110,100,173,153
-7.7319999999999998e-06,112,100,175,153
-7.7409999999999992e-06,112,100,168,153
-7.7500000000000003e-06,108,100,156,153
-7.7589999999999997e-06,110,100,166,153
-7.7679999999999991e-06,112,100,163,153
-7.7770000000000002e-06,110,100,169,153
-7.7859999999999997e-06,110,100,173,153
-7.7949999999999991e-06,110,100,160,153
-7.8040000000000002e-06,112,100,174,153
-7.8129999999999996e-06,110,100,161,153
-7.821999999999999e-06,110,100,163,153
-7.8310000000000001e-06,112,100,178,153
-7.8399999999999995e-06,112,100,163,153
-7.8489999999999989e-06,110,100,168,153
-7.858e-06,104,100,162,153
-7.8669999999999994e-06,110,100,173,153
-7.8759999999999988e-06,112,102,162,151
-7.8849999999999999e-06,110,102,172,151
-7.8939999999999993e-06,112,102,160,151
-7.9030000000000004e-06,110,102,172,151
-7.9119999999999998e-06,108,102,158,151
-7.9209999999999992e-06,114,102,175,151
-7.9300000000000003e-06,108,102,171,151
-7.9389999999999997e-06,108,102,162,151
-7.9479999999999991e-06,110,102,170,151
-7.9570000000000002e-06,110,102,157,151
-7.9659999999999996e-06,112,102,169,151
-7.974999999999999e-06,112,102,175,151
-7.9840000000000001e-06,110,102,172,151
-7.9929999999999995e-06,110,102,167,151
-8.0019999999999989e-06,110,102,169,151
-8.011e-06,112,96,173,146
-8.0199999999999994e-06,110,96,169,146
-8.0289999999999989e-06,112,100,173,150
-8.038e-06,106,100,166,150
-8.0469999999999994e-06,108,100,165,150
-8.0559999999999988e-06,112,100,181,150
-8.0649999999999999e-06,110,100,162,150
-8.0739999999999993e-06,108,100,167,150
-8.0830000000000004e-06,112,100,165,150
-8.0919999999999998e-06,104,100,156,150
-8.1009999999999992e-06,110,100,164,150
-8.1100000000000003e-06,112,100,177,150
-8.1189999999999997e-06,110,100,171,150
-8.1279999999999991e-06,110,100,177,150
-8.1370000000000002e-06,110,100,170,150
-8.1459999999999996e-06,110,100,172,150
-8.154999999999999e-06,110,100,162,150
-8.1640000000000001e-06,108,100,159,150
-8.1729999999999995e-06,112,100,177,150
-8.1819999999999989e-06,110,100,162,150
-8.191e-06,106,102,162,152
-8.1999999999999994e-06,112,102,161,152
-8.2089999999999988e-06,110,96,163,145
-8.2179999999999999e-06,110,96,171,145
-8.2269999999999993e-06,112,96,170,145
-8.2359999999999987e-06,106,96,161,145
-8.2449999999999998e-06,112,96,162,145
-8.2539999999999992e-06,112,96,168,145
-8.2630000000000003e-06,112,96,168,145
-8.2719999999999997e-06,112,96,169,145
-8.2809999999999991e-06,112,96,168,145
-8.2900000000000002e-06,112,96,164,145
-8.2989999999999997e-06,110,96,172,145
-8.3079999999999991e-06,110,96,169,145
-8.3170000000000002e-06,110,96,168,145
-8.3259999999999996e-06,110,96,172,145
-8.334999999999999e-06,110,96,170,145
-8.3440000000000001e-06,112,96,163,145
-8.3529999999999995e-06,104,96,157,145
-8.3619999999999989e-06,110,96,157,145
-8.371e-06,108,100,157,147
-8.3799999999999994e-06,108,100,170,147
-8.3889999999999988e-06,112,102,160,147
-8.3979999999999999e-06,112,102,169,147
-8.4069999999999993e-06,108,102,161,147
-8.4160000000000004e-06,110,102,171,147
-8.4249999999999998e-06,110,102,168,147
-8.4339999999999992e-06,110,102,162,147
-8.4430000000000003e-06,112,102,170,147
-8.4519999999999997e-06,110,102,169,147
-8.4609999999999991e-06,110,102,162,147
-8.4700000000000002e-06,108,102,167,147
-8.4789999999999996e-06,112,102,169,147
-8.487999999999999e-06,112,102,173,147
-8.4970000000000001e-06,112,102,156,147
-8.5059999999999995e-06,112,102,164,147
-8.5149999999999989e-06,110,102,164,147
-8.524e-06,108,102,156,147
-8.5329999999999994e-06,112,102,172,147
-8.5419999999999989e-06,108,102,165,147
-8.551e-06,108,100,168,146
-8.5599999999999994e-06,110,98,167,148
-8.5689999999999988e-06,110,98,164,148
-8.5779999999999999e-06,106,98,158,148
-8.5869999999999993e-06,110,98,160,148
-8.5960000000000004e-06,110,98,161,148
-8.6049999999999998e-06,112,98,179,148
-8.6139999999999992e-06,110,98,171,148
-8.6230000000000003e-06,110,98,175,148
-8.6319999999999997e-06,112,98,164,148
-8.6409999999999991e-06,108,98,172,148
-8.6500000000000002e-06,112,98,163,148
-8.6589999999999996e-06,108,98,163,148
-8.667999999999999e-06,110,98,158,148
-8.6770000000000001e-06,112,98,170,148
-8.6859999999999995e-06,112,98,155,148
-8.6949999999999989e-06,110,98,164,148
-8.704e-06,110,98,158,148
-8.7129999999999994e-06,110,98,161,148
-8.7219999999999988e-06,110,98,170,148
-8.7309999999999999e-06,112,98,170,148
-8.7399999999999993e-06,112,100,179,158
-8.7489999999999987e-06,110,100,156,158
-8.7579999999999998e-06,106,100,163,158
-8.7669999999999992e-06,108,100,160,158
-8.7760000000000003e-06,106,100,160,158
-8.7849999999999997e-06,108,100,159,158
-8.7939999999999992e-06,112,100,170,158
-8.8030000000000003e-06,112,100,169,158
-8.8119999999999997e-06,112,100,176,158
-8.8209999999999991e-06,108,100,162,158
-8.8300000000000002e-06,106,100,159,158
-8.8389999999999996e-06,110,100,170,158
-8.847999999999999e-06,112,100,171,158
-8.8570000000000001e-06,110,100,158,158
-8.8659999999999995e-06,100,100,149,158
-8.8749999999999989e-06,110,100,171,158
-8.884e-06,112,100,167,158
-8.8929999999999994e-06,112,100,169,158
-8.9019999999999988e-06,110,100,162,158
-8.9109999999999999e-06,106,100,161,158
-8.9199999999999993e-06,112,102,180,155
-8.9289999999999987e-06,106,102,156,155
-8.9379999999999998e-06,110,102,166,155
-8.9469999999999992e-06,112,102,169,155
-8.9560000000000003e-06,112,102,171,155
-8.9649999999999997e-06,110,102,165,155
-8.9739999999999991e-06,110,102,174,155
-8.9830000000000002e-06,110,102,160,155
-8.9919999999999996e-06,110,102,163,155
-9.000999999999999e-06,108,102,164,155
-9.0100000000000001e-06,108,102,160,155
-9.0189999999999995e-06,110,102,171,155
-9.0279999999999989e-06,112,102,173,155
-9.037e-06,110,102,174,155
-9.0459999999999994e-06,110,102,172,155
-9.0549999999999989e-06,110,102,166,155
-9.064e-06,110,102,179,155
-9.0729999999999994e-06,114,102,167,155
-9.0819999999999988e-06,108,102,163,155
-9.0909999999999999e-06,110,102,164,155
-9.0999999999999993e-06,112,100,176,149
-9.1090000000000004e-06,104,100,157,149
-9.1179999999999998e-06,112,100,180,149
-9.1269999999999992e-06,110,100,167,149
-9.1360000000000003e-06,110,100,164,149
-9.1449999999999997e-06,112,100,169,149
-9.1539999999999991e-06,106,100,169,149
-9.1630000000000002e-06,110,100,162,149
-9.1719999999999996e-06,112,100,158,149
-9.180999999999999e-06,110,100,166,149
-9.1900000000000001e-06,110,100,164,149
-9.1989999999999995e-06,110,100,172,149
-9.2079999999999989e-06,110,100,165,149
-9.217e-06,96,100,144,149
-9.2259999999999994e-06,110,100,168,149
-9.2349999999999988e-06,108,100,169,149
-9.2439999999999999e-06,110,100,166,149
-9.2529999999999993e-06,108,100,169,149
-9.2619999999999987e-06,108,100,162,149
-9.2709999999999998e-06,114,100,174,149
-9.2799999999999992e-06,110,102,162,153
-9.2890000000000003e-06,112,102,174,153
-9.2979999999999997e-06,108,102,164,153
-9.3069999999999992e-06,112,102,168,153
-9.3160000000000003e-06,112,102,173,153
-9.3249999999999997e-06,112,102,178,153
-9.3339999999999991e-06,108,102,170,153
-9.3430000000000002e-06,110,102,169,153
-9.3519999999999996e-06,106,102,162,153
-9.360999999999999e-06,110,102,161,153
-9.3700000000000001e-06,110,102,164,153
-9.3789999999999995e-06,108,102,172,153
-9.3879999999999989e-06,114,102,167,153
-9.397e-06,112,102,159,153
-9.4059999999999994e-06,112,96,172,139
-9.4149999999999988e-06,110,96,156,139
-9.4239999999999999e-06,108,96,163,139
-9.4329999999999993e-06,110,96,166,139
-9.4419999999999987e-06,112,96,172,139
-9.4509999999999998e-06,112,96,156,139
-9.4599999999999992e-06,112,96,176,139
-9.4690000000000003e-06,108,96,164,139
-9.4779999999999997e-06,108,96,159,139
-9.4869999999999991e-06,110,96,166,139
-9.4960000000000002e-06,112,96,172,139
-9.5049999999999996e-06,110,96,160,139
-9.513999999999999e-06,110,96,174,139
-9.5230000000000001e-06,112,96,163,139
-9.5319999999999995e-06,110,96,165,139
-9.5409999999999989e-06,112,96,168,139
-9.55e-06,108,96,168,139
-9.5589999999999994e-06,110,96,166,139
-9.5679999999999989e-06,112,96,165,139
-9.577e-06,110,96,170,139
-9.5859999999999994e-06,108,96,160,139
-9.5949999999999988e-06,112,96,171,139
-9.6039999999999999e-06,110,102,173,153
-9.6129999999999993e-06,108,102,163,153
-9.6219999999999987e-06,110,102,165,153
-9.6309999999999998e-06,112,102,166,153
-9.6399999999999992e-06,110,102,161,153
-9.6490000000000003e-06,112,102,172,153
-9.6579999999999997e-06,108,102,169,153
-9.6669999999999991e-06,112,102,185,153
-9.6760000000000002e-06,108,102,169,153
-9.6849999999999996e-06,110,102,171,153
-9.693999999999999e-06,112,102,167,153
-9.7030000000000001e-06,114,102,175,153
-9.7119999999999995e-06,108,102,167,153
-9.7209999999999989e-06,108,102,165,153
-9.73e-06,110,102,166,153
-9.7389999999999994e-06,114,102,173,153
-9.7479999999999988e-06,112,102,171,153
-9.7569999999999999e-06,108,102,157,153
-9.7659999999999993e-06,110,100,170,150
-9.7749999999999987e-06,108,100,160,150
-9.7839999999999998e-06,112,100,175,150
-9.7929999999999992e-06,106,100,161,150
-9.8019999999999986e-06,110,100,166,150
-9.8109999999999997e-06,110,100,151,150
-9.8199999999999992e-06,106,100,164,150
-9.8290000000000003e-06,106,100,158,150
-9.8379999999999997e-06,112,100,164,150
-9.8469999999999991e-06,112,100,164,150
-9.8560000000000002e-06,110,100,168,150
-9.8649999999999996e-06,108,100,166,150
-9.873999999999999e-06,110,100,168,150
-9.8830000000000001e-06,110,100,162,150
-9.8919999999999995e-06,108,100,164,150
-9.9009999999999989e-06,112,100,172,150
-9.91e-06,110,100,161,150
-9.9189999999999994e-06,110,100,174,150
-9.9279999999999988e-06,108,100,170,150
-9.9369999999999999e-06,110,100,164,150
-9.9459999999999993e-06,110,100,166,150
-9.9549999999999987e-06,112,100,158,150
-9.9639999999999998e-06,112,100,165,148
-9.9729999999999992e-06,106,100,161,148
-9.9820000000000003e-06,110,100,168,148
-9.9909999999999997e-06,112,100,182,148
9.9999999999999995e-08,124,118,187,178
1.009e-07,124,118,191,178
1.018e-07,126,122,190,180
1.027e-07,114,122,161,180
1.036e-07,122,116,182,171
1.0449999999999999e-07,124,116,187,171
1.0539999999999999e-07,122,118,184,178
1.0629999999999999e-07,120,118,176,178
1.0719999999999999e-07,124,120,196,174
1.081e-07,120,124,189,183
1.09e-07,122,124,187,183
1.099e-07,118,124,174,183
1.108e-07,120,120,183,183
1.117e-07,122,116,186,176
1.1259999999999999e-07,124,116,177,176
1.1349999999999999e-07,124,116,186,176
1.1439999999999999e-07,122,120,185,181
1.1529999999999999e-07,124,118,184,185
1.1619999999999999e-07,124,118,187,185
1.171e-07,122,118,187,185
1.18e-07,124,120,191,184
1.189e-07,124,122,186,181
1.198e-07,124,122,194,181
1.2069999999999999e-07,120,122,183,181
1.216e-07,122,120,179,179
1.2249999999999999e-07,124,122,191,182
1.2340000000000001e-07,122,122,194,182
1.2429999999999999e-07,124,118,192,177
1.2519999999999998e-07,124,118,185,177
1.261e-07,118,118,180,178
1.2699999999999999e-07,122,118,168,178
1.279e-07,124,120,191,191
1.2879999999999999e-07,122,120,185,191
1.297e-07,122,116,177,176
1.3059999999999999e-07,120,116,175,176
1.3150000000000001e-07,120,120,186,185
1.3239999999999999e-07,120,122,174,187
1.3329999999999998e-07,118,122,178,187
1.342e-07,114,122,170,187
1.3509999999999999e-07,120,122,180,190
1.36e-07,118,120,184,176
1.3689999999999999e-07,124,120,200,176
1.378e-07,122,120,184,176
1.3869999999999999e-07,124,122,191,185
1.3960000000000001e-07,122,120,174,186
1.4049999999999999e-07,118,120,175,186
1.4139999999999998e-07,122,120,178,186
1.423e-07,122,122,181,191
1.4319999999999999e-07,120,122,178,184
1.441e-07,114,122,164,184
1.4499999999999999e-07,122,122,187,184
1.459e-07,122,120,182,184
1.4679999999999999e-07,122,122,200,184
1.4770000000000001e-07,122,122,191,184
1.4859999999999999e-07,122,122,188,184
1.4949999999999998e-07,124,120,190,173
1.504e-07,118,120,187,186
1.5129999999999999e-07,120,120,185,186
1.522e-07,120,120,178,186
1.5309999999999999e-07,122,122,191,173
1.54e-07,118,118,177,176
1.5489999999999999e-07,118,118,179,176
1.5580000000000001e-07,122,118,183,176
1.5669999999999999e-07,122,120,172,187
1.5759999999999998e-07,116,120,172,185
1.585e-07,116,120,176,185
1.5939999999999998e-07,120,120,180,185
1.603e-07,124,120,194,174
1.6119999999999999e-07,114,120,171,180
1.621e-07,122,120,187,180
1.6299999999999999e-07,122,120,181,180
1.6390000000000001e-07,120,118,174,176
1.6479999999999999e-07,122,118,196,176
1.6570000000000001e-07,120,118,179,176
1.666e-07,122,118,181,176
1.6749999999999998e-07,120,120,180,180
1.684e-07,124,120,187,180
1.6929999999999999e-07,120,120,174,180
1.702e-07,122,120,176,180
1.7109999999999999e-07,122,122,184,179
1.72e-07,124,122,181,179
1.7289999999999999e-07,122,122,182,179
1.7380000000000001e-07,122,122,174,179
1.747e-07,118,118,177,175
1.7559999999999998e-07,120,118,181,175
1.765e-07,122,118,181,175
1.7739999999999999e-07,122,118,196,175
1.783e-07,124,120,186,180
1.7919999999999999e-07,122,120,183,180
1.801e-07,122,120,185,180
1.8099999999999999e-07,118,122,180,185
1.8190000000000001e-07,118,122,176,185
1.828e-07,122,122,197,185
1.8369999999999998e-07,122,122,181,185
1.846e-07,120,120,181,188
1.8549999999999999e-07,122,120,188,188
1.864e-07,122,120,178,188
1.8729999999999999e-07,120,120,184,188
1.882e-07,120,122,174,192
1.8909999999999999e-07,122,122,181,192
1.9000000000000001e-07,122,122,190,192
1.909e-07,120,122,186,192
1.9179999999999998e-07,124,122,188,192
1.927e-07,122,122,190,183
1.9359999999999999e-07,118,122,181,183
1.945e-07,120,122,182,183
1.9539999999999999e-07,122,120,177,186
1.963e-07,122,120,181,186
1.9719999999999999e-07,122,120,191,186
1.9810000000000001e-07,122,120,186,186
1.99e-07,122,122,196,175
1.9989999999999998e-07,124,122,186,175
2.008e-07,118,122,178,175
2.0169999999999999e-07,124,122,190,175
2.026e-07,122,122,177,183
2.0349999999999999e-07,116,122,169,183
2.044e-07,122,122,180,183
2.0529999999999999e-07,118,122,172,183
2.0620000000000001e-07,124,122,197,188
2.0709999999999999e-07,118,122,169,188
2.0799999999999998e-07,116,122,171,188
2.089e-07,122,122,177,188
2.0979999999999999e-07,118,118,173,190
2.107e-07,122,118,179,190
2.1159999999999999e-07,118,118,178,190
2.125e-07,122,118,186,190
2.1339999999999999e-07,122,120,179,175
2.1430000000000001e-07,120,120,174,175
2.1519999999999999e-07,120,120,188,175
2.1609999999999998e-07,124,120,182,175
2.17e-07,118,122,182,197
2.1789999999999999e-07,124,122,183,197
2.188e-07,122,122,185,197
2.1969999999999999e-07,124,122,178,197
2.206e-07,120,122,185,193
2.2149999999999999e-07,120,122,183,193
2.2240000000000001e-07,122,122,189,193
2.2329999999999999e-07,122,116,185,175
2.2419999999999998e-07,122,116,188,175
2.251e-07,116,116,176,175
2.2599999999999999e-07,118,116,167,175
2.269e-07,122,116,175,175
2.2779999999999999e-07,122,116,179,170
2.287e-07,120,116,181,170
2.2959999999999999e-07,122,116,182,170
2.3050000000000001e-07,120,118,177,177
2.3139999999999999e-07,122,118,187,177
2.3229999999999998e-07,118,118,185,177
2.332e-07,118,118,180,177
2.3409999999999999e-07,120,118,175,177
2.35e-07,114,118,169,174
2.3589999999999999e-07,120,118,184,174
2.368e-07,120,120,178,193
2.3769999999999999e-07,124,120,182,193
2.3859999999999998e-07,120,120,188,193
2.3949999999999999e-07,122,120,181,193
2.4040000000000001e-07,122,120,184,193
2.4129999999999997e-07,122,120,188,193
2.4219999999999999e-07,120,120,179,182
2.431e-07,124,120,180,182
2.4400000000000001e-07,120,118,183,176
2.4489999999999998e-07,118,118,175,176
2.4579999999999999e-07,122,118,182,176
2.4670000000000001e-07,122,118,198,176
2.4760000000000002e-07,118,118,182,176
2.4849999999999998e-07,116,118,180,176
2.494e-07,118,118,177,175
2.5030000000000001e-07,122,118,187,175
2.5119999999999997e-07,118,122,185,187
2.5209999999999999e-07,120,122,184,187
2.53e-07,118,122,178,187
2.5390000000000002e-07,122,122,195,187
2.5479999999999998e-07,122,122,179,187
2.5569999999999999e-07,122,120,186,181
2.5660000000000001e-07,120,120,191,181
2.5749999999999997e-07,122,120,194,181
2.5839999999999998e-07,120,122,182,183
2.593e-07,120,122,193,183
2.6020000000000001e-07,116,122,176,183
2.6109999999999998e-07,118,122,178,183
2.6199999999999999e-07,118,122,181,183
2.629e-07,122,120,182,177
2.6380000000000002e-07,120,120,185,177
2.6469999999999998e-07,122,120,180,177
2.656e-07,116,120,187,177
2.6650000000000001e-07,122,120,191,177
2.6739999999999997e-07,122,120,187,177
2.6829999999999999e-07,120,120,180,177
2.692e-07,122,120,186,177
2.7010000000000002e-07,122,122,190,184
2.7099999999999998e-07,120,122,183,184
2.7189999999999999e-07,116,118,172,182
2.7280000000000001e-07,120,118,176,182
2.7369999999999997e-07,120,118,176,182
2.7459999999999998e-07,124,118,191,182
2.755e-07,118,118,186,182
2.7640000000000001e-07,120,118,178,182
2.7729999999999998e-07,122,118,185,182
2.7819999999999999e-07,122,114,182,169
2.791e-07,120,120,175,171
2.8000000000000002e-07,122,120,185,171
2.8089999999999998e-07,120,120,186,171
2.818e-07,120,120,183,171
2.8270000000000001e-07,120,120,182,171
2.8359999999999997e-07,120,120,178,171
2.8449999999999999e-07,122,118,191,186
2.854e-07,120,118,180,186
2.8630000000000002e-07,122,122,196,192
2.8719999999999998e-07,118,122,181,192
2.8809999999999999e-07,122,122,184,192
2.8900000000000001e-07,118,122,186,192
2.8989999999999997e-07,118,122,172,192
2.9079999999999998e-07,118,122,181,192
2.917e-07,120,120,184,181
2.9260000000000001e-07,122,120,181,186
2.9349999999999997e-07,122,120,182,186
2.9439999999999999e-07,122,120,176,186
2.953e-07,122,120,184,186
2.9620000000000002e-07,120,120,172,186
2.9709999999999998e-07,120,120,176,186
2.9799999999999999e-07,122,120,183,186
2.9890000000000001e-07,120,122,173,189
2.9979999999999997e-07,122,118,192,173
3.0069999999999999e-07,120,118,181,173
3.016e-07,122,118,178,173
3.0250000000000002e-07,120,118,186,173
3.0339999999999998e-07,118,118,166,173
3.0429999999999999e-07,120,118,173,173
3.0520000000000001e-07,118,118,174,173
3.0609999999999997e-07,122,122,173,185
3.0699999999999998e-07,120,120,181,193
3.079e-07,120,120,177,193
3.0880000000000001e-07,120,120,184,193
3.0969999999999997e-07,118,120,176,193
3.1059999999999999e-07,114,120,168,193
3.115e-07,120,120,177,193
3.1240000000000002e-07,122,118,184,191
3.1329999999999998e-07,120,120,187,181
3.1419999999999999e-07,120,120,182,181
3.1510000000000001e-07,118,120,176,181
3.1599999999999997e-07,120,120,186,181
3.1689999999999999e-07,120,120,185,181
3.178e-07,120,120,183,181
3.1870000000000001e-07,122,120,195,181
3.1959999999999998e-07,118,122,185,175
3.2049999999999999e-07,120,120,174,181
3.2140000000000001e-07,120,120,176,181
3.2229999999999997e-07,120,120,194,181
3.2319999999999998e-07,120,120,184,181
3.241e-07,120,120,180,181
3.2500000000000001e-07,120,120,177,181
3.2589999999999997e-07,120,120,173,181
3.2679999999999999e-07,122,120,183,181
3.277e-07,120,118,183,178
3.2860000000000002e-07,122,118,177,178
3.2949999999999998e-07,122,118,186,178
3.3039999999999999e-07,118,118,176,178
3.3130000000000001e-07,122,118,178,178
3.3219999999999997e-07,118,118,173,178
3.3309999999999999e-07,122,118,180,178
3.34e-07,120,118,191,178
3.3490000000000001e-07,120,122,171,173
3.3579999999999998e-07,120,122,180,173
3.3669999999999999e-07,120,122,186,173
3.3760000000000001e-07,120,122,180,173
3.3850000000000002e-07,122,122,176,173
3.3939999999999998e-07,122,122,178,173
3.403e-07,120,122,184,173
3.4120000000000001e-07,118,122,184,194
3.4209999999999997e-07,122,120,178,185
3.4299999999999999e-07,120,120,187,185
3.439e-07,120,120,182,185
3.4480000000000002e-07,122,120,179,185
3.4569999999999998e-07,120,120,184,185
3.4659999999999999e-07,120,120,177,185
3.4750000000000001e-07,122,120,181,185
3.4839999999999997e-07,118,122,176,182
3.4929999999999998e-07,120,122,176,182
3.502e-07,122,122,183,182
3.5110000000000001e-07,120,122,172,182
3.5199999999999998e-07,118,122,175,182
3.5289999999999999e-07,118,122,181,182
3.538e-07,122,122,175,182
3.5470000000000002e-07,120,122,179,182
3.5559999999999998e-07,120,116,195,177
3.565e-07,118,116,185,177
3.5740000000000001e-07,120,116,177,177
3.5829999999999997e-07,120,116,180,177
3.5919999999999999e-07,122,116,186,177
3.601e-07,118,116,174,177
3.6100000000000002e-07,120,116,197,177
3.6189999999999998e-07,122,116,185,177
3.6279999999999999e-07,122,120,175,184
3.6370000000000001e-07,122,120,182,184
3.6459999999999997e-07,122,120,186,184
3.6549999999999998e-07,122,120,185,184
3.664e-07,120,120,182,184
3.6730000000000001e-07,118,120,191,184
3.6819999999999998e-07,118,120,175,184
3.6909999999999999e-07,120,120,191,174
3.7e-07,122,120,187,174
3.7090000000000002e-07,120,120,180,174
3.7179999999999998e-07,122,120,171,174
3.727e-07,120,120,188,174
3.7360000000000001e-07,120,120,181,174
3.7449999999999997e-07,120,120,183,174
3.7539999999999999e-07,122,120,191,174
3.763e-07,120,120,174,174
3.7720000000000002e-07,120,120,179,176
3.7809999999999998e-07,120,120,176,176
3.7899999999999999e-07,120,120,175,176
3.7990000000000001e-07,122,120,192,176
3.8079999999999997e-07,124,120,176,176
3.8169999999999998e-07,122,120,189,176
3.826e-07,116,120,181,176
3.8350000000000001e-07,120,120,187,178
3.8439999999999997e-07,120,120,185,178
3.8529999999999999e-07,116,120,178,178
3.862e-07,122,120,183,178
3.8710000000000002e-07,120,120,193,178
3.8799999999999998e-07,120,120,190,178
3.889e-07,122,120,183,178
3.8980000000000001e-07,120,120,174,178
3.9069999999999997e-07,120,120,181,178
3.9159999999999999e-07,116,122,177,178
3.925e-07,120,122,179,178
3.9340000000000002e-07,120,122,186,178
3.9429999999999998e-07,118,122,178,178
3.9519999999999999e-07,118,122,175,178
3.9610000000000001e-07,122,122,180,178
3.9699999999999997e-07,118,122,194,178
3.9789999999999998e-07,118,120,163,180
3.988e-07,122,120,178,180
3.9970000000000001e-07,120,120,180,180
4.0059999999999997e-07,122,120,175,180
4.0149999999999999e-07,120,120,189,180
4.024e-07,118,120,176,180
4.0330000000000002e-07,122,120,182,180
4.0419999999999998e-07,120,120,189,180
4.0509999999999999e-07,120,122,182,183
4.0600000000000001e-07,122,122,183,183
4.0689999999999997e-07,120,122,187,183
4.0779999999999999e-07,122,122,183,183
4.087e-07,120,122,189,183
4.0960000000000001e-07,122,122,187,183
4.1049999999999998e-07,120,122,170,183
4.1139999999999999e-07,120,122,182,181
4.1230000000000001e-07,118,122,173,181
4.1319999999999997e-07,122,122,188,181
4.1409999999999998e-07,120,122,172,181
4.15e-07,122,122,188,181
4.1590000000000001e-07,120,122,182,181
4.1679999999999997e-07,122,122,182,181
4.1769999999999999e-07,120,122,181,181
4.186e-07,122,122,179,181
4.1950000000000002e-07,122,122,179,187
4.2039999999999998e-07,120,122,181,187
4.2129999999999999e-07,120,122,179,187
4.2220000000000001e-07,118,122,190,187
4.2309999999999997e-07,122,122,192,187
4.2399999999999999e-07,120,122,188,187
4.249e-07,120,122,177,185
4.2580000000000001e-07,122,122,186,185
4.2669999999999998e-07,122,122,186,185
4.2759999999999999e-07,120,122,182,185
4.2850000000000001e-07,120,122,181,185
4.2939999999999997e-07,120,122,175,185
4.3029999999999998e-07,122,122,190,185
4.312e-07,120,122,188,185
4.3210000000000001e-07,120,122,185,185
4.3299999999999997e-07,120,122,176,185
4.3389999999999999e-07,120,120,188,183
4.348e-07,122,120,188,183
4.3570000000000002e-07,120,120,176,183
4.3659999999999998e-07,122,120,197,183
4.3749999999999999e-07,122,120,185,183
4.3840000000000001e-07,122,120,178,183
4.3929999999999997e-07,122,122,182,186
4.4019999999999998e-07,120,122,194,186
4.411e-07,120,122,189,186
4.4200000000000001e-07,120,122,182,186
4.4289999999999998e-07,122,122,193,186
4.4379999999999999e-07,120,122,181,186
4.447e-07,120,122,186,186
4.4560000000000002e-07,122,122,185,186
4.4649999999999998e-07,118,122,177,186
4.474e-07,116,122,170,186
4.4830000000000001e-07,116,120,171,181
4.4919999999999997e-07,122,120,182,181
4.5009999999999999e-07,116,120,175,181
4.51e-07,120,120,176,181
4.5190000000000002e-07,120,120,184,181
4.5279999999999998e-07,120,120,186,181
4.5369999999999999e-07,120,120,184,181
4.5460000000000001e-07,122,120,177,181
4.5549999999999997e-07,120,120,183,181
4.5639999999999998e-07,122,120,169,181
4.573e-07,116,120,170,181
4.5820000000000001e-07,122,120,197,181
4.5909999999999998e-07,118,120,177,181
4.5999999999999999e-07,118,120,182,181
4.609e-07,120,120,181,181
4.6180000000000002e-07,120,120,174,181
4.6269999999999998e-07,118,118,173,177
4.636e-07,122,118,184,177
4.6450000000000001e-07,118,118,177,177
4.6539999999999997e-07,122,118,175,177
4.6629999999999999e-07,122,118,185,177
4.672e-07,118,120,180,174
4.6810000000000002e-07,120,120,172,174
4.6899999999999998e-07,122,120,184,174
4.6989999999999999e-07,118,120,178,174
4.7080000000000001e-07,118,120,174,174
4.7169999999999997e-07,122,120,181,174
4.7259999999999998e-07,118,120,176,174
4.735e-07,122,120,193,174
4.7440000000000001e-07,120,120,171,174
4.7529999999999997e-07,120,120,185,174
4.7619999999999999e-07,120,120,186,179
4.7709999999999995e-07,120,120,190,179
4.7800000000000002e-07,120,120,193,179
4.7889999999999998e-07,122,120,183,179
4.7979999999999994e-07,118,120,175,179
4.8070000000000001e-07,122,118,188,181
4.8159999999999997e-07,122,118,182,181
4.8250000000000004e-07,118,118,177,181
4.834e-07,122,118,192,181
4.8429999999999996e-07,122,118,182,181
4.8520000000000003e-07,120,118,182,181
4.8609999999999999e-07,120,118,178,181
4.8699999999999995e-07,122,118,177,181
4.8790000000000002e-07,118,118,176,181
4.8879999999999998e-07,120,118,189,181
4.8969999999999994e-07,122,118,176,181
4.9060000000000001e-07,122,120,189,177
4.9149999999999997e-07,122,120,188,177
4.9240000000000004e-07,118,120,176,177
4.933e-07,116,120,176,177
4.9419999999999997e-07,118,120,183,177
4.9510000000000003e-07,118,122,178,186
4.9599999999999999e-07,118,122,182,186
4.9689999999999996e-07,122,122,187,186
4.9780000000000002e-07,120,122,188,186
4.9869999999999999e-07,118,122,175,186
4.9959999999999995e-07,122,122,181,186
5.0050000000000001e-07,120,112,186,157
5.0139999999999998e-07,118,112,174,157
5.0230000000000004e-07,118,112,174,157
5.0320000000000001e-07,120,112,169,157
5.0409999999999997e-07,118,112,185,157
5.0500000000000004e-07,118,112,178,157
5.059e-07,122,110,187,164
5.0679999999999996e-07,120,110,189,164
5.0770000000000003e-07,114,110,169,164
5.0859999999999999e-07,118,108,173,159
5.0949999999999995e-07,120,108,183,159
5.1040000000000002e-07,118,108,174,159
5.1129999999999998e-07,120,108,183,159
5.1219999999999994e-07,122,108,191,159
5.1310000000000001e-07,120,108,181,159
5.1399999999999997e-07,122,108,182,159
5.1490000000000004e-07,120,108,181,159
5.158e-07,118,108,180,159
5.1669999999999996e-07,120,108,179,159
5.1760000000000003e-07,120,108,174,159
5.1849999999999999e-07,116,108,173,159
5.1939999999999995e-07,122,112,195,171
5.2030000000000002e-07,122,112,183,171
5.2119999999999998e-07,120,112,184,171
5.2209999999999994e-07,120,112,184,171
5.2300000000000001e-07,114,112,172,171
5.2389999999999997e-07,120,112,181,171
5.2480000000000004e-07,122,112,183,171
5.257e-07,120,112,184,171
5.2659999999999996e-07,122,110,185,166
5.2750000000000003e-07,120,110,177,166
5.2839999999999999e-07,116,110,176,166
5.2929999999999996e-07,122,110,177,166
5.3020000000000002e-07,118,110,170,166
5.3109999999999998e-07,118,110,173,166
5.3199999999999995e-07,118,110,178,166
5.3290000000000001e-07,120,110,175,166
5.3379999999999998e-07,122,110,177,166
5.3470000000000004e-07,120,110,177,166
5.356e-07,120,110,187,166
5.3649999999999997e-07,120,110,186,166
5.3740000000000003e-07,122,108,183,160
5.383e-07,122,108,170,160
5.3919999999999996e-07,120,108,178,160
5.4010000000000003e-07,116,108,176,160
5.4099999999999999e-07,120,108,190,160
5.4189999999999995e-07,122,108,184,160
5.4280000000000002e-07,120,108,188,160
5.4369999999999998e-07,122,108,175,160
5.4459999999999994e-07,120,112,191,169
5.4550000000000001e-07,122,112,184,169
5.4639999999999997e-07,116,112,174,169
5.4730000000000004e-07,120,112,185,169
5.482e-07,120,112,189,169
5.4909999999999996e-07,118,112,182,169
5.5000000000000003e-07,122,112,183,169
5.5089999999999999e-07,114,112,179,169
5.5179999999999995e-07,122,112,178,169
5.5270000000000002e-07,120,112,185,169
5.5359999999999998e-07,122,112,184,169
5.5449999999999994e-07,120,112,182,169
5.5540000000000001e-07,114,110,169,167
5.5629999999999997e-07,118,110,175,167
5.5720000000000004e-07,116,110,173,167
5.581e-07,122,110,175,167
5.5899999999999996e-07,120,110,183,167
5.5990000000000003e-07,120,110,174,167
5.6079999999999999e-07,122,110,188,167
5.6169999999999995e-07,120,110,187,167
5.6260000000000002e-07,120,110,171,163
5.6349999999999998e-07,120,110,184,163
5.6439999999999995e-07,118,110,192,163
5.6530000000000001e-07,122,110,191,163
5.6619999999999997e-07,118,110,178,163
5.6710000000000004e-07,120,110,189,163
5.68e-07,118,110,171,163
5.6889999999999997e-07,116,110,169,163
5.6980000000000003e-07,118,110,186,163
5.707e-07,120,110,178,163
5.7159999999999996e-07,120,110,178,163
5.7250000000000002e-07,118,110,182,163
5.7339999999999999e-07,116,112,176,172
5.7429999999999995e-07,122,112,187,172
5.7520000000000002e-07,120,112,178,172
5.7609999999999998e-07,120,112,175,172
5.7700000000000004e-07,122,112,192,172
5.7790000000000001e-07,120,112,183,172
5.7879999999999997e-07,120,112,185,172
5.7970000000000004e-07,122,112,190,172
5.806e-07,118,110,184,164
5.8149999999999996e-07,114,110,178,164
5.8240000000000003e-07,122,110,188,164
5.8329999999999999e-07,120,110,181,164
5.8419999999999995e-07,122,110,190,164
5.8510000000000002e-07,120,110,182,164
5.8599999999999998e-07,120,110,188,164
5.8689999999999994e-07,122,110,189,164
5.8780000000000001e-07,120,110,177,164
5.8869999999999997e-07,120,110,185,164
5.8960000000000004e-07,122,110,172,164
5.905e-07,120,110,186,164
5.9139999999999996e-07,120,110,178,164
5.9230000000000003e-07,118,110,180,165
5.9319999999999999e-07,120,110,179,165
5.9409999999999995e-07,120,110,174,165
5.9500000000000002e-07,122,110,184,165
5.9589999999999998e-07,120,110,189,165
5.9679999999999994e-07,122,110,181,165
5.9770000000000001e-07,122,108,189,167
5.9859999999999997e-07,118,108,173,167
5.9950000000000004e-07,122,108,188,167
6.004e-07,122,108,197,167
6.0129999999999996e-07,116,108,183,167
6.0220000000000003e-07,118,108,171,167
6.0309999999999999e-07,120,108,184,167
6.0399999999999996e-07,120,108,173,167
6.0490000000000002e-07,118,108,173,167
6.0579999999999999e-07,122,108,192,167
6.0669999999999995e-07,118,108,177,167
6.0760000000000001e-07,122,108,178,167
6.0849999999999998e-07,120,108,187,167
6.0940000000000004e-07,122,108,189,167
6.1030000000000001e-07,120,112,183,179
6.1119999999999997e-07,122,112,185,179
6.1210000000000003e-07,118,112,175,179
6.13e-07,120,112,186,179
6.1389999999999996e-07,118,112,179,179
6.1480000000000003e-07,120,112,175,179
6.1569999999999999e-07,120,112,179,172
6.1659999999999995e-07,116,112,174,172
6.1750000000000002e-07,120,112,180,172
6.1839999999999998e-07,120,112,193,172
6.1929999999999994e-07,122,112,180,172
6.2020000000000001e-07,118,112,179,172
6.2109999999999997e-07,120,112,182,172
6.2200000000000004e-07,122,112,182,172
6.229e-07,120,112,167,172
6.2379999999999996e-07,118,112,184,172
6.2470000000000003e-07,122,112,178,172
6.2559999999999999e-07,118,112,191,172
6.2649999999999995e-07,118,112,177,172
6.2740000000000002e-07,120,112,183,172
6.2829999999999998e-07,120,112,173,170
6.2919999999999994e-07,120,112,185,170
6.3010000000000001e-07,120,112,188,170
6.3099999999999997e-07,120,112,180,170
6.3190000000000004e-07,118,112,179,170
6.328e-07,120,112,181,170
6.3369999999999996e-07,120,114,179,174
6.3460000000000003e-07,122,114,188,174
6.3549999999999999e-07,120,114,182,174
6.3639999999999995e-07,122,114,181,174
6.3730000000000002e-07,122,114,189,174
6.3819999999999998e-07,122,114,189,174
6.3909999999999995e-07,120,114,168,174
6.4000000000000001e-07,122,114,175,174
6.4089999999999998e-07,120,114,174,174
6.4180000000000004e-07,120,114,185,174
6.427e-07,120,114,181,174
6.4359999999999997e-07,114,114,175,174
6.4450000000000003e-07,118,114,177,174
6.454e-07,120,114,176,174
6.4629999999999996e-07,120,108,177,159
6.4720000000000002e-07,120,112,181,165
6.4809999999999999e-07,120,112,190,165
6.4899999999999995e-07,114,112,176,165
6.4990000000000002e-07,122,112,176,165
6.5079999999999998e-07,120,112,182,165
6.5169999999999994e-07,118,112,178,165
6.5260000000000001e-07,122,112,190,165
6.5349999999999997e-07,120,112,177,165
6.5440000000000004e-07,118,112,177,165
6.553e-07,122,112,183,165
6.5619999999999996e-07,118,112,178,165
6.5710000000000003e-07,118,112,175,165
6.5799999999999999e-07,120,112,183,165
6.5889999999999995e-07,120,112,191,165
6.5980000000000002e-07,116,110,178,164
6.6069999999999998e-07,120,110,177,164
6.6159999999999994e-07,118,110,178,164
6.6250000000000001e-07,120,110,179,164
6.6339999999999997e-07,120,110,183,164
6.6430000000000004e-07,120,110,192,164
6.652e-07,122,110,192,165
6.6609999999999996e-07,120,110,180,165
6.6700000000000003e-07,122,110,189,165
6.6789999999999999e-07,118,110,178,165
6.6879999999999995e-07,118,110,189,165
6.6970000000000002e-07,120,110,190,165
6.7059999999999998e-07,120,110,183,165
6.7149999999999994e-07,120,110,192,165
6.7240000000000001e-07,116,110,175,165
6.7329999999999997e-07,118,110,184,165
6.7420000000000004e-07,120,110,175,165
6.751e-07,122,110,173,165
6.7599999999999997e-07,120,110,178,165
6.7690000000000003e-07,120,110,179,165
6.7779999999999999e-07,120,110,186,163
6.7869999999999996e-07,122,110,183,163
6.7960000000000002e-07,122,110,177,163
6.8049999999999999e-07,118,110,174,163
6.8139999999999995e-07,120,110,176,163
6.8230000000000001e-07,122,112,194,171
6.8319999999999998e-07,120,112,176,171
6.8410000000000004e-07,122,112,194,171
6.8500000000000001e-07,122,112,181,171
6.8589999999999997e-07,122,112,183,171
6.8680000000000004e-07,122,112,187,171
6.877e-07,122,112,192,171
6.8859999999999996e-07,120,112,183,171
6.8950000000000003e-07,120,112,185,171
6.9039999999999999e-07,116,112,170,171
6.9129999999999995e-07,118,112,178,171
6.9220000000000002e-07,120,112,184,171
6.9309999999999998e-07,118,112,171,171
6.9399999999999994e-07,122,112,180,171
6.9490000000000001e-07,122,112,184,171
6.9579999999999997e-07,118,112,167,171
6.9670000000000004e-07,118,112,187,168
6.976e-07,120,112,176,168
6.9849999999999996e-07,122,112,177,168
6.9940000000000003e-07,116,112,176,168
7.0029999999999999e-07,118,108,185,156
7.0119999999999995e-07,118,108,178,156
7.0210000000000002e-07,122,108,174,156
7.0299999999999998e-07,122,108,182,156
7.0389999999999994e-07,122,108,185,156
7.0480000000000001e-07,116,108,165,156
7.0569999999999997e-07,118,108,183,156
7.0660000000000004e-07,118,108,182,156
7.075e-07,122,108,182,156
7.0839999999999996e-07,122,108,184,156
7.0930000000000003e-07,122,108,182,156
7.1019999999999999e-07,120,108,179,156
7.1109999999999996e-07,118,108,186,156
7.1200000000000002e-07,120,108,176,156
7.1289999999999998e-07,118,108,188,156
7.1379999999999995e-07,120,108,189,156
7.1470000000000001e-07,116,112,174,180
7.1559999999999998e-07,118,112,169,180
7.1650000000000004e-07,122,112,186,180
7.1740000000000001e-07,116,112,177,180
7.1829999999999997e-07,122,110,185,161
7.1920000000000003e-07,120,110,186,161
7.201e-07,118,110,188,161
7.2099999999999996e-07,120,110,182,161
7.2190000000000003e-07,118,110,174,161
7.2279999999999999e-07,116,110,181,161
7.2369999999999995e-07,116,110,179,161
7.2460000000000002e-07,120,110,195,161
7.2549999999999998e-07,122,110,178,161
7.2639999999999994e-07,122,110,177,161
7.2730000000000001e-07,118,110,183,161
7.2819999999999997e-07,118,110,172,161
7.2910000000000004e-07,120,110,186,161
7.3e-07,120,110,185,161
7.3089999999999996e-07,120,110,184,161
7.3180000000000003e-07,118,110,190,161
7.3269999999999999e-07,116,110,173,163
7.3359999999999995e-07,120,110,177,163
7.3450000000000002e-07,122,110,182,163
7.3539999999999998e-07,122,110,185,163
7.3629999999999994e-07,120,108,169,162
7.3720000000000001e-07,122,108,187,162
7.3809999999999997e-07,122,108,186,162
7.3900000000000004e-07,118,108,183,162
7.399e-07,120,108,192,162
7.4079999999999996e-07,118,108,180,162
7.4170000000000003e-07,120,108,175,162
7.4259999999999999e-07,120,108,185,162
7.4349999999999995e-07,118,108,175,162
7.4440000000000002e-07,122,108,173,162
7.4529999999999998e-07,120,108,174,162
7.4619999999999995e-07,118,108,182,162
7.4710000000000001e-07,120,108,188,162
7.4799999999999997e-07,120,108,182,162
7.4890000000000004e-07,122,108,191,162
7.498e-07,122,108,189,162
7.5069999999999997e-07,120,110,179,171
7.5160000000000003e-07,120,110,184,171
7.525e-07,120,110,191,171
7.5339999999999996e-07,120,110,188,171
7.5430000000000002e-07,120,110,184,179
7.5519999999999999e-07,120,110,178,179
7.5609999999999995e-07,120,110,178,179
7.5700000000000002e-07,120,110,175,179
7.5789999999999998e-07,122,110,185,179
7.5879999999999994e-07,118,110,181,179
7.5970000000000001e-07,120,110,176,179
7.6059999999999997e-07,120,110,184,179
7.6150000000000004e-07,122,110,177,179
7.624e-07,122,110,194,179
7.6329999999999996e-07,122,110,190,179
7.6420000000000003e-07,122,110,184,179
7.6509999999999999e-07,122,110,186,179
7.6599999999999995e-07,118,110,177,179
7.6690000000000002e-07,120,110,184,179
7.6779999999999998e-07,120,110,178,179
7.6869999999999994e-07,122,104,187,159
7.6960000000000001e-07,118,104,185,159
7.7049999999999997e-07,118,104,184,159
7.7140000000000004e-07,118,112,171,175
7.723e-07,122,112,185,175
7.7319999999999996e-07,118,112,188,175
7.7410000000000003e-07,120,112,178,175
7.7499999999999999e-07,118,112,181,175
7.7589999999999995e-07,122,112,185,175
7.7680000000000002e-07,120,112,179,175
7.7769999999999998e-07,120,112,181,175
7.7859999999999994e-07,118,112,187,175
7.7950000000000001e-07,120,112,178,175
7.8039999999999997e-07,122,112,186,175
7.8130000000000004e-07,120,112,185,175
7.822e-07,120,112,181,175
7.8309999999999996e-07,120,112,190,175
7.8400000000000003e-07,120,112,188,175
7.8489999999999999e-07,122,112,193,175
7.8579999999999996e-07,122,112,195,175
7.8670000000000002e-07,118,112,188,175
7.8759999999999999e-07,122,110,178,168
7.8849999999999995e-07,116,110,180,168
7.8940000000000001e-07,120,110,179,168
7.9029999999999998e-07,122,110,179,168
7.9119999999999994e-07,122,110,184,168
7.9210000000000001e-07,120,110,186,168
7.9299999999999997e-07,120,110,176,168
7.9390000000000003e-07,120,110,187,168
7.948e-07,118,110,176,168
7.9569999999999996e-07,120,110,181,168
7.9660000000000003e-07,120,110,181,168
7.9749999999999999e-07,120,110,184,168
7.9839999999999995e-07,120,110,178,168
7.9930000000000002e-07,118,110,184,168
8.0019999999999998e-07,122,110,199,168
8.0109999999999994e-07,122,106,180,163
8.0200000000000001e-07,120,106,180,163
8.0289999999999997e-07,122,110,186,175
8.0380000000000004e-07,122,110,187,175
8.047e-07,122,110,186,175
8.0559999999999996e-07,116,110,170,175
8.0650000000000003e-07,120,110,181,175
8.0739999999999999e-07,118,110,181,175
8.0829999999999995e-07,114,110,164,175
8.0920000000000002e-07,116,110,170,175
8.1009999999999998e-07,120,110,188,175
8.1099999999999994e-07,120,110,181,175
8.1190000000000001e-07,120,110,180,175
8.1279999999999997e-07,120,110,178,175
8.1370000000000004e-07,122,110,194,175
8.146e-07,122,110,182,175
8.1549999999999996e-07,122,110,183,175
8.1640000000000003e-07,118,110,170,175
8.1729999999999999e-07,122,110,185,175
8.1819999999999995e-07,120,110,179,175
8.1910000000000002e-07,118,110,180,153
8.1999999999999998e-07,118,110,180,153
8.2089999999999995e-07,122,112,190,171
8.2180000000000001e-07,124,112,197,171
8.2269999999999998e-07,120,112,170,171
8.2360000000000004e-07,118,112,174,171
8.245e-07,118,112,175,171
8.2539999999999997e-07,118,112,186,171
8.2630000000000003e-07,120,112,177,171
8.272e-07,122,112,189,171
8.2809999999999996e-07,120,112,181,171
8.2900000000000002e-07,118,112,176,171
8.2989999999999999e-07,122,112,181,171
8.3079999999999995e-07,122,112,182,171
8.3170000000000002e-07,122,112,182,171
8.3259999999999998e-07,120,112,193,171
8.3349999999999994e-07,122,112,196,171
8.3440000000000001e-07,120,112,187,171
8.3529999999999997e-07,118,112,181,171
8.3620000000000004e-07,120,112,180,171
8.371e-07,118,110,193,163
8.3799999999999996e-07,122,110,178,163
8.3890000000000003e-07,120,110,183,163
8.3979999999999999e-07,120,110,180,163
8.4069999999999995e-07,116,110,172,163
8.4160000000000002e-07,118,110,176,163
8.4249999999999998e-07,120,110,170,163
8.4339999999999994e-07,122,110,187,163
8.4430000000000001e-07,120,110,171,163
8.4519999999999997e-07,120,110,182,163
8.4610000000000004e-07,120,110,170,163
8.47e-07,120,110,181,163
8.4789999999999996e-07,122,110,190,163
8.4880000000000003e-07,122,110,178,163
8.4969999999999999e-07,122,110,187,163
8.5059999999999995e-07,118,110,186,163
8.5150000000000002e-07,122,110,181,163
8.5239999999999998e-07,116,110,171,163
8.5329999999999994e-07,120,110,184,163
8.5420000000000001e-07,122,110,175,163
8.5509999999999997e-07,122,108,188,161
8.5600000000000004e-07,120,110,184,170
8.569e-07,118,110,169,170
8.5779999999999997e-07,122,110,185,170
8.5870000000000003e-07,120,110,188,170
8.5959999999999999e-07,120,110,175,170
8.6049999999999996e-07,118,110,181,170
8.6140000000000002e-07,120,110,183,170
8.6229999999999999e-07,120,110,180,170
8.6319999999999995e-07,118,110,189,170
8.6410000000000002e-07,120,110,183,170
8.6499999999999998e-07,122,110,183,170
8.6589999999999994e-07,122,110,187,170
8.6680000000000001e-07,120,110,182,170
8.6769999999999997e-07,122,110,192,170
8.6860000000000004e-07,120,110,175,170
8.695e-07,122,110,183,170
8.7039999999999996e-07,120,110,172,170
8.7130000000000003e-07,120,110,181,170
8.7219999999999999e-07,120,110,183,170
8.7309999999999995e-07,118,110,182,170
8.7400000000000002e-07,122,112,171,164
8.7489999999999998e-07,122,112,176,164
8.7579999999999994e-07,122,112,195,164
8.7670000000000001e-07,120,112,168,164
8.7759999999999997e-07,122,112,186,164
8.7850000000000004e-07,118,112,180,164
8.794e-07,120,112,179,164
8.8029999999999996e-07,120,112,187,164
8.8120000000000003e-07,118,112,169,164
8.8209999999999999e-07,120,112,182,164
8.8299999999999995e-07,122,112,191,164
8.8390000000000002e-07,122,112,186,164
8.8479999999999998e-07,122,112,191,164
8.8569999999999994e-07,122,112,185,164
8.8660000000000001e-07,122,112,186,164
8.8749999999999997e-07,120,112,186,164
8.8840000000000004e-07,120,112,182,164
8.893e-07,120,112,173,164
8.9019999999999996e-07,122,112,180,164
8.9110000000000003e-07,118,112,179,164
8.9199999999999999e-07,120,112,189,165
8.9289999999999996e-07,122,112,184,165
8.9380000000000002e-07,118,112,181,165
8.9469999999999998e-07,122,112,188,165
8.9559999999999995e-07,120,112,175,165
8.9650000000000001e-07,120,112,172,165
8.9739999999999998e-07,118,112,179,165
8.9829999999999994e-07,120,112,185,165
8.9920000000000001e-07,120,112,185,165
9.0009999999999997e-07,120,112,181,165
9.0100000000000003e-07,122,112,189,165
9.019e-07,120,112,187,165
9.0279999999999996e-07,120,112,175,165
9.0370000000000003e-07,118,112,178,165
9.0459999999999999e-07,120,112,179,165
9.0549999999999995e-07,118,112,180,165
9.0640000000000002e-07,118,112,179,165
9.0729999999999998e-07,120,112,180,165
9.0819999999999994e-07,120,112,174,165
9.0910000000000001e-07,120,112,178,165
9.0999999999999997e-07,122,112,181,166
9.1090000000000004e-07,122,112,180,166
9.118e-07,118,112,174,166
9.1269999999999996e-07,120,112,175,166
9.1360000000000003e-07,120,112,175,166
9.1449999999999999e-07,120,112,181,166
9.1539999999999995e-07,118,112,174,166
9.1630000000000002e-07,116,112,177,166
9.1719999999999998e-07,120,112,180,166
9.1809999999999994e-07,120,112,187,166
9.1900000000000001e-07,120,112,178,166
9.1989999999999997e-07,122,112,180,166
9.2080000000000004e-07,120,112,180,166
9.217e-07,120,112,177,166
9.2259999999999996e-07,118,112,179,166
9.2350000000000003e-07,118,112,179,166
9.2439999999999999e-07,122,112,175,166
9.2529999999999995e-07,118,112,179,166
9.2620000000000002e-07,120,112,176,166
9.2709999999999998e-07,120,112,173,166
9.2799999999999995e-07,118,108,177,172
9.2890000000000001e-07,120,108,180,172
9.2979999999999997e-07,120,108,188,172
9.3070000000000004e-07,118,108,187,172
9.316e-07,120,108,186,172
9.3249999999999997e-07,116,108,182,172
9.3340000000000003e-07,122,108,176,172
9.343e-07,120,108,182,172
9.3519999999999996e-07,120,108,174,172
9.3610000000000002e-07,122,108,194,172
9.3699999999999999e-07,120,108,190,172
9.3789999999999995e-07,120,108,173,172
9.3880000000000002e-07,118,108,182,172
9.3969999999999998e-07,118,108,187,172
9.4059999999999994e-07,120,112,180,176
9.4150000000000001e-07,120,112,184,176
9.4239999999999997e-07,120,112,174,176
9.4330000000000004e-07,120,112,185,176
9.442e-07,120,112,186,176
9.4509999999999996e-07,122,112,183,176
9.4600000000000003e-07,122,112,180,176
9.4689999999999999e-07,122,112,181,176
9.4779999999999995e-07,122,112,184,176
9.4870000000000002e-07,122,112,168,176
9.4959999999999998e-07,122,112,179,176
9.5049999999999994e-07,122,112,188,176
9.5140000000000001e-07,122,112,180,176
9.5229999999999997e-07,118,112,178,176
9.5320000000000004e-07,122,112,191,176
9.5409999999999989e-07,120,112,175,176
9.5499999999999996e-07,120,112,180,176
9.5590000000000003e-07,120,112,179,176
9.5679999999999989e-07,120,112,182,176
9.5769999999999995e-07,118,112,178,176
9.5860000000000002e-07,120,112,179,176
9.5950000000000009e-07,118,112,175,176
9.6039999999999994e-07,120,108,182,162
9.6130000000000001e-07,122,108,186,162
9.6220000000000008e-07,120,108,180,162
9.6309999999999994e-07,120,108,176,162
9.64e-07,122,108,181,162
9.6490000000000007e-07,118,108,186,162
9.6579999999999993e-07,120,108,191,162
9.6669999999999999e-07,122,108,179,162
9.6760000000000006e-07,122,108,182,162
9.6849999999999992e-07,118,108,182,162
9.6939999999999999e-07,118,108,188,162
9.7030000000000005e-07,118,108,181,162
9.7119999999999991e-07,118,108,175,162
9.7209999999999998e-07,114,108,174,162
9.7300000000000004e-07,120,108,182,162
9.738999999999999e-07,120,108,181,162
9.7479999999999997e-07,120,108,186,162
9.7570000000000003e-07,118,108,183,162
9.7659999999999989e-07,122,110,194,160
9.7749999999999996e-07,120,110,174,160
9.7840000000000003e-07,120,110,182,160
9.7930000000000009e-07,120,110,179,160
9.8019999999999995e-07,122,110,183,160
9.8110000000000002e-07,122,110,183,160
9.8200000000000008e-07,118,110,178,160
9.8289999999999994e-07,118,110,174,160
9.8380000000000001e-07,122,110,185,160
9.8470000000000008e-07,120,110,177,160
9.8559999999999993e-07,118,110,170,160
9.865e-07,118,110,187,160
9.8740000000000007e-07,118,110,173,160
9.8829999999999992e-07,120,110,184,160
9.8919999999999999e-07,120,110,170,160
9.9010000000000006e-07,118,110,179,160
9.9099999999999991e-07,122,110,179,160
9.9189999999999998e-07,120,110,178,160
9.9280000000000005e-07,122,110,194,160
9.936999999999999e-07,118,110,177,160
9.9459999999999997e-07,122,110,177,160
9.9550000000000004e-07,122,110,187,160
9.963999999999999e-07,122,108,182,161
9.9729999999999996e-07,118,108,187,161
9.9820000000000003e-07,120,108,178,161
9.9909999999999989e-07,122,108,186,161
-9.9999999999999995e-08,124,118,186,185
-1.009e-07,124,118,185,185
-1.018e-07,126,122,184,192
-1.027e-07,114,122,171,192
-1.036e-07,122,116,190,176
-1.0449999999999999e-07,124,116,190,176
-1.0539999999999999e-07,122,118,182,180
-1.0629999999999999e-07,120,118,184,180
-1.0719999999999999e-07,124,120,184,186
-1.081e-07,120,124,183,181
-1.09e-07,122,124,175,181
-1.099e-07,118,124,187,181
-1.108e-07,120,120,178,177
-1.117e-07,122,116,182,176
-1.1259999999999999e-07,124,116,188,176
-1.1349999999999999e-07,124,116,182,176
-1.1439999999999999e-07,122,120,182,183
-1.1529999999999999e-07,124,118,190,195
-1.1619999999999999e-07,124,118,187,195
-1.171e-07,122,118,190,195
-1.18e-07,124,120,184,186
-1.189e-07,124,122,173,186
-1.198e-07,124,122,182,186
-1.2069999999999999e-07,120,122,186,186
-1.216e-07,122,120,185,180
-1.2249999999999999e-07,124,122,192,185
-1.2340000000000001e-07,122,122,188,185
-1.2429999999999999e-07,124,118,174,187
-1.2519999999999998e-07,124,118,191,187
-1.261e-07,118,118,176,182
-1.2699999999999999e-07,122,118,193,182
-1.279e-07,124,120,179,192
-1.2879999999999999e-07,122,120,185,192
-1.297e-07,122,116,185,177
-1.3059999999999999e-07,120,116,180,177
-1.3150000000000001e-07,120,120,179,177
-1.3239999999999999e-07,120,122,172,171
-1.3329999999999998e-07,118,122,177,171
-1.342e-07,114,122,175,171
-1.3509999999999999e-07,120,122,174,183
-1.36e-07,118,120,184,177
-1.3689999999999999e-07,124,120,184,177
-1.378e-07,122,120,183,177
-1.3869999999999999e-07,124,122,189,185
-1.3960000000000001e-07,122,120,183,182
-1.4049999999999999e-07,118,120,167,182
-1.4139999999999998e-07,122,120,182,182
-1.423e-07,122,122,186,197
-1.4319999999999999e-07,120,122,187,193
-1.441e-07,114,122,164,193
-1.4499999999999999e-07,122,122,175,193
-1.459e-07,122,120,177,182
-1.4679999999999999e-07,122,122,193,180
-1.4770000000000001e-07,122,122,186,180
-1.4859999999999999e-07,122,122,183,180
-1.4949999999999998e-07,124,120,194,174
-1.504e-07,118,120,178,180
-1.5129999999999999e-07,120,120,177,180
-1.522e-07,120,120,176,180
-1.5309999999999999e-07,122,122,188,183
-1.54e-07,118,118,188,180
-1.5489999999999999e-07,118,118,186,180
-1.5580000000000001e-07,122,118,185,180
-1.5669999999999999e-07,122,120,176,183
-1.5759999999999998e-07,116,120,170,179
-1.585e-07,116,120,171,179
-1.5939999999999998e-07,120,120,184,179
-1.603e-07,124,120,186,172
-1.6119999999999999e-07,114,120,174,203
-1.621e-07,122,120,182,203
-1.6299999999999999e-07,122,120,175,203
-1.6390000000000001e-07,120,118,180,178
-1.6479999999999999e-07,122,118,176,178
-1.6570000000000001e-07,120,118,184,178
-1.666e-07,122,118,184,178
-1.6749999999999998e-07,120,120,186,182
-1.684e-07,124,120,183,182
-1.6929999999999999e-07,120,120,186,182
-1.702e-07,122,120,184,182
-1.7109999999999999e-07,122,122,189,181
-1.72e-07,124,122,177,181
-1.7289999999999999e-07,122,122,190,181
-1.7380000000000001e-07,122,122,177,181
-1.747e-07,118,118,184,174
-1.7559999999999998e-07,120,118,177,174
-1.765e-07,122,118,182,174
-1.7739999999999999e-07,122,118,185,174
-1.783e-07,124,120,188,185
-1.7919999999999999e-07,122,120,188,185
-1.801e-07,122,120,181,185
-1.8099999999999999e-07,118,122,172,192
-1.8190000000000001e-07,118,122,177,192
-1.828e-07,122,122,184,192
-1.8369999999999998e-07,122,122,204,192
-1.846e-07,120,120,186,186
-1.8549999999999999e-07,122,120,181,186
-1.864e-07,122,120,184,186
-1.8729999999999999e-07,120,120,178,186
-1.882e-07,120,122,183,188
-1.8909999999999999e-07,122,122,182,188
-1.9000000000000001e-07,122,122,185,188
-1.909e-07,120,122,169,188
-1.9179999999999998e-07,124,122,180,188
-1.927e-07,122,122,189,182
-1.9359999999999999e-07,118,122,177,182
-1.945e-07,120,122,172,182
-1.9539999999999999e-07,122,120,179,179
-1.963e-07,122,120,180,179
-1.9719999999999999e-07,122,120,189,179
-1.9810000000000001e-07,122,120,182,179
-1.99e-07,122,122,182,186
-1.9989999999999998e-07,124,122,186,186
-2.008e-07,118,122,185,186
-2.0169999999999999e-07,124,122,183,186
-2.026e-07,122,122,188,178
-2.0349999999999999e-07,116,122,188,178
-2.044e-07,122,122,192,178
-2.0529999999999999e-07,118,122,176,178
-2.0620000000000001e-07,124,122,187,186
-2.0709999999999999e-07,118,122,187,186
-2.0799999999999998e-07,116,122,176,186
-2.089e-07,122,122,192,186
-2.0979999999999999e-07,118,118,177,175
-2.107e-07,122,118,192,175
-2.1159999999999999e-07,118,118,180,175
-2.125e-07,122,118,192,175
-2.1339999999999999e-07,122,120,183,178
-2.1430000000000001e-07,120,120,186,178
-2.1519999999999999e-07,120,120,174,178
-2.1609999999999998e-07,124,120,189,178
-2.17e-07,118,122,183,181
-2.1789999999999999e-07,124,122,181,181
-2.188e-07,122,122,181,181
-2.1969999999999999e-07,124,122,185,181
-2.206e-07,120,122,180,183
-2.2149999999999999e-07,120,122,177,183
-2.2240000000000001e-07,122,122,181,183
-2.2329999999999999e-07,122,116,189,177
-2.2419999999999998e-07,122,116,181,177
-2.251e-07,116,116,176,177
-2.2599999999999999e-07,118,116,194,177
-2.269e-07,122,116,169,177
-2.2779999999999999e-07,122,116,178,180
-2.287e-07,120,116,183,180
-2.2959999999999999e-07,122,116,174,180
-2.3050000000000001e-07,120,118,181,187
-2.3139999999999999e-07,122,118,191,187
-2.3229999999999998e-07,118,118,195,187
-2.332e-07,118,118,173,187
-2.3409999999999999e-07,120,118,186,187
-2.35e-07,114,118,169,178
-2.3589999999999999e-07,120,118,186,178
-2.368e-07,120,120,184,185
-2.3769999999999999e-07,124,120,195,185
-2.3859999999999998e-07,120,120,180,185
-2.3949999999999999e-07,122,120,186,185
-2.4040000000000001e-07,122,120,181,185
-2.4129999999999997e-07,122,120,180,185
-2.4219999999999999e-07,120,120,180,187
-2.431e-07,124,120,191,187
-2.4400000000000001e-07,120,118,180,178
-2.4489999999999998e-07,118,118,179,178
-2.4579999999999999e-07,122,118,185,178
-2.4670000000000001e-07,122,118,177,178
-2.4760000000000002e-07,118,118,176,178
-2.4849999999999998e-07,116,118,171,178
-2.494e-07,118,118,187,183
-2.5030000000000001e-07,122,118,186,183
-2.5119999999999997e-07,118,122,179,184
-2.5209999999999999e-07,120,122,183,184
-2.53e-07,118,122,182,184
-2.5390000000000002e-07,122,122,197,184
-2.5479999999999998e-07,122,122,193,184
-2.5569999999999999e-07,122,120,174,181
-2.5660000000000001e-07,120,120,192,181
-2.5749999999999997e-07,122,120,182,181
-2.5839999999999998e-07,120,122,177,180
-2.593e-07,120,122,172,180
-2.6020000000000001e-07,116,122,177,180
-2.6109999999999998e-07,118,122,174,180
-2.6199999999999999e-07,118,122,185,180
-2.629e-07,122,120,174,182
-2.6380000000000002e-07,120,120,177,182
-2.6469999999999998e-07,122,120,180,182
-2.656e-07,116,120,168,194
-2.6650000000000001e-07,122,120,189,194
-2.6739999999999997e-07,122,120,171,194
-2.6829999999999999e-07,120,120,182,194
-2.692e-07,122,120,188,194
-2.7010000000000002e-07,122,122,183,185
-2.7099999999999998e-07,120,122,179,185
-2.7189999999999999e-07,116,118,170,171
-2.7280000000000001e-07,120,118,187,171
-2.7369999999999997e-07,120,118,177,171
-2.7459999999999998e-07,124,118,192,171
-2.755e-07,118,118,172,171
-2.7640000000000001e-07,120,118,187,171
-2.7729999999999998e-07,122,118,185,171
-2.7819999999999999e-07,122,114,180,171
-2.791e-07,120,120,182,181
-2.8000000000000002e-07,122,120,183,181
-2.8089999999999998e-07,120,120,182,181
-2.818e-07,120,120,180,181
-2.8270000000000001e-07,120,120,178,181
-2.8359999999999997e-07,120,120,175,181
-2.8449999999999999e-07,122,118,197,186
-2.854e-07,120,118,188,186
-2.8630000000000002e-07,122,122,187,181
-2.8719999999999998e-07,118,122,174,181
-2.8809999999999999e-07,122,122,193,181
-2.8900000000000001e-07,118,122,187,181
-2.8989999999999997e-07,118,122,179,181
-2.9079999999999998e-07,118,122,184,181
-2.917e-07,120,120,182,183
-2.9260000000000001e-07,122,120,185,189
-2.9349999999999997e-07,122,120,189,189
-2.9439999999999999e-07,122,120,187,189
-2.953e-07,122,120,180,189
-2.9620000000000002e-07,120,120,167,189
-2.9709999999999998e-07,120,120,175,189
-2.9799999999999999e-07,122,120,182,189
-2.9890000000000001e-07,120,122,174,186
-2.9979999999999997e-07,122,118,189,177
-3.0069999999999999e-07,120,118,184,177
-3.016e-07,122,118,194,177
-3.0250000000000002e-07,120,118,180,177
-3.0339999999999998e-07,118,118,186,177
-3.0429999999999999e-07,120,118,186,177
-3.0520000000000001e-07,118,118,180,177
-3.0609999999999997e-07,122,122,183,181
-3.0699999999999998e-07,120,120,180,180
-3.079e-07,120,120,183,180
-3.0880000000000001e-07,120,120,182,180
-3.0969999999999997e-07,118,120,180,180
-3.1059999999999999e-07,114,120,180,180
-3.115e-07,120,120,185,180
-3.1240000000000002e-07,122,118,185,177
-3.1329999999999998e-07,120,120,183,184
-3.1419999999999999e-07,120,120,176,184
-3.1510000000000001e-07,118,120,185,184
-3.1599999999999997e-07,120,120,188,184
-3.1689999999999999e-07,120,120,179,184
-3.178e-07,120,120,185,184
-3.1870000000000001e-07,122,120,190,184
-3.1959999999999998e-07,118,122,177,185
-3.2049999999999999e-07,120,120,172,182
-3.2140000000000001e-07,120,120,178,182
-3.2229999999999997e-07,120,120,176,182
-3.2319999999999998e-07,120,120,179,182
-3.241e-07,120,120,203,182
-3.2500000000000001e-07,120,120,189,182
-3.2589999999999997e-07,120,120,176,182
-3.2679999999999999e-07,122,120,190,182
-3.277e-07,120,118,181,178
-3.2860000000000002e-07,122,118,187,178
-3.2949999999999998e-07,122,118,175,178
-3.3039999999999999e-07,118,118,178,178
-3.3130000000000001e-07,122,118,186,178
-3.3219999999999997e-07,118,118,189,178
-3.3309999999999999e-07,122,118,184,178
-3.34e-07,120,118,183,178
-3.3490000000000001e-07,120,122,183,181
-3.3579999999999998e-07,120,122,185,181
-3.3669999999999999e-07,120,122,180,181
-3.3760000000000001e-07,120,122,182,181
-3.3850000000000002e-07,122,122,184,181
-3.3939999999999998e-07,122,122,188,181
-3.403e-07,120,122,192,181
-3.4120000000000001e-07,118,122,186,181
-3.4209999999999997e-07,122,120,190,180
-3.4299999999999999e-07,120,120,179,180
-3.439e-07,120,120,191,180
-3.4480000000000002e-07,122,120,181,180
-3.4569999999999998e-07,120,120,178,180
-3.4659999999999999e-07,120,120,183,180
-3.4750000000000001e-07,122,120,181,180
-3.4839999999999997e-07,118,122,174,180
-3.4929999999999998e-07,120,122,174,180
-3.502e-07,122,122,185,180
-3.5110000000000001e-07,120,122,171,180
-3.5199999999999998e-07,118,122,174,180
-3.5289999999999999e-07,118,122,178,180
-3.538e-07,122,122,199,180
-3.5470000000000002e-07,120,122,183,180
-3.5559999999999998e-07,120,116,177,176
-3.565e-07,118,116,178,176
-3.5740000000000001e-07,120,116,180,176
-3.5829999999999997e-07,120,116,185,176
-3.5919999999999999e-07,122,116,173,176
-3.601e-07,118,116,186,176
-3.6100000000000002e-07,120,116,176,176
-3.6189999999999998e-07,122,116,194,176
-3.6279999999999999e-07,122,120,186,180
-3.6370000000000001e-07,122,120,182,180
-3.6459999999999997e-07,122,120,187,180
-3.6549999999999998e-07,122,120,192,180
-3.664e-07,120,120,187,180
-3.6730000000000001e-07,118,120,179,180
-3.6819999999999998e-07,118,120,181,180
-3.6909999999999999e-07,120,120,175,179
-3.7e-07,122,120,191,179
-3.7090000000000002e-07,120,120,188,179
-3.7179999999999998e-07,122,120,188,179
-3.727e-07,120,120,186,179
-3.7360000000000001e-07,120,120,177,179
-3.7449999999999997e-07,120,120,174,179
-3.7539999999999999e-07,122,120,183,179
-3.763e-07,120,120,172,179
-3.7720000000000002e-07,120,120,190,189
-3.7809999999999998e-07,120,120,187,189
-3.7899999999999999e-07,120,120,188,189
-3.7990000000000001e-07,122,120,188,189
-3.8079999999999997e-07,124,120,194,189
-3.8169999999999998e-07,122,120,177,189
-3.826e-07,116,120,177,189
-3.8350000000000001e-07,120,120,182,177
-3.8439999999999997e-07,120,120,187,177
-3.8529999999999999e-07,116,120,177,177
-3.862e-07,122,120,182,177
-3.8710000000000002e-07,120,120,192,177
-3.8799999999999998e-07,120,120,191,177
-3.889e-07,122,120,182,177
-3.8980000000000001e-07,120,120,180,177
-3.9069999999999997e-07,120,120,198,177
-3.9159999999999999e-07,116,122,173,184
-3.925e-07,120,122,175,184
-3.9340000000000002e-07,120,122,179,184
-3.9429999999999998e-07,118,122,178,184
-3.9519999999999999e-07,118,122,169,184
-3.9610000000000001e-07,122,122,185,184
-3.9699999999999997e-07,118,122,190,184
-3.9789999999999998e-07,118,120,176,186
-3.988e-07,122,120,196,186
-3.9970000000000001e-07,120,120,183,186
-4.0059999999999997e-07,122,120,186,186
-4.0149999999999999e-07,120,120,179,186
-4.024e-07,118,120,176,186
-4.0330000000000002e-07,122,120,179,186
-4.0419999999999998e-07,120,120,176,186
-4.0509999999999999e-07,120,122,184,187
-4.0600000000000001e-07,122,122,176,187
-4.0689999999999997e-07,120,122,186,187
-4.0779999999999999e-07,122,122,178,187
-4.087e-07,120,122,181,187
-4.0960000000000001e-07,122,122,184,187
-4.1049999999999998e-07,120,122,182,187
-4.1139999999999999e-07,120,122,178,189
-4.1230000000000001e-07,118,122,181,189
-4.1319999999999997e-07,122,122,188,189
-4.1409999999999998e-07,120,122,179,189
-4.15e-07,122,122,186,189
-4.1590000000000001e-07,120,122,179,189
-4.1679999999999997e-07,122,122,182,189
-4.1769999999999999e-07,120,122,186,189
-4.186e-07,122,122,183,189
-4.1950000000000002e-07,122,122,182,191
-4.2039999999999998e-07,120,122,183,191
-4.2129999999999999e-07,120,122,191,191
-4.2220000000000001e-07,118,122,175,191
-4.2309999999999997e-07,122,122,183,191
-4.2399999999999999e-07,120,122,188,191
-4.249e-07,120,122,189,175
-4.2580000000000001e-07,122,122,193,175
-4.2669999999999998e-07,122,122,181,175
-4.2759999999999999e-07,120,122,181,175
-4.2850000000000001e-07,120,122,181,175
-4.2939999999999997e-07,120,122,178,175
-4.3029999999999998e-07,122,122,186,175
-4.312e-07,120,122,175,175
-4.3210000000000001e-07,120,122,179,175
-4.3299999999999997e-07,120,122,173,175
-4.3389999999999999e-07,120,120,175,184
-4.348e-07,122,120,184,184
-4.3570000000000002e-07,120,120,175,184
-4.3659999999999998e-07,122,120,181,184
-4.3749999999999999e-07,122,120,177,184
-4.3840000000000001e-07,122,120,190,184
-4.3929999999999997e-07,122,122,184,193
-4.4019999999999998e-07,120,122,176,193
-4.411e-07,120,122,187,193
-4.4200000000000001e-07,120,122,182,193
-4.4289999999999998e-07,122,122,183,193
-4.4379999999999999e-07,120,122,181,193
-4.447e-07,120,122,182,193
-4.4560000000000002e-07,122,122,180,193
-4.4649999999999998e-07,118,122,173,193
-4.474e-07,116,122,184,193
-4.4830000000000001e-07,116,120,170,185
-4.4919999999999997e-07,122,120,185,185
-4.5009999999999999e-07,116,120,177,185
-4.51e-07,120,120,176,185
-4.5190000000000002e-07,120,120,184,185
-4.5279999999999998e-07,120,120,173,189
-4.5369999999999999e-07,120,120,179,189
-4.5460000000000001e-07,122,120,177,189
-4.5549999999999997e-07,120,120,181,189
-4.5639999999999998e-07,122,120,195,189
-4.573e-07,116,120,180,189
-4.5820000000000001e-07,122,120,189,189
-4.5909999999999998e-07,118,120,177,189
-4.5999999999999999e-07,118,120,190,189
-4.609e-07,120,120,181,189
-4.6180000000000002e-07,120,120,193,189
-4.6269999999999998e-07,118,118,179,177
-4.636e-07,122,118,185,177
-4.6450000000000001e-07,118,118,187,177
-4.6539999999999997e-07,122,118,180,177
-4.6629999999999999e-07,122,118,196,177
-4.672e-07,118,120,169,175
-4.6810000000000002e-07,120,120,179,175
-4.6899999999999998e-07,122,120,184,175
-4.6989999999999999e-07,118,120,180,175
-4.7080000000000001e-07,118,120,178,175
-4.7169999999999997e-07,122,120,187,175
-4.7259999999999998e-07,118,120,179,175
-4.735e-07,122,120,177,175
-4.7440000000000001e-07,120,120,188,175
-4.7529999999999997e-07,120,120,186,175
-4.7619999999999999e-07,120,120,184,183
-4.7709999999999995e-07,120,120,180,183
-4.7800000000000002e-07,120,120,185,183
-4.7889999999999998e-07,122,120,174,183
-4.7979999999999994e-07,118,120,177,183
-4.8070000000000001e-07,122,118,182,177
-4.8159999999999997e-07,122,118,184,177
-4.8250000000000004e-07,118,118,176,177
-4.834e-07,122,118,177,177
-4.8429999999999996e-07,122,118,180,177
-4.8520000000000003e-07,120,118,187,177
-4.8609999999999999e-07,120,118,186,177
-4.8699999999999995e-07,122,118,192,177
-4.8790000000000002e-07,118,118,179,177
-4.8879999999999998e-07,120,118,184,177
-4.8969999999999994e-07,122,118,183,177
-4.9060000000000001e-07,122,120,189,175
-4.9149999999999997e-07,122,120,188,175
-4.9240000000000004e-07,118,120,178,175
-4.933e-07,116,120,171,175
-4.9419999999999997e-07,118,120,179,175
-4.9510000000000003e-07,118,122,187,182
-4.9599999999999999e-07,118,122,176,182
-4.9689999999999996e-07,122,122,196,182
-4.9780000000000002e-07,120,122,186,182
-4.9869999999999999e-07,118,122,183,182
-4.9959999999999995e-07,122,122,181,182
-5.0050000000000001e-07,120,112,177,173
-5.0139999999999998e-07,118,112,184,173
-5.0230000000000004e-07,118,112,184,173
-5.0320000000000001e-07,120,112,182,173
-5.0409999999999997e-07,118,112,178,173
-5.0500000000000004e-07,118,112,181,173
-5.059e-07,122,110,184,171
-5.0679999999999996e-07,120,110,186,171
-5.0770000000000003e-07,114,110,171,171
-5.0859999999999999e-07,118,108,181,161
-5.0949999999999995e-07,120,108,184,161
-5.1040000000000002e-07,118,108,178,161
-5.1129999999999998e-07,120,108,179,161
-5.1219999999999994e-07,122,108,183,161
-5.1310000000000001e-07,120,108,181,161
-5.1399999999999997e-07,122,108,179,161
-5.1490000000000004e-07,120,108,189,161
-5.158e-07,118,108,178,161
-5.1669999999999996e-07,120,108,173,161
-5.1760000000000003e-07,120,108,176,161
-5.1849999999999999e-07,116,108,188,161
-5.1939999999999995e-07,122,112,189,165
-5.2030000000000002e-07,122,112,180,165
-5.2119999999999998e-07,120,112,185,165
-5.2209999999999994e-07,120,112,185,165
-5.2300000000000001e-07,114,112,177,165
-5.2389999999999997e-07,120,112,177,165
-5.2480000000000004e-07,122,112,183,165
-5.257e-07,120,112,183,165
-5.2659999999999996e-07,122,110,184,161
-5.2750000000000003e-07,120,110,182,161
-5.2839999999999999e-07,116,110,162,161
-5.2929999999999996e-07,122,110,185,161
-5.3020000000000002e-07,118,110,186,161
-5.3109999999999998e-07,118,110,176,161
-5.3199999999999995e-07,118,110,174,161
-5.3290000000000001e-07,120,110,175,161
-5.3379999999999998e-07,122,110,189,161
-5.3470000000000004e-07,120,110,194,161
-5.356e-07,120,110,189,161
-5.3649999999999997e-07,120,110,190,161
-5.3740000000000003e-07,122,108,191,164
-5.383e-07,122,108,189,164
-5.3919999999999996e-07,120,108,178,164
-5.4010000000000003e-07,116,108,175,164
-5.4099999999999999e-07,120,108,185,164
-5.4189999999999995e-07,122,108,185,164
-5.4280000000000002e-07,120,108,182,164
-5.4369999999999998e-07,122,108,181,164
-5.4459999999999994e-07,120,112,177,161
-5.4550000000000001e-07,122,112,186,161
-5.4639999999999997e-07,116,112,171,161
-5.4730000000000004e-07,120,112,177,161
-5.482e-07,120,112,173,161
-5.4909999999999996e-07,118,112,171,161
-5.5000000000000003e-07,122,112,179,161
-5.5089999999999999e-07,114,112,175,161
-5.5179999999999995e-07,122,112,178,161
-5.5270000000000002e-07,120,112,186,161
-5.5359999999999998e-07,122,112,187,161
-5.5449999999999994e-07,120,112,180,161
-5.5540000000000001e-07,114,110,171,172
-5.5629999999999997e-07,118,110,181,172
-5.5720000000000004e-07,116,110,178,172
-5.581e-07,122,110,182,172
-5.5899999999999996e-07,120,110,178,172
-5.5990000000000003e-07,120,110,184,172
-5.6079999999999999e-07,122,110,191,172
-5.6169999999999995e-07,120,110,169,172
-5.6260000000000002e-07,120,110,181,169
-5.6349999999999998e-07,120,110,184,169
-5.6439999999999995e-07,118,110,176,169
-5.6530000000000001e-07,122,110,183,169
-5.6619999999999997e-07,118,110,174,169
-5.6710000000000004e-07,120,110,183,169
-5.68e-07,118,110,188,169
-5.6889999999999997e-07,116,110,178,169
-5.6980000000000003e-07,118,110,186,169
-5.707e-07,120,110,181,169
-5.7159999999999996e-07,120,110,177,169
-5.7250000000000002e-07,118,110,178,169
-5.7339999999999999e-07,116,112,177,168
-5.7429999999999995e-07,122,112,184,168
-5.7520000000000002e-07,120,112,193,168
-5.7609999999999998e-07,120,112,177,168
-5.7700000000000004e-07,122,112,181,168
-5.7790000000000001e-07,120,112,173,168
-5.7879999999999997e-07,120,112,185,168
-5.7970000000000004e-07,122,112,190,168
-5.806e-07,118,110,186,174
-5.8149999999999996e-07,114,110,169,174
-5.8240000000000003e-07,122,110,191,174
-5.8329999999999999e-07,120,110,183,174
-5.8419999999999995e-07,122,110,181,174
-5.8510000000000002e-07,120,110,188,174
-5.8599999999999998e-07,120,110,187,174
-5.8689999999999994e-07,122,110,184,174
-5.8780000000000001e-07,120,110,178,174
-5.8869999999999997e-07,120,110,180,174
-5.8960000000000004e-07,122,110,182,174
-5.905e-07,120,110,189,174
-5.9139999999999996e-07,120,110,187,174
-5.9230000000000003e-07,118,110,180,164
-5.9319999999999999e-07,120,110,191,164
-5.9409999999999995e-07,120,110,182,164
-5.9500000000000002e-07,122,110,166,164
-5.9589999999999998e-07,120,110,169,164
-5.9679999999999994e-07,122,110,188,164
-5.9770000000000001e-07,122,108,186,159
-5.9859999999999997e-07,118,108,190,159
-5.9950000000000004e-07,122,108,180,159
-6.004e-07,122,108,184,159
-6.0129999999999996e-07,116,108,175,159
-6.0220000000000003e-07,118,108,181,159
-6.0309999999999999e-07,120,108,184,159
-6.0399999999999996e-07,120,108,183,159
-6.0490000000000002e-07,118,108,177,159
-6.0579999999999999e-07,122,108,189,159
-6.0669999999999995e-07,118,108,179,159
-6.0760000000000001e-07,122,108,189,159
-6.0849999999999998e-07,120,108,181,159
-6.0940000000000004e-07,122,108,191,159
-6.1030000000000001e-07,120,112,181,172
-6.1119999999999997e-07,122,112,181,172
-6.1210000000000003e-07,118,112,174,172
-6.13e-07,120,112,185,172
-6.1389999999999996e-07,118,112,171,172
-6.1480000000000003e-07,120,112,187,172
-6.1569999999999999e-07,120,112,185,172
-6.1659999999999995e-07,116,112,171,172
-6.1750000000000002e-07,120,112,175,172
-6.1839999999999998e-07,120,112,180,172
-6.1929999999999994e-07,122,112,183,172
-6.2020000000000001e-07,118,112,174,172
-6.2109999999999997e-07,120,112,174,172
-6.2200000000000004e-07,122,112,190,172
-6.229e-07,120,112,188,172
-6.2379999999999996e-07,118,112,180,172
-6.2470000000000003e-07,122,112,187,172
-6.2559999999999999e-07,118,112,177,172
-6.2649999999999995e-07,118,112,177,172
-6.2740000000000002e-07,120,112,182,172
-6.2829999999999998e-07,120,112,168,173
-6.2919999999999994e-07,120,112,183,173
-6.3010000000000001e-07,120,112,181,173
-6.3099999999999997e-07,120,112,183,173
-6.3190000000000004e-07,118,112,179,173
-6.328e-07,120,112,184,173
-6.3369999999999996e-07,120,114,183,165
-6.3460000000000003e-07,122,114,189,165
-6.3549999999999999e-07,120,114,175,165
-6.3639999999999995e-07,122,114,194,165
-6.3730000000000002e-07,122,114,188,165
-6.3819999999999998e-07,122,114,177,165
-6.3909999999999995e-07,120,114,188,165
-6.4000000000000001e-07,122,114,185,165
-6.4089999999999998e-07,120,114,176,165
-6.4180000000000004e-07,120,114,183,165
-6.427e-07,120,114,181,165
-6.4359999999999997e-07,114,114,170,165
-6.4450000000000003e-07,118,114,181,165
-6.454e-07,120,114,176,165
-6.4629999999999996e-07,120,108,191,173
-6.4720000000000002e-07,120,112,182,181
-6.4809999999999999e-07,120,112,176,181
-6.4899999999999995e-07,114,112,178,181
-6.4990000000000002e-07,122,112,186,181
-6.5079999999999998e-07,120,112,186,181
-6.5169999999999994e-07,118,112,187,181
-6.5260000000000001e-07,122,112,203,181
-6.5349999999999997e-07,120,112,181,181
-6.5440000000000004e-07,118,112,182,181
-6.553e-07,122,112,194,181
-6.5619999999999996e-07,118,112,177,181
-6.5710000000000003e-07,118,112,182,181
-6.5799999999999999e-07,120,112,178,181
-6.5889999999999995e-07,120,112,173,181
-6.5980000000000002e-07,116,110,183,176
-6.6069999999999998e-07,120,110,182,176
-6.6159999999999994e-07,118,110,178,176
-6.6250000000000001e-07,120,110,181,176
-6.6339999999999997e-07,120,110,173,176
-6.6430000000000004e-07,120,110,181,176
-6.652e-07,122,110,173,169
-6.6609999999999996e-07,120,110,180,169
-6.6700000000000003e-07,122,110,186,169
-6.6789999999999999e-07,118,110,184,169
-6.6879999999999995e-07,118,110,174,169
-6.6970000000000002e-07,120,110,180,169
-6.7059999999999998e-07,120,110,181,169
-6.7149999999999994e-07,120,110,181,169
-6.7240000000000001e-07,116,110,166,169
-6.7329999999999997e-07,118,110,176,169
-6.7420000000000004e-07,120,110,188,169
-6.751e-07,122,110,181,169
-6.7599999999999997e-07,120,110,179,169
-6.7690000000000003e-07,120,110,188,169
-6.7779999999999999e-07,120,110,183,165
-6.7869999999999996e-07,122,110,193,165
-6.7960000000000002e-07,122,110,186,165
-6.8049999999999999e-07,118,110,184,165
-6.8139999999999995e-07,120,110,184,165
-6.8230000000000001e-07,122,112,181,165
-6.8319999999999998e-07,120,112,179,165
-6.8410000000000004e-07,122,112,181,165
-6.8500000000000001e-07,122,112,171,165
-6.8589999999999997e-07,122,112,171,165
-6.8680000000000004e-07,122,112,178,165
-6.877e-07,122,112,190,165
-6.8859999999999996e-07,120,112,179,165
-6.8950000000000003e-07,120,112,180,165
-6.9039999999999999e-07,116,112,181,165
-6.9129999999999995e-07,118,112,176,165
-6.9220000000000002e-07,120,112,185,165
-6.9309999999999998e-07,118,112,182,165
-6.9399999999999994e-07,122,112,184,165
-6.9490000000000001e-07,122,112,177,165
-6.9579999999999997e-07,118,112,181,165
-6.9670000000000004e-07,118,112,176,172
-6.976e-07,120,112,175,172
-6.9849999999999996e-07,122,112,188,172
-6.9940000000000003e-07,116,112,174,172
-7.0029999999999999e-07,118,108,177,163
-7.0119999999999995e-07,118,108,182,163
-7.0210000000000002e-07,122,108,180,163
-7.0299999999999998e-07,122,108,180,163
-7.0389999999999994e-07,122,108,187,163
-7.0480000000000001e-07,116,108,167,163
-7.0569999999999997e-07,118,108,180,163
-7.0660000000000004e-07,118,108,182,163
-7.075e-07,122,108,190,163
-7.0839999999999996e-07,122,108,182,163
-7.0930000000000003e-07,122,108,185,163
-7.1019999999999999e-07,120,108,189,163
-7.1109999999999996e-07,118,108,188,163
-7.1200000000000002e-07,120,108,185,163
-7.1289999999999998e-07,118,108,178,163
-7.1379999999999995e-07,120,108,178,163
-7.1470000000000001e-07,116,112,178,163
-7.1559999999999998e-07,118,112,179,163
-7.1650000000000004e-07,122,112,179,163
-7.1740000000000001e-07,116,112,176,163
-7.1829999999999997e-07,122,110,186,165
-7.1920000000000003e-07,120,110,182,165
-7.201e-07,118,110,184,165
-7.2099999999999996e-07,120,110,187,165
-7.2190000000000003e-07,118,110,188,165
-7.2279999999999999e-07,116,110,165,165
-7.2369999999999995e-07,116,110,177,165
-7.2460000000000002e-07,120,110,188,165
-7.2549999999999998e-07,122,110,185,165
-7.2639999999999994e-07,122,110,181,165
-7.2730000000000001e-07,118,110,179,165
-7.2819999999999997e-07,118,110,184,165
-7.2910000000000004e-07,120,110,188,165
-7.3e-07,120,110,173,165
-7.3089999999999996e-07,120,110,180,165
-7.3180000000000003e-07,118,110,188,165
-7.3269999999999999e-07,116,110,173,170
-7.3359999999999995e-07,120,110,184,170
-7.3450000000000002e-07,122,110,182,170
-7.3539999999999998e-07,122,110,187,170
-7.3629999999999994e-07,120,108,169,160
-7.3720000000000001e-07,122,108,182,160
-7.3809999999999997e-07,122,108,182,160
-7.3900000000000004e-07,118,108,183,160
-7.399e-07,120,108,183,160
-7.4079999999999996e-07,118,108,189,160
-7.4170000000000003e-07,120,108,185,160
-7.4259999999999999e-07,120,108,183,160
-7.4349999999999995e-07,118,108,173,160
-7.4440000000000002e-07,122,108,182,160
-7.4529999999999998e-07,120,108,179,160
-7.4619999999999995e-07,118,108,180,160
-7.4710000000000001e-07,120,108,178,160
-7.4799999999999997e-07,120,108,176,160
-7.4890000000000004e-07,122,108,183,160
-7.498e-07,122,108,191,160
-7.5069999999999997e-07,120,110,177,171
-7.5160000000000003e-07,120,110,183,171
-7.525e-07,120,110,176,171
-7.5339999999999996e-07,120,110,177,171
-7.5430000000000002e-07,120,110,174,162
-7.5519999999999999e-07,120,110,178,162
-7.5609999999999995e-07,120,110,184,162
-7.5700000000000002e-07,120,110,180,162
-7.5789999999999998e-07,122,110,185,162
-7.5879999999999994e-07,118,110,181,162
-7.5970000000000001e-07,120,110,189,162
-7.6059999999999997e-07,120,110,182,162
-7.6150000000000004e-07,122,110,189,162
-7.624e-07,122,110,183,162
-7.6329999999999996e-07,122,110,188,162
-7.6420000000000003e-07,122,110,180,162
-7.6509999999999999e-07,122,110,176,162
-7.6599999999999995e-07,118,110,181,162
-7.6690000000000002e-07,120,110,175,162
-7.6779999999999998e-07,120,110,176,162
-7.6869999999999994e-07,122,104,178,152
-7.6960000000000001e-07,118,104,178,152
-7.7049999999999997e-07,118,104,175,152
-7.7140000000000004e-07,118,112,175,166
-7.723e-07,122,112,186,166
-7.7319999999999996e-07,118,112,169,166
-7.7410000000000003e-07,120,112,177,166
-7.7499999999999999e-07,118,112,179,166
-7.7589999999999995e-07,122,112,181,166
-7.7680000000000002e-07,120,112,192,166
-7.7769999999999998e-07,120,112,186,166
-7.7859999999999994e-07,118,112,181,166
-7.7950000000000001e-07,120,112,182,166
-7.8039999999999997e-07,122,112,195,166
-7.8130000000000004e-07,120,112,180,166
-7.822e-07,120,112,175,166
-7.8309999999999996e-07,120,112,176,166
-7.8400000000000003e-07,120,112,184,166
-7.8489999999999999e-07,122,112,185,166
-7.8579999999999996e-07,122,112,191,166
-7.8670000000000002e-07,118,112,172,166
-7.8759999999999999e-07,122,110,184,167
-7.8849999999999995e-07,116,110,176,167
-7.8940000000000001e-07,120,110,183,167
-7.9029999999999998e-07,122,110,186,167
-7.9119999999999994e-07,122,110,167,167
-7.9210000000000001e-07,120,110,185,167
-7.9299999999999997e-07,120,110,178,167
-7.9390000000000003e-07,120,110,174,167
-7.948e-07,118,110,182,167
-7.9569999999999996e-07,120,110,190,167
-7.9660000000000003e-07,120,110,181,167
-7.9749999999999999e-07,120,110,186,167
-7.9839999999999995e-07,120,110,175,167
-7.9930000000000002e-07,118,110,170,167
-8.0019999999999998e-07,122,110,186,167
-8.0109999999999994e-07,122,106,187,155
-8.0200000000000001e-07,120,106,186,155
-8.0289999999999997e-07,122,110,193,171
-8.0380000000000004e-07,122,110,183,171
-8.047e-07,122,110,190,171
-8.0559999999999996e-07,116,110,170,171
-8.0650000000000003e-07,120,110,187,171
-8.0739999999999999e-07,118,110,169,171
-8.0829999999999995e-07,114,110,166,171
-8.0920000000000002e-07,116,110,168,171
-8.1009999999999998e-07,120,110,185,171
-8.1099999999999994e-07,120,110,176,171
-8.1190000000000001e-07,120,110,178,171
-8.1279999999999997e-07,120,110,180,171
-8.1370000000000004e-07,122,110,191,171
-8.146e-07,122,110,172,171
-8.1549999999999996e-07,122,110,187,171
-8.1640000000000003e-07,118,110,183,171
-8.1729999999999999e-07,122,110,178,171
-8.1819999999999995e-07,120,110,190,171
-8.1910000000000002e-07,118,110,174,169
-8.1999999999999998e-07,118,110,178,169
-8.2089999999999995e-07,122,112,189,172
-8.2180000000000001e-07,124,112,183,172
-8.2269999999999998e-07,120,112,187,172
-8.2360000000000004e-07,118,112,174,172
-8.245e-07,118,112,187,172
-8.2539999999999997e-07,118,112,184,172
-8.2630000000000003e-07,120,112,182,172
-8.272e-07,122,112,183,172
-8.2809999999999996e-07,120,112,180,172
-8.2900000000000002e-07,118,112,177,172
-8.2989999999999999e-07,122,112,189,172
-8.3079999999999995e-07,122,112,185,172
-8.3170000000000002e-07,122,112,179,172
-8.3259999999999998e-07,120,112,182,172
-8.3349999999999994e-07,122,112,183,172
-8.3440000000000001e-07,120,112,177,172
-8.3529999999999997e-07,118,112,183,172
-8.3620000000000004e-07,120,112,182,172
-8.371e-07,118,110,176,163
-8.3799999999999996e-07,122,110,182,163
-8.3890000000000003e-07,120,110,176,168
-8.3979999999999999e-07,120,110,184,168
-8.4069999999999995e-07,116,110,170,168
-8.4160000000000002e-07,118,110,177,168
-8.4249999999999998e-07,120,110,188,168
-8.4339999999999994e-07,122,110,191,168
-8.4430000000000001e-07,120,110,194,168
-8.4519999999999997e-07,120,110,191,168
-8.4610000000000004e-07,120,110,177,168
-8.47e-07,120,110,178,168
-8.4789999999999996e-07,122,110,191,168
-8.4880000000000003e-07,122,110,190,168
-8.4969999999999999e-07,122,110,185,168
-8.5059999999999995e-07,118,110,170,168
-8.5150000000000002e-07,122,110,186,168
-8.5239999999999998e-07,116,110,181,168
-8.5329999999999994e-07,120,110,176,168
-8.5420000000000001e-07,122,110,178,168
-8.5509999999999997e-07,122,108,185,160
-8.5600000000000004e-07,120,110,187,159
-8.569e-07,118,110,182,159
-8.5779999999999997e-07,122,110,175,159
-8.5870000000000003e-07,120,110,172,159
-8.5959999999999999e-07,120,110,172,159
-8.6049999999999996e-07,118,110,172,159
-8.6140000000000002e-07,120,110,168,159
-8.6229999999999999e-07,120,110,185,159
-8.6319999999999995e-07,118,110,173,159
-8.6410000000000002e-07,120,110,186,159
-8.6499999999999998e-07,122,110,183,159
-8.6589999999999994e-07,122,110,184,159
-8.6680000000000001e-07,120,110,178,159
-8.6769999999999997e-07,122,110,190,159
-8.6860000000000004e-07,120,110,179,159
-8.695e-07,122,110,197,159
-8.7039999999999996e-07,120,110,185,159
-8.7130000000000003e-07,120,110,179,159
-8.7219999999999999e-07,120,110,184,159
-8.7309999999999995e-07,118,110,175,159
-8.7400000000000002e-07,122,112,189,167
-8.7489999999999998e-07,122,112,185,167
-8.7579999999999994e-07,122,112,182,167
-8.7670000000000001e-07,120,112,186,167
-8.7759999999999997e-07,122,112,186,167
-8.7850000000000004e-07,118,112,183,167
-8.794e-07,120,112,174,167
-8.8029999999999996e-07,120,112,177,167
-8.8120000000000003e-07,118,112,180,167
-8.8209999999999999e-07,120,112,178,167
-8.8299999999999995e-07,122,112,184,167
-8.8390000000000002e-07,122,112,178,167
-8.8479999999999998e-07,122,112,190,167
-8.8569999999999994e-07,122,112,186,167
-8.8660000000000001e-07,122,112,193,167
-8.8749999999999997e-07,120,112,178,167
-8.8840000000000004e-07,120,112,186,167
-8.893e-07,120,112,182,167
-8.9019999999999996e-07,122,112,192,167
-8.9110000000000003e-07,118,112,183,167
-8.9199999999999999e-07,120,112,181,172
-8.9289999999999996e-07,122,112,179,172
-8.9380000000000002e-07,118,112,183,172
-8.9469999999999998e-07,122,112,192,172
-8.9559999999999995e-07,120,112,179,172
-8.9650000000000001e-07,120,112,172,172
-8.9739999999999998e-07,118,112,181,172
-8.9829999999999994e-07,120,112,183,172
-8.9920000000000001e-07,120,112,184,172
-9.0009999999999997e-07,120,112,185,172
-9.0100000000000003e-07,122,112,192,172
-9.019e-07,120,112,176,172
-9.0279999999999996e-07,120,112,195,172
-9.0370000000000003e-07,118,112,183,172
-9.0459999999999999e-07,120,112,180,172
-9.0549999999999995e-07,118,112,185,172
-9.0640000000000002e-07,118,112,173,172
-9.0729999999999998e-07,120,112,188,172
-9.0819999999999994e-07,120,112,185,172
-9.0910000000000001e-07,120,112,185,172
-9.0999999999999997e-07,122,112,185,170
-9.1090000000000004e-07,122,112,199,170
-9.118e-07,118,112,184,170
-9.1269999999999996e-07,120,112,181,170
-9.1360000000000003e-07,120,112,174,170
-9.1449999999999999e-07,120,112,189,170
-9.1539999999999995e-07,118,112,178,170
-9.1630000000000002e-07,116,112,171,170
-9.1719999999999998e-07,120,112,175,170
-9.1809999999999994e-07,120,112,177,170
-9.1900000000000001e-07,120,112,181,170
-9.1989999999999997e-07,122,112,178,170
-9.2080000000000004e-07,120,112,176,170
-9.217e-07,120,112,183,170
-9.2259999999999996e-07,118,112,177,170
-9.2350000000000003e-07,118,112,179,170
-9.2439999999999999e-07,122,112,187,170
-9.2529999999999995e-07,118,112,178,170
-9.2620000000000002e-07,120,112,190,170
-9.2709999999999998e-07,120,112,181,170
-9.2799999999999995e-07,118,108,177,164
-9.2890000000000001e-07,120,108,187,164
-9.2979999999999997e-07,120,108,188,164
-9.3070000000000004e-07,118,108,175,164
-9.316e-07,120,108,186,164
-9.3249999999999997e-07,116,108,173,164
-9.3340000000000003e-07,122,108,194,164
-9.343e-07,120,108,176,164
-9.3519999999999996e-07,120,108,186,164
-9.3610000000000002e-07,122,108,186,164
-9.3699999999999999e-07,120,108,170,164
-9.3789999999999995e-07,120,108,178,164
-9.3880000000000002e-07,118,108,177,164
-9.3969999999999998e-07,118,108,180,164
-9.4059999999999994e-07,120,112,185,162
-9.4150000000000001e-07,120,112,180,162
-9.4239999999999997e-07,120,112,175,162
-9.4330000000000004e-07,120,112,188,162
-9.442e-07,120,112,178,162
-9.4509999999999996e-07,122,112,183,162
-9.4600000000000003e-07,122,112,174,162
-9.4689999999999999e-07,122,112,180,162
-9.4779999999999995e-07,122,112,182,162
-9.4870000000000002e-07,122,112,185,162
-9.4959999999999998e-07,122,112,183,162
-9.5049999999999994e-07,122,112,184,162
-9.5140000000000001e-07,122,112,171,162
-9.5229999999999997e-07,118,112,180,162
-9.5320000000000004e-07,122,112,184,162
-9.5409999999999989e-07,120,112,175,162
-9.5499999999999996e-07,120,112,179,162
-9.5590000000000003e-07,120,112,183,162
-9.5679999999999989e-07,120,112,184,162
-9.5769999999999995e-07,118,112,179,162
-9.5860000000000002e-07,120,112,190,162
-9.5950000000000009e-07,118,112,174,162
-9.6039999999999994e-07,120,108,177,162
-9.6130000000000001e-07,122,108,185,162
-9.6220000000000008e-07,120,108,190,162
-9.6309999999999994e-07,120,108,175,162
-9.64e-07,122,108,188,162
-9.6490000000000007e-07,118,108,173,162
-9.6579999999999993e-07,120,108,182,162
-9.6669999999999999e-07,122,108,182,162
-9.6760000000000006e-07,122,108,191,162
-9.6849999999999992e-07,118,108,178,162
-9.6939999999999999e-07,118,108,173,162
-9.7030000000000005e-07,118,108,177,162
-9.7119999999999991e-07,118,108,184,162
-9.7209999999999998e-07,114,108,186,162
-9.7300000000000004e-07,120,108,178,162
-9.738999999999999e-07,120,108,178,162
-9.7479999999999997e-07,120,108,171,162
-9.7570000000000003e-07,118,108,172,162
-9.7659999999999989e-07,122,110,187,170
-9.7749999999999996e-07,120,110,187,170
-9.7840000000000003e-07,120,110,183,170
-9.7930000000000009e-07,120,110,184,170
-9.8019999999999995e-07,122,110,188,170
-9.8110000000000002e-07,122,110,184,170
-9.8200000000000008e-07,118,110,176,170
-9.8289999999999994e-07,118,110,185,170
-9.8380000000000001e-07,122,110,185,170
-9.8470000000000008e-07,120,110,175,170
-9.8559999999999993e-07,118,110,186,170
-9.865e-07,118,110,183,170
-9.8740000000000007e-07,118,110,176,170
-9.8829999999999992e-07,120,110,174,170
-9.8919999999999999e-07,120,110,170,170
-9.9010000000000006e-07,118,110,182,170
-9.9099999999999991e-07,122,110,185,170
-9.9189999999999998e-07,120,110,182,170
-9.9280000000000005e-07,122,110,187,170
-9.936999999999999e-07,118,110,179,170
-9.9459999999999997e-07,122,110,175,170
-9.9550000000000004e-07,122,110,187,170
-9.963999999999999e-07,122,108,181,159
-9.9729999999999996e-07,118,108,174,159
-9.9820000000000003e-07,120,108,187,159
-9.9909999999999989e-07,122,108,182,159
1e-08,136,128,209,202
1.009e-08,138,128,201,202
1.0180000000000001e-08,136,126,212,191
1.027e-08,136,126,207,191
1.036e-08,136,134,203,207
1.0450000000000001e-08,136,134,206,207
1.054e-08,136,134,204,209
1.063e-08,138,134,212,209
1.0719999999999999e-08,130,132,200,197
1.0810000000000001e-08,136,126,215,191
1.09e-08,130,126,202,191
1.0989999999999999e-08,138,126,208,191
1.1080000000000001e-08,128,134,204,214
1.117e-08,134,136,202,209
1.126e-08,136,136,202,209
1.1350000000000001e-08,132,136,195,209
1.144e-08,136,134,204,198
1.153e-08,138,136,213,208
1.1620000000000001e-08,132,136,202,208
1.171e-08,136,136,195,208
1.18e-08,136,136,198,209
1.1890000000000001e-08,134,128,196,189
1.198e-08,134,128,211,189
1.207e-08,134,128,207,189
1.2160000000000001e-08,132,134,197,199
1.2250000000000001e-08,124,124,195,185
1.234e-08,134,124,204,185
1.2429999999999999e-08,132,134,194,211
1.2520000000000001e-08,132,134,204,211
1.261e-08,136,134,210,193
1.27e-08,136,134,208,193
1.2790000000000001e-08,128,134,208,208
1.288e-08,136,134,210,208
1.297e-08,130,126,186,184
1.3060000000000001e-08,134,126,201,184
1.315e-08,136,130,204,198
1.324e-08,136,128,204,197
1.3330000000000001e-08,136,128,208,197
1.342e-08,134,128,209,197
1.351e-08,136,132,202,203
1.3599999999999999e-08,130,134,179,203
1.369e-08,134,134,195,203
1.378e-08,136,134,208,203
1.3869999999999999e-08,130,130,197,203
1.3960000000000001e-08,136,132,203,203
1.405e-08,134,132,208,203
1.414e-08,130,132,193,203
1.4230000000000001e-08,132,134,198,212
1.432e-08,132,134,195,190
1.441e-08,134,134,205,190
1.4500000000000001e-08,134,134,204,190
1.459e-08,134,134,208,195
1.468e-08,136,134,204,198
1.4770000000000001e-08,132,134,203,198
1.486e-08,134,134,205,198
1.4950000000000002e-08,132,134,200,210
1.5040000000000001e-08,126,128,200,180
1.513e-08,134,128,201,180
1.522e-08,136,128,206,180
1.5309999999999999e-08,134,132,199,187
1.5399999999999999e-08,136,128,203,193
1.5490000000000002e-08,134,128,197,193
1.5580000000000001e-08,134,128,200,193
1.5670000000000001e-08,138,132,210,209
1.576e-08,132,134,193,213
1.585e-08,136,134,201,213
1.5939999999999999e-08,132,134,203,213
1.6029999999999999e-08,130,132,203,195
1.6120000000000001e-08,136,132,217,190
1.6210000000000001e-08,136,132,208,190
1.63e-08,136,132,213,190
1.639e-08,138,136,210,213
1.6479999999999999e-08,136,136,202,213
1.6569999999999999e-08,132,136,197,213
1.6660000000000002e-08,134,136,204,213
1.6750000000000001e-08,134,132,198,200
1.6840000000000001e-08,134,132,209,200
1.693e-08,132,132,203,200
1.702e-08,136,132,196,200
1.7109999999999999e-08,132,134,197,192
1.7200000000000002e-08,136,134,219,192
1.7290000000000001e-08,134,134,203,192
1.7380000000000001e-08,132,134,192,192
1.747e-08,130,132,198,195
1.756e-08,132,132,208,195
1.7649999999999999e-08,132,132,188,195
1.7739999999999999e-08,132,132,200,195
1.7830000000000002e-08,132,128,198,188
1.7920000000000001e-08,134,128,194,188
1.801e-08,134,128,201,188
1.81e-08,136,134,208,202
1.8189999999999999e-08,130,134,191,202
1.8279999999999999e-08,136,134,208,202
1.8370000000000002e-08,132,134,202,202
1.8460000000000001e-08,130,126,195,181
1.8550000000000001e-08,132,126,192,181
1.864e-08,132,126,204,181
1.873e-08,132,126,203,181
1.8819999999999999e-08,136,128,206,200
1.8909999999999999e-08,134,128,202,200
1.9000000000000001e-08,130,128,197,200
1.9090000000000001e-08,136,128,215,200
1.918e-08,134,128,212,200
1.927e-08,136,132,211,200
1.9359999999999999e-08,128,132,190,200
1.9449999999999999e-08,134,132,206,200
1.9540000000000002e-08,132,130,191,186
1.9630000000000001e-08,134,130,201,186
1.9720000000000001e-08,132,130,196,186
1.981e-08,136,130,196,186
1.99e-08,132,134,204,197
1.9989999999999999e-08,130,134,194,197
2.0079999999999998e-08,128,134,202,197
2.0170000000000001e-08,134,134,203,197
2.0260000000000001e-08,134,132,208,195
2.035e-08,134,132,193,195
2.044e-08,126,132,191,195
2.0529999999999999e-08,130,132,201,195
2.0619999999999999e-08,130,134,194,209
2.0710000000000001e-08,136,134,212,209
2.0800000000000001e-08,134,134,207,209
2.089e-08,130,134,187,209
2.098e-08,130,128,195,184
2.1069999999999999e-08,130,128,195,184
2.1159999999999999e-08,134,128,209,184
2.1250000000000002e-08,136,128,211,184
2.1340000000000001e-08,136,130,203,187
2.1430000000000001e-08,132,130,197,187
2.152e-08,136,130,202,187
2.161e-08,134,130,212,187
2.1699999999999999e-08,134,130,200,187
2.1789999999999999e-08,126,130,191,187
2.1880000000000001e-08,134,130,207,187
2.1970000000000001e-08,132,130,193,187
2.206e-08,132,130,205,209
2.215e-08,134,130,214,209
2.2239999999999999e-08,130,130,203,209
2.2329999999999999e-08,132,132,212,210
2.2420000000000002e-08,132,132,205,210
2.2510000000000001e-08,136,132,209,210
2.2600000000000001e-08,132,132,198,210
2.269e-08,130,132,199,210
2.278e-08,132,130,205,183
2.2869999999999999e-08,134,130,198,183
2.2960000000000002e-08,130,130,194,183
2.3050000000000001e-08,134,132,199,203
2.3140000000000001e-08,134,132,212,203
2.323e-08,136,132,208,203
2.332e-08,136,132,207,203
2.3409999999999999e-08,126,132,197,203
2.3499999999999999e-08,134,132,196,201
2.3590000000000001e-08,136,132,209,201
2.3680000000000001e-08,136,134,214,202
2.377e-08,136,134,204,202
2.386e-08,134,134,197,202
2.3949999999999999e-08,128,134,189,202
2.4039999999999999e-08,130,134,192,202
2.4130000000000002e-08,132,134,189,202
2.4220000000000001e-08,134,128,199,185
2.4310000000000001e-08,132,128,205,185
2.44e-08,132,130,206,205
2.449e-08,134,130,206,205
2.4579999999999999e-08,124,130,185,205
2.4669999999999999e-08,134,130,215,205
2.4760000000000001e-08,128,130,190,205
2.4850000000000001e-08,130,130,191,205
2.494e-08,134,130,211,195
2.503e-08,134,130,210,195
2.5119999999999999e-08,134,132,198,203
2.5209999999999999e-08,130,132,196,203
2.5300000000000002e-08,134,132,193,203
2.5390000000000001e-08,134,132,206,203
2.5480000000000001e-08,134,132,200,203
2.557e-08,132,130,210,197
2.5659999999999999e-08,134,130,208,197
2.5749999999999999e-08,132,130,205,197
2.5839999999999998e-08,132,132,194,195
2.5930000000000001e-08,134,132,203,195
2.6020000000000001e-08,126,132,184,195
2.611e-08,132,132,206,195
2.62e-08,134,132,206,195
2.6289999999999999e-08,126,130,203,202
2.6379999999999999e-08,130,130,198,202
2.6470000000000001e-08,124,130,184,202
2.6560000000000001e-08,134,130,197,198
2.665e-08,130,130,203,198
2.674e-08,128,130,197,198
2.6829999999999999e-08,130,130,199,198
2.6919999999999999e-08,134,130,206,198
2.7010000000000002e-08,132,134,203,210
2.7100000000000001e-08,130,134,200,210
2.7190000000000001e-08,134,132,202,194
2.728e-08,132,132,206,194
2.737e-08,134,132,203,194
2.7459999999999999e-08,134,132,206,194
2.7549999999999999e-08,132,132,199,194
2.7640000000000001e-08,134,132,202,194
2.7730000000000001e-08,130,132,203,194
2.782e-08,130,132,197,205
2.791e-08,134,130,203,189
2.7999999999999999e-08,134,130,202,189
2.8089999999999999e-08,132,130,203,189
2.8180000000000002e-08,128,130,194,189
2.8270000000000001e-08,130,130,193,189
2.8360000000000001e-08,134,130,202,189
2.845e-08,134,132,212,209
2.8539999999999999e-08,134,132,205,209
2.8629999999999999e-08,126,134,189,198
2.8720000000000002e-08,136,134,203,198
2.8810000000000001e-08,134,134,190,198
2.8900000000000001e-08,130,134,192,198
2.899e-08,134,134,198,198
2.908e-08,134,134,203,198
2.9169999999999999e-08,134,128,195,204
2.9259999999999999e-08,136,130,212,194
2.9350000000000001e-08,132,130,208,194
2.9440000000000001e-08,126,130,194,194
2.953e-08,134,130,198,194
2.962e-08,134,130,198,194
2.9709999999999999e-08,134,130,212,194
2.9799999999999999e-08,134,130,187,194
2.9889999999999998e-08,134,128,210,187
2.9980000000000001e-08,132,132,199,197
3.0069999999999997e-08,128,132,201,197
3.016e-08,130,132,196,197
3.0250000000000003e-08,128,132,180,197
3.0339999999999999e-08,134,132,213,197
3.0430000000000002e-08,134,132,209,197
3.0519999999999998e-08,134,132,210,197
3.0610000000000001e-08,132,132,187,203
3.0699999999999997e-08,134,132,204,207
3.079e-08,130,132,197,207
3.0880000000000003e-08,134,132,198,207
3.0969999999999999e-08,128,132,193,207
3.1060000000000002e-08,134,132,200,207
3.1149999999999998e-08,134,132,201,207
3.124e-08,134,132,207,211
3.1330000000000003e-08,132,130,209,205
3.1419999999999999e-08,134,130,206,205
3.1510000000000002e-08,132,130,190,205
3.1599999999999998e-08,132,130,198,205
3.1690000000000001e-08,134,130,213,205
3.1779999999999997e-08,128,130,194,205
3.187e-08,132,130,199,205
3.1960000000000003e-08,134,132,202,193
3.2049999999999999e-08,132,134,195,210
3.2140000000000002e-08,128,134,182,210
3.2229999999999998e-08,132,134,199,210
3.2320000000000001e-08,134,134,212,210
3.2409999999999997e-08,132,134,190,210
3.25e-08,132,134,202,210
3.2590000000000003e-08,132,134,203,210
3.2679999999999999e-08,132,134,200,210
3.2770000000000002e-08,134,132,193,204
3.2859999999999998e-08,134,132,217,204
3.2950000000000001e-08,134,132,213,204
3.3039999999999997e-08,136,132,213,204
3.313e-08,132,132,199,204
3.3220000000000002e-08,132,132,201,204
3.3309999999999999e-08,134,132,197,204
3.3400000000000001e-08,128,132,193,204
3.3489999999999997e-08,134,128,191,190
3.358e-08,134,128,206,190
3.3670000000000003e-08,132,128,199,190
3.3759999999999999e-08,132,128,200,190
3.3850000000000002e-08,136,128,200,190
3.3939999999999998e-08,130,128,193,190
3.4030000000000001e-08,134,128,199,190
3.4119999999999997e-08,132,130,203,200
3.421e-08,132,132,204,203
3.4300000000000003e-08,136,132,214,203
3.4389999999999999e-08,126,132,193,203
3.4480000000000002e-08,134,132,192,203
3.4569999999999998e-08,134,132,202,203
3.4660000000000001e-08,132,132,192,203
3.4749999999999997e-08,128,132,197,203
3.484e-08,134,130,212,203
3.4930000000000002e-08,134,130,208,203
3.5019999999999999e-08,136,130,213,203
3.5110000000000001e-08,130,130,193,203
3.5199999999999998e-08,132,130,195,203
3.529e-08,134,130,201,203
3.5380000000000003e-08,128,130,184,203
3.5469999999999999e-08,134,130,205,203
3.5560000000000002e-08,134,132,199,204
3.5649999999999998e-08,132,132,210,204
3.5740000000000001e-08,128,132,186,204
3.5829999999999997e-08,128,132,188,204
3.592e-08,128,132,183,204
3.6010000000000003e-08,126,132,190,204
3.6099999999999999e-08,132,132,198,204
3.6190000000000002e-08,134,132,207,204
3.6279999999999998e-08,132,130,205,198
3.6370000000000001e-08,132,130,197,198
3.6459999999999997e-08,134,130,199,198
3.655e-08,134,130,202,198
3.6640000000000003e-08,132,130,203,198
3.6729999999999999e-08,126,130,192,198
3.6820000000000001e-08,130,130,195,198
3.6909999999999998e-08,128,134,202,201
3.7e-08,130,134,205,201
3.7090000000000003e-08,134,134,215,201
3.7179999999999999e-08,134,134,206,201
3.7270000000000002e-08,126,134,181,201
3.7359999999999998e-08,130,134,192,201
3.7450000000000001e-08,130,134,189,201
3.7539999999999997e-08,132,134,203,201
3.763e-08,130,134,196,201
3.7720000000000003e-08,126,132,184,201
3.7809999999999999e-08,132,132,206,201
3.7900000000000002e-08,134,132,201,201
3.7989999999999998e-08,128,132,200,201
3.8080000000000001e-08,132,132,193,201
3.8169999999999997e-08,130,132,203,201
3.826e-08,130,132,199,201
3.8350000000000003e-08,130,132,196,197
3.8439999999999999e-08,134,132,217,197
3.8530000000000002e-08,130,132,190,197
3.8619999999999998e-08,132,132,200,197
3.8710000000000001e-08,134,132,199,197
3.8800000000000003e-08,130,132,201,197
3.889e-08,132,132,191,197
3.8980000000000002e-08,132,132,209,197
3.9069999999999998e-08,132,132,200,197
3.9160000000000001e-08,128,130,199,195
3.9249999999999997e-08,130,130,202,195
3.934e-08,130,130,186,195
3.9430000000000003e-08,132,130,198,195
3.9519999999999999e-08,130,130,190,195
3.9610000000000002e-08,132,130,196,195
3.9699999999999998e-08,132,130,191,195
3.9790000000000001e-08,132,132,209,196
3.9879999999999997e-08,132,132,195,196
3.997e-08,130,132,196,196
4.0060000000000003e-08,134,132,197,196
4.0149999999999999e-08,132,132,188,196
4.0240000000000002e-08,132,132,199,196
4.0329999999999998e-08,132,132,205,196
4.0420000000000001e-08,128,132,195,196
4.0509999999999997e-08,132,132,206,199
4.06e-08,134,132,206,199
4.0690000000000002e-08,132,132,207,199
4.0779999999999999e-08,132,132,195,199
4.0870000000000001e-08,134,132,204,199
4.0959999999999998e-08,134,132,207,199
4.105e-08,130,132,190,199
4.1140000000000003e-08,128,132,191,211
4.1229999999999999e-08,128,132,196,211
4.1320000000000002e-08,128,132,199,211
4.1409999999999998e-08,132,132,191,211
4.1500000000000001e-08,134,132,209,211
4.1589999999999997e-08,134,132,212,211
4.168e-08,134,132,208,211
4.1770000000000003e-08,130,132,193,211
4.1859999999999999e-08,134,132,199,211
4.1950000000000002e-08,134,128,193,193
4.2039999999999998e-08,132,128,212,193
4.2130000000000001e-08,130,128,192,193
4.2219999999999997e-08,128,128,184,193
4.231e-08,132,128,204,193
4.2400000000000002e-08,134,128,207,193
4.2489999999999999e-08,132,128,195,202
4.2580000000000001e-08,132,128,206,202
4.2669999999999998e-08,132,128,200,202
4.276e-08,130,128,188,202
4.2850000000000003e-08,134,128,201,202
4.2939999999999999e-08,130,128,187,202
4.3030000000000002e-08,126,128,188,202
4.3119999999999998e-08,134,128,205,202
4.3210000000000001e-08,130,128,188,202
4.3299999999999997e-08,132,128,200,202
4.339e-08,130,128,197,187
4.3480000000000003e-08,132,128,196,187
4.3569999999999999e-08,132,128,195,187
4.3660000000000002e-08,130,128,187,187
4.3749999999999998e-08,128,128,203,187
4.3840000000000001e-08,134,128,201,187
4.3929999999999997e-08,132,128,202,197
4.402e-08,130,128,197,197
4.4110000000000003e-08,132,128,196,197
4.4199999999999999e-08,132,128,187,197
4.4290000000000002e-08,130,128,209,197
4.4379999999999998e-08,134,128,205,197
4.447e-08,132,128,194,197
4.4559999999999997e-08,132,128,193,197
4.4649999999999999e-08,132,128,199,197
4.4740000000000002e-08,124,128,179,197
4.4829999999999998e-08,134,132,212,204
4.4920000000000001e-08,132,132,201,204
4.5009999999999997e-08,132,132,210,204
4.51e-08,132,132,211,204
4.5190000000000003e-08,130,132,199,204
4.5279999999999999e-08,132,128,209,194
4.5370000000000002e-08,134,128,201,194
4.5459999999999998e-08,134,128,213,194
4.5550000000000001e-08,130,128,201,194
4.5639999999999997e-08,132,128,201,194
4.573e-08,130,128,183,194
4.5820000000000003e-08,132,128,194,194
4.5909999999999999e-08,132,128,199,194
4.6000000000000002e-08,132,128,206,194
4.6089999999999998e-08,134,128,193,194
4.6180000000000001e-08,126,128,200,194
4.6269999999999997e-08,134,130,215,194
4.636e-08,132,130,205,194
4.6450000000000002e-08,132,130,203,194
4.6539999999999999e-08,132,130,199,194
4.6630000000000001e-08,134,130,206,194
4.6719999999999997e-08,132,126,197,198
4.681e-08,134,126,196,198
4.6900000000000003e-08,128,126,195,198
4.6989999999999999e-08,130,126,194,198
4.7080000000000002e-08,132,126,201,198
4.7169999999999998e-08,130,126,201,198
4.7260000000000001e-08,134,126,196,198
4.7349999999999997e-08,134,126,199,198
4.744e-08,134,126,212,198
4.7530000000000003e-08,130,126,200,198
4.7619999999999999e-08,134,132,194,196
4.7710000000000002e-08,134,132,201,196
4.7799999999999998e-08,134,132,202,196
4.7890000000000001e-08,132,132,206,196
4.7979999999999997e-08,134,132,200,196
4.807e-08,134,132,204,194
4.8160000000000002e-08,134,132,203,194
4.8249999999999999e-08,132,132,194,194
4.8340000000000001e-08,132,132,188,194
4.8429999999999998e-08,132,132,201,194
4.852e-08,128,132,185,194
4.8610000000000003e-08,134,132,197,194
4.8699999999999999e-08,130,132,206,194
4.8790000000000002e-08,134,132,198,194
4.8879999999999998e-08,130,132,196,194
4.8970000000000001e-08,128,132,199,194
4.9059999999999997e-08,132,132,195,200
4.915e-08,134,132,201,200
4.9240000000000003e-08,130,132,205,200
4.9329999999999999e-08,132,132,193,200
4.9420000000000002e-08,130,132,194,200
4.9509999999999998e-08,132,124,202,191
4.9600000000000001e-08,128,124,190,191
4.9689999999999997e-08,134,124,205,191
4.978e-08,134,124,202,191
4.9870000000000003e-08,130,124,195,191
4.9959999999999999e-08,130,124,195,191
5.0050000000000001e-08,134,124,208,187
5.0139999999999998e-08,132,124,205,187
5.023e-08,134,124,203,187
5.0320000000000003e-08,130,124,190,187
5.0409999999999999e-08,132,124,195,187
5.0500000000000002e-08,130,124,205,187
5.0589999999999998e-08,132,124,203,191
5.0680000000000001e-08,132,124,202,191
5.0769999999999997e-08,132,124,198,191
5.086e-08,132,114,197,161
5.0950000000000003e-08,130,114,201,161
5.1039999999999999e-08,132,114,196,161
5.1130000000000002e-08,134,114,209,161
5.1219999999999998e-08,134,114,206,161
5.1310000000000001e-08,130,114,197,161
5.1399999999999997e-08,132,114,196,161
5.149e-08,130,114,192,161
5.1580000000000003e-08,130,114,193,161
5.1669999999999999e-08,134,114,201,161
5.1760000000000002e-08,134,114,197,161
5.1849999999999998e-08,128,114,190,161
5.1940000000000001e-08,132,124,203,187
5.2029999999999997e-08,132,124,195,187
5.212e-08,134,124,210,187
5.2210000000000002e-08,130,124,195,187
5.2299999999999998e-08,130,124,188,187
5.2390000000000001e-08,132,124,204,187
5.2479999999999997e-08,130,124,194,187
5.257e-08,126,124,182,187
5.2660000000000003e-08,134,120,201,176
5.2749999999999999e-08,130,120,202,176
5.2840000000000002e-08,132,120,200,176
5.2929999999999998e-08,134,120,209,176
5.3020000000000001e-08,132,120,203,176
5.3109999999999997e-08,132,120,197,176
5.32e-08,132,120,197,176
5.3290000000000003e-08,134,120,212,176
5.3379999999999999e-08,130,120,200,176
5.3470000000000002e-08,130,120,198,176
5.3559999999999998e-08,132,120,197,176
5.3650000000000001e-08,134,120,207,176
5.3739999999999997e-08,126,120,192,189
5.383e-08,130,120,184,189
5.3920000000000002e-08,132,120,194,189
5.4009999999999999e-08,132,120,200,189
5.4100000000000001e-08,134,120,195,189
5.4189999999999998e-08,134,120,210,189
5.428e-08,128,120,188,189
5.4370000000000003e-08,132,120,204,189
5.4459999999999999e-08,132,118,203,174
5.4550000000000002e-08,130,118,192,174
5.4639999999999998e-08,132,118,195,174
5.4730000000000001e-08,132,118,192,174
5.4819999999999997e-08,130,118,192,174
5.491e-08,132,118,194,174
5.5000000000000003e-08,132,118,192,174
5.5089999999999999e-08,132,118,205,174
5.5180000000000002e-08,132,118,205,174
5.5269999999999998e-08,134,118,208,174
5.5360000000000001e-08,128,118,190,174
5.5449999999999997e-08,132,118,202,174
5.554e-08,132,122,205,186
5.5630000000000002e-08,132,122,197,186
5.5719999999999999e-08,128,122,189,186
5.5810000000000001e-08,132,122,224,186
5.5899999999999998e-08,134,122,205,186
5.599e-08,130,122,199,186
5.6079999999999997e-08,134,122,211,186
5.6169999999999999e-08,132,122,207,186
5.6260000000000002e-08,130,124,189,186
5.6349999999999998e-08,132,124,192,186
5.6440000000000001e-08,132,124,198,186
5.6529999999999997e-08,132,124,200,186
5.662e-08,134,124,201,186
5.6710000000000003e-08,130,124,191,186
5.6799999999999999e-08,130,124,193,186
5.6890000000000002e-08,132,124,202,186
5.6979999999999998e-08,132,124,209,186
5.7070000000000001e-08,134,124,203,186
5.7159999999999997e-08,130,124,185,186
5.725e-08,132,124,200,186
5.7340000000000003e-08,132,124,198,184
5.7429999999999999e-08,130,124,205,184
5.7520000000000002e-08,132,124,204,184
5.7609999999999998e-08,132,124,204,184
5.7700000000000001e-08,134,124,198,184
5.7789999999999997e-08,132,124,204,184
5.7879999999999999e-08,132,124,198,184
5.7970000000000002e-08,132,124,197,184
5.8059999999999998e-08,128,122,182,187
5.8150000000000001e-08,132,122,199,187
5.8239999999999997e-08,128,122,197,187
5.833e-08,128,122,204,187
5.8420000000000003e-08,126,122,194,187
5.8509999999999999e-08,130,122,201,187
5.8600000000000002e-08,130,122,199,187
5.8689999999999998e-08,134,122,210,187
5.8780000000000001e-08,132,122,193,187
5.8869999999999997e-08,132,122,205,187
5.896e-08,130,122,194,187
5.9050000000000003e-08,130,122,194,187
5.9139999999999999e-08,132,122,193,187
5.9230000000000002e-08,130,124,194,186
5.9319999999999998e-08,126,124,187,186
5.9410000000000001e-08,130,124,201,186
5.9499999999999997e-08,130,124,192,186
5.959e-08,130,124,196,186
5.9680000000000002e-08,134,124,197,186
5.9769999999999999e-08,128,120,187,183
5.9859999999999995e-08,134,120,209,183
5.9950000000000004e-08,132,120,210,183
6.004e-08,130,120,201,183
6.0129999999999996e-08,132,120,198,183
6.0220000000000006e-08,128,120,187,183
6.0310000000000002e-08,130,120,193,183
6.0399999999999998e-08,130,120,193,183
6.0489999999999994e-08,132,120,197,183
6.0580000000000004e-08,130,120,190,183
6.067e-08,134,120,201,183
6.0759999999999996e-08,132,120,200,183
6.0850000000000006e-08,132,120,200,183
6.0940000000000002e-08,130,120,193,183
6.1029999999999998e-08,130,124,199,191
6.1119999999999994e-08,132,124,203,191
6.1210000000000003e-08,132,124,195,191
6.13e-08,132,124,198,191
6.1389999999999996e-08,130,124,190,191
6.1480000000000005e-08,130,124,201,191
6.1570000000000001e-08,124,124,184,192
6.1659999999999998e-08,132,124,185,192
6.1749999999999994e-08,132,124,200,192
6.1840000000000003e-08,132,124,207,192
6.1929999999999999e-08,130,124,201,192
6.2019999999999996e-08,132,124,195,192
6.2110000000000005e-08,130,124,201,192
6.2200000000000001e-08,128,124,205,192
6.2289999999999997e-08,128,124,195,192
6.2379999999999993e-08,132,124,208,192
6.2470000000000003e-08,130,124,200,192
6.2559999999999999e-08,132,124,211,192
6.2649999999999995e-08,132,124,197,192
6.2740000000000005e-08,132,124,187,192
6.2830000000000001e-08,132,118,201,180
6.2919999999999997e-08,130,118,194,180
6.3010000000000006e-08,132,118,203,180
6.3100000000000003e-08,132,118,193,180
6.3189999999999999e-08,128,118,204,180
6.3279999999999995e-08,130,118,205,180
6.3370000000000004e-08,132,124,202,191
6.346e-08,132,124,196,191
6.3549999999999997e-08,132,124,197,191
6.3640000000000006e-08,130,124,195,191
6.3730000000000002e-08,132,124,208,191
6.3819999999999998e-08,128,124,197,191
6.3909999999999995e-08,134,124,209,191
6.4000000000000004e-08,132,124,193,191
6.409e-08,130,124,193,191
6.4179999999999996e-08,126,124,193,191
6.4270000000000006e-08,132,124,197,191
6.4360000000000002e-08,132,124,193,191
6.4449999999999998e-08,132,124,210,191
6.4539999999999994e-08,130,124,198,191
6.4630000000000004e-08,130,122,206,185
6.472e-08,134,120,210,175
6.4809999999999996e-08,132,120,202,175
6.4900000000000005e-08,130,120,202,175
6.4990000000000002e-08,134,120,204,175
6.5079999999999998e-08,134,120,206,175
6.5169999999999994e-08,130,120,195,175
6.5260000000000003e-08,130,120,198,175
6.535e-08,132,120,204,175
6.5439999999999996e-08,128,120,188,175
6.5530000000000005e-08,132,120,194,175
6.5620000000000001e-08,130,120,205,175
6.5709999999999997e-08,130,120,203,175
6.5799999999999994e-08,130,120,190,175
6.5890000000000003e-08,124,120,195,175
6.5979999999999999e-08,130,120,207,174
6.6069999999999995e-08,128,120,195,174
6.6160000000000005e-08,132,120,204,174
6.6250000000000001e-08,132,120,198,174
6.6339999999999997e-08,132,120,212,174
6.6429999999999993e-08,130,120,195,174
6.6520000000000003e-08,128,114,200,170
6.6609999999999999e-08,130,114,199,170
6.6699999999999995e-08,130,114,204,170
6.6790000000000004e-08,130,114,206,170
6.6880000000000001e-08,130,114,197,170
6.6969999999999997e-08,130,114,202,170
6.7060000000000006e-08,128,114,173,170
6.7150000000000002e-08,132,114,197,170
6.7239999999999999e-08,130,114,193,170
6.7329999999999995e-08,132,114,199,170
6.7420000000000004e-08,130,114,198,170
6.751e-08,128,114,190,170
6.7599999999999997e-08,132,114,195,170
6.7690000000000006e-08,124,114,185,170
6.7780000000000002e-08,128,118,192,184
6.7869999999999998e-08,132,118,205,184
6.7959999999999994e-08,130,118,191,184
6.8050000000000004e-08,128,118,196,184
6.814e-08,132,118,193,184
6.8229999999999996e-08,130,122,200,184
6.8320000000000006e-08,132,122,199,184
6.8410000000000002e-08,132,122,200,184
6.8499999999999998e-08,132,122,189,184
6.8589999999999994e-08,128,122,194,184
6.8680000000000004e-08,130,122,196,184
6.877e-08,130,122,197,184
6.8859999999999996e-08,132,122,194,184
6.8950000000000005e-08,132,122,203,184
6.9040000000000001e-08,132,122,200,184
6.9129999999999998e-08,130,122,204,184
6.9219999999999994e-08,132,122,201,184
6.9310000000000003e-08,132,122,195,184
6.9399999999999999e-08,132,122,192,184
6.9489999999999996e-08,132,122,195,184
6.9580000000000005e-08,130,122,186,184
6.9670000000000001e-08,130,122,181,174
6.9759999999999997e-08,130,122,196,174
6.9849999999999994e-08,130,122,198,174
6.9940000000000003e-08,130,122,199,174
7.0029999999999999e-08,130,122,197,178
7.0119999999999995e-08,132,122,196,178
7.0210000000000005e-08,132,122,192,178
7.0300000000000001e-08,130,122,203,178
7.0389999999999997e-08,130,122,194,178
7.0480000000000006e-08,130,122,189,178
7.0570000000000003e-08,132,122,202,178
7.0659999999999999e-08,132,122,192,178
7.0749999999999995e-08,130,122,195,178
7.0840000000000004e-08,134,122,206,178
7.0930000000000001e-08,126,122,191,178
7.1019999999999997e-08,132,122,205,178
7.1110000000000006e-08,130,122,192,178
7.1200000000000002e-08,132,122,196,178
7.1289999999999998e-08,134,122,210,178
7.1379999999999995e-08,130,122,189,178
7.1470000000000004e-08,132,120,210,178
7.156e-08,128,120,207,178
7.1649999999999996e-08,132,120,196,178
7.1740000000000006e-08,132,120,204,178
7.1830000000000002e-08,132,122,201,187
7.1919999999999998e-08,134,122,212,187
7.2009999999999994e-08,134,122,208,187
7.2100000000000004e-08,132,122,201,187
7.219e-08,134,122,204,187
7.2279999999999996e-08,124,122,189,187
7.2370000000000005e-08,126,122,191,187
7.2460000000000002e-08,128,122,207,187
7.2549999999999998e-08,132,122,204,187
7.2639999999999994e-08,132,122,195,187
7.2730000000000003e-08,130,122,202,187
7.282e-08,128,122,184,187
7.2909999999999996e-08,132,122,205,187
7.3000000000000005e-08,132,122,202,187
7.3090000000000001e-08,130,122,198,187
7.3179999999999998e-08,130,122,191,187
7.3269999999999994e-08,132,122,203,200
7.3360000000000003e-08,132,122,201,200
7.3449999999999999e-08,130,122,198,200
7.3539999999999995e-08,132,122,192,200
7.3630000000000005e-08,130,122,202,188
7.3720000000000001e-08,128,122,197,188
7.3809999999999997e-08,132,122,209,188
7.3899999999999993e-08,132,122,205,188
7.3990000000000003e-08,132,122,206,188
7.4079999999999999e-08,130,122,202,188
7.4169999999999995e-08,130,122,194,188
7.4260000000000005e-08,128,122,199,188
7.4350000000000001e-08,132,122,201,188
7.4439999999999997e-08,132,122,200,188
7.4530000000000006e-08,134,122,201,188
7.4620000000000002e-08,132,122,208,188
7.4709999999999999e-08,134,122,200,188
7.4799999999999995e-08,130,122,203,188
7.4890000000000004e-08,130,122,189,188
7.498e-08,132,122,202,188
7.5069999999999997e-08,130,118,198,187
7.5160000000000006e-08,128,118,202,187
7.5250000000000002e-08,128,118,186,187
7.5339999999999998e-08,132,118,206,187
7.5429999999999995e-08,130,120,201,178
7.5520000000000004e-08,132,120,195,178
7.561e-08,132,120,206,178
7.5699999999999996e-08,130,120,200,178
7.5790000000000006e-08,130,120,194,178
7.5880000000000002e-08,132,120,193,178
7.5969999999999998e-08,132,120,201,178
7.6059999999999994e-08,128,120,201,178
7.6150000000000004e-08,130,120,197,178
7.624e-08,126,120,189,178
7.6329999999999996e-08,128,120,200,178
7.6420000000000005e-08,132,120,200,178
7.6510000000000002e-08,130,120,196,178
7.6599999999999998e-08,132,120,202,178
7.6689999999999994e-08,128,120,186,178
7.6780000000000003e-08,132,120,191,178
7.6869999999999999e-08,128,118,203,177
7.6959999999999996e-08,130,118,197,177
7.7050000000000005e-08,130,118,205,177
7.7140000000000001e-08,130,122,198,183
7.7229999999999997e-08,132,122,196,183
7.7319999999999994e-08,130,122,198,183
7.7410000000000003e-08,132,122,197,183
7.7499999999999999e-08,132,122,205,183
7.7589999999999995e-08,132,122,200,183
7.7680000000000005e-08,132,122,188,183
7.7770000000000001e-08,130,122,190,183
7.7859999999999997e-08,130,122,207,183
7.7949999999999993e-08,132,122,194,183
7.8040000000000003e-08,132,122,199,183
7.8129999999999999e-08,132,122,203,183
7.8219999999999995e-08,132,122,202,183
7.8310000000000004e-08,130,122,201,183
7.8400000000000001e-08,124,122,190,183
7.8489999999999997e-08,130,122,196,183
7.8580000000000006e-08,132,122,202,183
7.8670000000000002e-08,130,122,193,183
7.8759999999999999e-08,130,116,195,176
7.8849999999999995e-08,130,116,199,176
7.8940000000000004e-08,132,116,193,176
7.903e-08,132,116,201,176
7.9119999999999996e-08,130,116,200,176
7.9210000000000006e-08,134,116,195,176
7.9300000000000002e-08,130,116,196,176
7.9389999999999998e-08,130,116,192,176
7.9479999999999994e-08,124,116,198,176
7.9570000000000004e-08,130,116,199,176
7.966e-08,128,116,189,176
7.9749999999999996e-08,128,116,187,176
7.9840000000000006e-08,130,116,197,176
7.9930000000000002e-08,132,116,198,176
8.0019999999999998e-08,128,116,193,176
8.0109999999999994e-08,130,124,189,194
8.0200000000000003e-08,132,124,196,194
8.029e-08,132,122,203,187
8.0379999999999996e-08,130,122,193,187
8.0470000000000005e-08,124,122,186,187
8.0560000000000001e-08,132,122,203,187
8.0649999999999998e-08,128,122,199,187
8.0739999999999994e-08,132,122,199,187
8.0830000000000003e-08,132,122,202,187
8.0919999999999999e-08,128,122,190,187
8.1009999999999995e-08,132,122,199,187
8.1100000000000005e-08,130,122,206,187
8.1190000000000001e-08,132,122,200,187
8.1279999999999997e-08,130,122,199,187
8.1369999999999993e-08,130,122,195,187
8.1460000000000003e-08,132,122,212,187
8.1549999999999999e-08,132,122,199,187
8.1639999999999995e-08,126,122,193,187
8.1730000000000005e-08,130,122,201,187
8.1820000000000001e-08,130,122,194,187
8.1909999999999997e-08,130,120,200,174
8.1999999999999993e-08,130,120,191,174
8.2090000000000003e-08,132,120,199,179
8.2179999999999999e-08,130,120,202,179
8.2269999999999995e-08,130,120,205,179
8.2360000000000004e-08,130,120,199,179
8.245e-08,128,120,194,179
8.2539999999999997e-08,130,120,192,179
8.2630000000000006e-08,124,120,184,179
8.2720000000000002e-08,128,120,185,179
8.2809999999999998e-08,130,120,194,179
8.2899999999999995e-08,130,120,196,179
8.2990000000000004e-08,132,120,211,179
8.308e-08,128,120,199,179
8.3169999999999996e-08,128,120,187,179
8.3260000000000006e-08,132,120,203,179
8.3350000000000002e-08,130,120,194,179
8.3439999999999998e-08,132,120,199,179
8.3529999999999994e-08,130,120,202,179
8.3620000000000004e-08,128,120,186,179
8.371e-08,132,120,194,180
8.3799999999999996e-08,130,120,196,180
8.3890000000000005e-08,130,120,191,174
8.3980000000000002e-08,132,120,198,174
8.4069999999999998e-08,130,120,196,174
8.4159999999999994e-08,132,120,199,174
8.4250000000000003e-08,130,120,191,174
8.434e-08,128,120,193,174
8.4429999999999996e-08,130,120,195,174
8.4520000000000005e-08,132,120,201,174
8.4610000000000001e-08,132,120,206,174
8.4699999999999997e-08,132,120,199,174
8.4789999999999994e-08,130,120,199,174
8.4880000000000003e-08,124,120,180,174
8.4969999999999999e-08,130,120,203,174
8.5059999999999995e-08,128,120,200,174
8.5150000000000005e-08,130,120,198,174
8.5240000000000001e-08,132,120,212,174
8.5329999999999997e-08,130,120,186,174
8.5419999999999993e-08,132,120,198,174
8.5510000000000003e-08,132,122,206,184
8.5599999999999999e-08,132,122,189,182
8.5689999999999995e-08,132,122,199,182
8.5780000000000004e-08,128,122,202,182
8.5870000000000001e-08,130,122,196,182
8.5959999999999997e-08,130,122,190,182
8.6050000000000006e-08,132,122,198,182
8.6140000000000002e-08,132,122,202,182
8.6229999999999999e-08,132,122,206,182
8.6319999999999995e-08,132,122,200,182
8.6410000000000004e-08,130,122,200,182
8.65e-08,128,122,188,182
8.6589999999999996e-08,130,122,198,182
8.6680000000000006e-08,128,122,196,182
8.6770000000000002e-08,126,122,191,182
8.6859999999999998e-08,132,122,200,182
8.6949999999999994e-08,128,122,197,182
8.7040000000000004e-08,130,122,206,182
8.713e-08,130,122,204,182
8.7219999999999996e-08,128,122,187,182
8.7310000000000006e-08,132,122,201,182
8.7400000000000002e-08,124,122,187,181
8.7489999999999998e-08,132,122,202,181
8.7579999999999994e-08,130,122,198,181
8.7670000000000004e-08,128,122,191,181
8.776e-08,130,122,203,181
8.7849999999999996e-08,132,122,204,181
8.7940000000000005e-08,128,122,196,181
8.8030000000000001e-08,130,122,200,181
8.8119999999999998e-08,130,122,196,181
8.8209999999999994e-08,130,122,186,181
8.8300000000000003e-08,124,122,181,181
8.8389999999999999e-08,132,122,193,181
8.8479999999999996e-08,132,122,206,181
8.8570000000000005e-08,130,122,205,181
8.8660000000000001e-08,128,122,197,181
8.8749999999999997e-08,130,122,192,181
8.8839999999999993e-08,132,122,195,181
8.8930000000000003e-08,130,122,188,181
8.9019999999999999e-08,132,122,201,181
8.9109999999999995e-08,130,122,202,181
8.9200000000000005e-08,132,122,204,185
8.9290000000000001e-08,130,122,204,185
8.9379999999999997e-08,132,122,206,185
8.9469999999999993e-08,132,122,206,185
8.9560000000000003e-08,132,122,209,185
8.9649999999999999e-08,132,122,203,185
8.9739999999999995e-08,130,122,206,185
8.9830000000000004e-08,130,122,199,185
8.9920000000000001e-08,132,122,198,185
9.0009999999999997e-08,132,122,204,185
9.0100000000000006e-08,132,122,203,185
9.0190000000000002e-08,132,122,197,185
9.0279999999999998e-08,132,122,204,185
9.0369999999999995e-08,132,122,205,185
9.0460000000000004e-08,132,122,199,185
9.055e-08,132,122,197,185
9.0639999999999996e-08,132,122,194,185
9.0730000000000006e-08,132,122,204,185
9.0820000000000002e-08,130,122,197,185
9.0909999999999998e-08,128,122,189,185
9.0999999999999994e-08,132,122,205,181
9.1090000000000004e-08,130,122,197,181
9.118e-08,130,122,195,181
9.1269999999999996e-08,132,122,202,181
9.1360000000000005e-08,130,122,191,181
9.1450000000000002e-08,128,122,194,181
9.1539999999999998e-08,132,122,196,181
9.1629999999999994e-08,130,122,200,181
9.1720000000000003e-08,128,122,202,181
9.181e-08,130,122,206,181
9.1899999999999996e-08,130,122,195,181
9.1990000000000005e-08,128,122,192,181
9.2080000000000001e-08,132,122,199,181
9.2169999999999997e-08,130,122,199,181
9.2259999999999994e-08,132,122,208,181
9.2350000000000003e-08,132,122,201,181
9.2439999999999999e-08,132,122,202,181
9.2529999999999995e-08,132,122,198,181
9.2620000000000005e-08,128,122,195,181
9.2710000000000001e-08,128,122,197,181
9.2799999999999997e-08,130,122,194,178
9.2889999999999993e-08,130,122,196,178
9.2980000000000003e-08,130,122,197,178
9.3069999999999999e-08,132,122,193,178
9.3159999999999995e-08,132,122,202,178
9.3250000000000005e-08,130,122,209,178
9.3340000000000001e-08,132,122,201,178
9.3429999999999997e-08,128,122,196,178
9.3520000000000006e-08,126,122,197,178
9.3610000000000002e-08,132,122,194,178
9.3699999999999999e-08,132,122,206,178
9.3789999999999995e-08,132,122,198,178
9.3880000000000004e-08,132,122,208,178
9.397e-08,124,122,189,178
9.4059999999999997e-08,132,122,206,190
9.4150000000000006e-08,128,122,196,190
9.4240000000000002e-08,126,122,198,190
9.4329999999999998e-08,130,122,202,190
9.4419999999999994e-08,122,122,178,190
9.4510000000000004e-08,132,122,200,190
9.46e-08,130,122,198,190
9.4689999999999996e-08,128,122,199,190
9.4780000000000006e-08,128,122,189,190
9.4870000000000002e-08,128,122,191,190
9.4959999999999998e-08,130,122,197,190
9.5049999999999994e-08,132,122,191,190
9.5140000000000004e-08,130,122,199,190
9.523e-08,132,122,198,190
9.5319999999999996e-08,132,122,188,190
9.5410000000000005e-08,130,122,194,190
9.5500000000000002e-08,132,122,193,190
9.5589999999999998e-08,132,122,196,190
9.5679999999999994e-08,130,122,200,190
9.5770000000000003e-08,130,122,193,190
9.5859999999999999e-08,130,122,200,190
9.5949999999999996e-08,132,122,211,190
9.6040000000000005e-08,132,118,197,181
9.6130000000000001e-08,128,118,200,181
9.6219999999999997e-08,126,118,191,181
9.6309999999999994e-08,128,118,204,181
9.6400000000000003e-08,132,118,208,181
9.6489999999999999e-08,130,118,199,181
9.6579999999999995e-08,134,118,204,181
9.6670000000000005e-08,132,118,193,181
9.6760000000000001e-08,130,118,195,181
9.6849999999999997e-08,130,118,199,181
9.6939999999999993e-08,132,118,194,181
9.7030000000000003e-08,132,118,194,181
9.7119999999999999e-08,130,118,192,181
9.7209999999999995e-08,130,118,199,181
9.7300000000000004e-08,130,118,198,181
9.7390000000000001e-08,130,118,192,181
9.7479999999999997e-08,132,118,207,181
9.7570000000000006e-08,132,118,208,181
9.7660000000000002e-08,132,122,197,191
9.7749999999999998e-08,130,122,204,191
9.7839999999999995e-08,132,122,194,191
9.7930000000000004e-08,132,122,210,191
9.802e-08,128,122,194,191
9.8109999999999996e-08,134,122,204,191
9.8200000000000006e-08,128,122,190,191
9.8290000000000002e-08,130,122,208,191
9.8379999999999998e-08,132,122,212,191
9.8469999999999994e-08,132,122,200,191
9.8560000000000004e-08,130,122,202,191
9.865e-08,128,122,195,191
9.8739999999999996e-08,132,122,199,191
9.8830000000000006e-08,124,122,190,191
9.8920000000000002e-08,132,122,191,191
9.9009999999999998e-08,132,122,202,191
9.9099999999999994e-08,132,122,218,191
9.9190000000000003e-08,130,122,199,191
9.928e-08,132,122,198,191
9.9369999999999996e-08,134,122,206,191
9.9460000000000005e-08,132,122,216,191
9.9550000000000001e-08,130,122,196,191
9.9639999999999998e-08,132,118,194,178
9.9729999999999994e-08,132,118,195,178
9.9820000000000003e-08,132,118,203,178
9.9909999999999999e-08,124,118,191,178
-1e-08,136,128,200,189
-1.009e-08,138,128,207,189
-1.0180000000000001e-08,136,126,201,189
-1.027e-08,136,126,197,189
-1.036e-08,136,134,206,209
-1.0450000000000001e-08,136,134,206,209
-1.054e-08,136,134,215,204
-1.063e-08,138,134,210,204
-1.0719999999999999e-08,130,132,196,193
-1.0810000000000001e-08,136,126,208,186
-1.09e-08,130,126,200,186
-1.0989999999999999e-08,138,126,206,186
-1.1080000000000001e-08,128,134,191,204
-1.117e-08,134,136,211,210
-1.126e-08,136,136,203,210
-1.1350000000000001e-08,132,136,202,210
-1.144e-08,136,134,203,198
-1.153e-08,138,136,210,207
-1.1620000000000001e-08,132,136,199,207
-1.171e-08,136,136,200,207
-1.18e-08,136,136,210,206
-1.1890000000000001e-08,134,128,194,190
-1.198e-08,134,128,202,190
-1.207e-08,134,128,206,190
-1.2160000000000001e-08,132,134,203,204
-1.2250000000000001e-08,124,124,191,187
-1.234e-08,134,124,194,187
-1.2429999999999999e-08,132,134,209,200
-1.2520000000000001e-08,132,134,202,200
-1.261e-08,136,134,207,206
-1.27e-08,136,134,206,206
-1.2790000000000001e-08,128,134,190,197
-1.288e-08,136,134,209,197
-1.297e-08,130,126,207,186
-1.3060000000000001e-08,134,126,197,186
-1.315e-08,136,130,207,182
-1.324e-08,136,128,204,195
-1.3330000000000001e-08,136,128,204,195
-1.342e-08,134,128,208,195
-1.351e-08,136,132,201,205
-1.3599999999999999e-08,130,134,179,211
-1.369e-08,134,134,206,211
-1.378e-08,136,134,196,211
-1.3869999999999999e-08,130,130,195,196
-1.3960000000000001e-08,136,132,199,206
-1.405e-08,134,132,198,206
-1.414e-08,130,132,208,206
-1.4230000000000001e-08,132,134,188,217
-1.432e-08,132,134,203,198
-1.441e-08,134,134,201,198
-1.4500000000000001e-08,134,134,192,198
-1.459e-08,134,134,194,204
-1.468e-08,136,134,205,204
-1.4770000000000001e-08,132,134,201,204
-1.486e-08,134,134,208,204
-1.4950000000000002e-08,132,134,210,211
-1.5040000000000001e-08,126,128,193,198
-1.513e-08,134,128,201,198
-1.522e-08,136,128,203,198
-1.5309999999999999e-08,134,132,201,203
-1.5399999999999999e-08,136,128,212,195
-1.5490000000000002e-08,134,128,207,195
-1.5580000000000001e-08,134,128,199,195
-1.5670000000000001e-08,138,132,212,199
-1.576e-08,132,134,197,204
-1.585e-08,136,134,215,204
-1.5939999999999999e-08,132,134,208,204
-1.6029999999999999e-08,130,132,201,202
-1.6120000000000001e-08,136,132,216,212
-1.6210000000000001e-08,136,132,208,212
-1.63e-08,136,132,213,212
-1.639e-08,138,136,202,205
-1.6479999999999999e-08,136,136,201,205
-1.6569999999999999e-08,132,136,205,205
-1.6660000000000002e-08,134,136,202,205
-1.6750000000000001e-08,134,132,204,205
-1.6840000000000001e-08,134,132,202,205
-1.693e-08,132,132,207,205
-1.702e-08,136,132,207,205
-1.7109999999999999e-08,132,134,189,206
-1.7200000000000002e-08,136,134,205,206
-1.7290000000000001e-08,134,134,204,206
-1.7380000000000001e-08,132,134,198,206
-1.747e-08,130,132,198,193
-1.756e-08,132,132,194,193
-1.7649999999999999e-08,132,132,195,193
-1.7739999999999999e-08,132,132,198,193
-1.7830000000000002e-08,132,128,205,193
-1.7920000000000001e-08,134,128,195,193
-1.801e-08,134,128,196,193
-1.81e-08,136,134,212,208
-1.8189999999999999e-08,130,134,193,208
-1.8279999999999999e-08,136,134,200,208
-1.8370000000000002e-08,132,134,203,208
-1.8460000000000001e-08,130,126,192,188
-1.8550000000000001e-08,132,126,195,188
-1.864e-08,132,126,201,188
-1.873e-08,132,126,199,188
-1.8819999999999999e-08,136,128,206,192
-1.8909999999999999e-08,134,128,195,192
-1.9000000000000001e-08,130,128,196,192
-1.9090000000000001e-08,136,128,204,192
-1.918e-08,134,128,195,192
-1.927e-08,136,132,202,197
-1.9359999999999999e-08,128,132,194,197
-1.9449999999999999e-08,134,132,199,197
-1.9540000000000002e-08,132,130,201,200
-1.9630000000000001e-08,134,130,205,200
-1.9720000000000001e-08,132,130,201,200
-1.981e-08,136,130,199,200
-1.99e-08,132,134,203,203
-1.9989999999999999e-08,130,134,198,203
-2.0079999999999998e-08,128,134,189,203
-2.0170000000000001e-08,134,134,208,203
-2.0260000000000001e-08,134,132,203,209
-2.035e-08,134,132,203,209
-2.044e-08,126,132,189,209
-2.0529999999999999e-08,130,132,201,209
-2.0619999999999999e-08,130,134,194,206
-2.0710000000000001e-08,136,134,199,206
-2.0800000000000001e-08,134,134,209,206
-2.089e-08,130,134,197,206
-2.098e-08,130,128,200,197
-2.1069999999999999e-08,130,128,192,197
-2.1159999999999999e-08,134,128,204,197
-2.1250000000000002e-08,136,128,210,197
-2.1340000000000001e-08,136,130,203,192
-2.1430000000000001e-08,132,130,193,192
-2.152e-08,136,130,204,192
-2.161e-08,134,130,194,192
-2.1699999999999999e-08,134,130,201,203
-2.1789999999999999e-08,126,130,186,203
-2.1880000000000001e-08,134,130,199,203
-2.1970000000000001e-08,132,130,207,203
-2.206e-08,132,130,197,207
-2.215e-08,134,130,204,207
-2.2239999999999999e-08,130,130,188,207
-2.2329999999999999e-08,132,132,206,203
-2.2420000000000002e-08,132,132,200,203
-2.2510000000000001e-08,136,132,210,203
-2.2600000000000001e-08,132,132,197,203
-2.269e-08,130,132,203,203
-2.278e-08,132,130,205,205
-2.2869999999999999e-08,134,130,198,205
-2.2960000000000002e-08,130,130,200,205
-2.3050000000000001e-08,134,132,188,195
-2.3140000000000001e-08,134,132,206,195
-2.323e-08,136,132,207,195
-2.332e-08,136,132,206,195
-2.3409999999999999e-08,126,132,190,195
-2.3499999999999999e-08,134,132,192,198
-2.3590000000000001e-08,136,132,206,198
-2.3680000000000001e-08,136,134,203,199
-2.377e-08,136,134,216,199
-2.386e-08,134,134,206,199
-2.3949999999999999e-08,128,134,190,199
-2.4039999999999999e-08,130,134,195,199
-2.4130000000000002e-08,132,134,199,199
-2.4220000000000001e-08,134,128,204,197
-2.4310000000000001e-08,132,128,198,197
-2.44e-08,132,130,195,196
-2.449e-08,134,130,215,196
-2.4579999999999999e-08,124,130,187,196
-2.4669999999999999e-08,134,130,198,196
-2.4760000000000001e-08,128,130,196,196
-2.4850000000000001e-08,130,130,197,196
-2.494e-08,134,130,200,197
-2.503e-08,134,130,214,197
-2.5119999999999999e-08,134,132,198,191
-2.5209999999999999e-08,130,132,203,191
-2.5300000000000002e-08,134,132,206,191
-2.5390000000000001e-08,134,132,209,191
-2.5480000000000001e-08,134,132,208,191
-2.557e-08,132,130,207,191
-2.5659999999999999e-08,134,130,197,191
-2.5749999999999999e-08,132,130,205,191
-2.5839999999999998e-08,132,132,209,200
-2.5930000000000001e-08,134,132,206,200
-2.6020000000000001e-08,126,132,186,200
-2.611e-08,132,132,191,200
-2.62e-08,134,132,206,200
-2.6289999999999999e-08,126,130,192,188
-2.6379999999999999e-08,130,130,182,188
-2.6470000000000001e-08,124,130,185,188
-2.6560000000000001e-08,134,130,198,199
-2.665e-08,130,130,202,199
-2.674e-08,128,130,195,199
-2.6829999999999999e-08,130,130,183,199
-2.6919999999999999e-08,134,130,209,199
-2.7010000000000002e-08,132,134,205,192
-2.7100000000000001e-08,130,134,192,192
-2.7190000000000001e-08,134,132,214,204
-2.728e-08,132,132,198,204
-2.737e-08,134,132,211,204
-2.7459999999999999e-08,134,132,200,204
-2.7549999999999999e-08,132,132,195,204
-2.7640000000000001e-08,134,132,188,204
-2.7730000000000001e-08,130,132,196,204
-2.782e-08,130,132,190,181
-2.791e-08,134,130,201,195
-2.7999999999999999e-08,134,130,199,195
-2.8089999999999999e-08,132,130,206,195
-2.8180000000000002e-08,128,130,183,195
-2.8270000000000001e-08,130,130,195,195
-2.8360000000000001e-08,134,130,210,195
-2.845e-08,134,132,217,207
-2.8539999999999999e-08,134,132,208,207
-2.8629999999999999e-08,126,134,190,206
-2.8720000000000002e-08,136,134,201,206
-2.8810000000000001e-08,134,134,198,206
-2.8900000000000001e-08,130,134,197,206
-2.899e-08,134,134,196,206
-2.908e-08,134,134,191,206
-2.9169999999999999e-08,134,128,204,190
-2.9259999999999999e-08,136,130,208,200
-2.9350000000000001e-08,132,130,194,200
-2.9440000000000001e-08,126,130,185,200
-2.953e-08,134,130,204,200
-2.962e-08,134,130,201,200
-2.9709999999999999e-08,134,130,208,200
-2.9799999999999999e-08,134,130,208,200
-2.9889999999999998e-08,134,128,211,193
-2.9980000000000001e-08,132,132,190,202
-3.0069999999999997e-08,128,132,200,202
-3.016e-08,130,132,194,202
-3.0250000000000003e-08,128,132,198,202
-3.0339999999999999e-08,134,132,202,202
-3.0430000000000002e-08,134,132,204,202
-3.0519999999999998e-08,134,132,205,202
-3.0610000000000001e-08,132,132,203,202
-3.0699999999999997e-08,134,132,210,182
-3.079e-08,130,132,199,182
-3.0880000000000003e-08,134,132,202,182
-3.0969999999999999e-08,128,132,195,182
-3.1060000000000002e-08,134,132,207,182
-3.1149999999999998e-08,134,132,201,182
-3.124e-08,134,132,204,209
-3.1330000000000003e-08,132,130,199,198
-3.1419999999999999e-08,134,130,213,198
-3.1510000000000002e-08,132,130,199,198
-3.1599999999999998e-08,132,130,200,198
-3.1690000000000001e-08,134,130,204,198
-3.1779999999999997e-08,128,130,194,198
-3.187e-08,132,130,197,198
-3.1960000000000003e-08,134,132,200,199
-3.2049999999999999e-08,132,134,202,198
-3.2140000000000002e-08,128,134,204,198
-3.2229999999999998e-08,132,134,204,198
-3.2320000000000001e-08,134,134,202,198
-3.2409999999999997e-08,132,134,212,198
-3.25e-08,132,134,199,198
-3.2590000000000003e-08,132,134,191,198
-3.2679999999999999e-08,132,134,194,198
-3.2770000000000002e-08,134,132,202,196
-3.2859999999999998e-08,134,132,201,196
-3.2950000000000001e-08,134,132,203,196
-3.3039999999999997e-08,136,132,205,196
-3.313e-08,132,132,203,196
-3.3220000000000002e-08,132,132,205,196
-3.3309999999999999e-08,134,132,202,196
-3.3400000000000001e-08,128,132,197,196
-3.3489999999999997e-08,134,128,202,191
-3.358e-08,134,128,201,191
-3.3670000000000003e-08,132,128,190,191
-3.3759999999999999e-08,132,128,205,191
-3.3850000000000002e-08,136,128,211,191
-3.3939999999999998e-08,130,128,189,191
-3.4030000000000001e-08,134,128,207,191
-3.4119999999999997e-08,132,130,205,205
-3.421e-08,132,132,205,198
-3.4300000000000003e-08,136,132,206,198
-3.4389999999999999e-08,126,132,187,198
-3.4480000000000002e-08,134,132,206,198
-3.4569999999999998e-08,134,132,210,198
-3.4660000000000001e-08,132,132,207,198
-3.4749999999999997e-08,128,132,195,198
-3.484e-08,134,130,191,209
-3.4930000000000002e-08,134,130,201,209
-3.5019999999999999e-08,136,130,213,209
-3.5110000000000001e-08,130,130,193,209
-3.5199999999999998e-08,132,130,193,209
-3.529e-08,134,130,198,209
-3.5380000000000003e-08,128,130,203,209
-3.5469999999999999e-08,134,130,195,209
-3.5560000000000002e-08,134,132,202,191
-3.5649999999999998e-08,132,132,194,191
-3.5740000000000001e-08,128,132,200,191
-3.5829999999999997e-08,128,132,193,191
-3.592e-08,128,132,191,191
-3.6010000000000003e-08,126,132,184,191
-3.6099999999999999e-08,132,132,210,191
-3.6190000000000002e-08,134,132,196,191
-3.6279999999999998e-08,132,130,199,200
-3.6370000000000001e-08,132,130,203,200
-3.6459999999999997e-08,134,130,199,200
-3.655e-08,134,130,208,200
-3.6640000000000003e-08,132,130,198,200
-3.6729999999999999e-08,126,130,191,200
-3.6820000000000001e-08,130,130,207,200
-3.6909999999999998e-08,128,134,198,192
-3.7e-08,130,134,203,192
-3.7090000000000003e-08,134,134,203,192
-3.7179999999999999e-08,134,134,203,192
-3.7270000000000002e-08,126,134,188,192
-3.7359999999999998e-08,130,134,200,192
-3.7450000000000001e-08,130,134,196,192
-3.7539999999999997e-08,132,134,208,192
-3.763e-08,130,134,201,192
-3.7720000000000003e-08,126,132,180,204
-3.7809999999999999e-08,132,132,204,204
-3.7900000000000002e-08,134,132,195,204
-3.7989999999999998e-08,128,132,192,204
-3.8080000000000001e-08,132,132,202,204
-3.8169999999999997e-08,130,132,192,204
-3.826e-08,130,132,195,204
-3.8350000000000003e-08,130,132,200,207
-3.8439999999999999e-08,134,132,205,207
-3.8530000000000002e-08,130,132,188,207
-3.8619999999999998e-08,132,132,197,207
-3.8710000000000001e-08,134,132,196,207
-3.8800000000000003e-08,130,132,199,207
-3.889e-08,132,132,205,207
-3.8980000000000002e-08,132,132,198,207
-3.9069999999999998e-08,132,132,207,207
-3.9160000000000001e-08,128,130,186,195
-3.9249999999999997e-08,130,130,202,195
-3.934e-08,130,130,200,195
-3.9430000000000003e-08,132,130,203,195
-3.9519999999999999e-08,130,130,202,195
-3.9610000000000002e-08,132,130,202,195
-3.9699999999999998e-08,132,130,207,195
-3.9790000000000001e-08,132,132,200,204
-3.9879999999999997e-08,132,132,203,204
-3.997e-08,130,132,206,204
-4.0060000000000003e-08,134,132,203,204
-4.0149999999999999e-08,132,132,202,204
-4.0240000000000002e-08,132,132,206,204
-4.0329999999999998e-08,132,132,195,204
-4.0420000000000001e-08,128,132,179,204
-4.0509999999999997e-08,132,132,199,201
-4.06e-08,134,132,195,201
-4.0690000000000002e-08,132,132,195,201
-4.0779999999999999e-08,132,132,209,201
-4.0870000000000001e-08,134,132,200,201
-4.0959999999999998e-08,134,132,198,201
-4.105e-08,130,132,198,201
-4.1140000000000003e-08,128,132,195,198
-4.1229999999999999e-08,128,132,195,198
-4.1320000000000002e-08,128,132,189,198
-4.1409999999999998e-08,132,132,197,198
-4.1500000000000001e-08,134,132,206,198
-4.1589999999999997e-08,134,132,205,198
-4.168e-08,134,132,210,198
-4.1770000000000003e-08,130,132,191,198
-4.1859999999999999e-08,134,132,201,198
-4.1950000000000002e-08,134,128,199,187
-4.2039999999999998e-08,132,128,190,187
-4.2130000000000001e-08,130,128,204,187
-4.2219999999999997e-08,128,128,197,187
-4.231e-08,132,128,199,187
-4.2400000000000002e-08,134,128,209,187
-4.2489999999999999e-08,132,128,193,199
-4.2580000000000001e-08,132,128,190,199
-4.2669999999999998e-08,132,128,201,199
-4.276e-08,130,128,194,199
-4.2850000000000003e-08,134,128,204,199
-4.2939999999999999e-08,130,128,192,199
-4.3030000000000002e-08,126,128,181,199
-4.3119999999999998e-08,134,128,204,199
-4.3210000000000001e-08,130,128,200,199
-4.3299999999999997e-08,132,128,212,199
-4.339e-08,130,128,197,187
-4.3480000000000003e-08,132,128,210,187
-4.3569999999999999e-08,132,128,187,187
-4.3660000000000002e-08,130,128,203,187
-4.3749999999999998e-08,128,128,192,187
-4.3840000000000001e-08,134,128,202,187
-4.3929999999999997e-08,132,128,198,191
-4.402e-08,130,128,197,191
-4.4110000000000003e-08,132,128,194,191
-4.4199999999999999e-08,132,128,207,191
-4.4290000000000002e-08,130,128,207,191
-4.4379999999999998e-08,134,128,209,191
-4.447e-08,132,128,198,191
-4.4559999999999997e-08,132,128,193,191
-4.4649999999999999e-08,132,128,193,191
-4.4740000000000002e-08,124,128,197,191
-4.4829999999999998e-08,134,132,204,208
-4.4920000000000001e-08,132,132,192,208
-4.5009999999999997e-08,132,132,203,208
-4.51e-08,132,132,196,208
-4.5190000000000003e-08,130,132,204,208
-4.5279999999999999e-08,132,128,191,184
-4.5370000000000002e-08,134,128,211,184
-4.5459999999999998e-08,134,128,203,184
-4.5550000000000001e-08,130,128,202,184
-4.5639999999999997e-08,132,128,195,184
-4.573e-08,130,128,205,184
-4.5820000000000003e-08,132,128,203,184
-4.5909999999999999e-08,132,128,214,184
-4.6000000000000002e-08,132,128,202,184
-4.6089999999999998e-08,134,128,206,184
-4.6180000000000001e-08,126,128,186,184
-4.6269999999999997e-08,134,130,203,205
-4.636e-08,132,130,203,205
-4.6450000000000002e-08,132,130,195,205
-4.6539999999999999e-08,132,130,196,205
-4.6630000000000001e-08,134,130,195,205
-4.6719999999999997e-08,132,126,202,188
-4.681e-08,134,126,206,188
-4.6900000000000003e-08,128,126,184,188
-4.6989999999999999e-08,130,126,200,188
-4.7080000000000002e-08,132,126,198,188
-4.7169999999999998e-08,130,126,198,188
-4.7260000000000001e-08,134,126,204,188
-4.7349999999999997e-08,134,126,211,188
-4.744e-08,134,126,199,188
-4.7530000000000003e-08,130,126,204,188
-4.7619999999999999e-08,134,132,211,207
-4.7710000000000002e-08,134,132,196,207
-4.7799999999999998e-08,134,132,199,207
-4.7890000000000001e-08,132,132,208,207
-4.7979999999999997e-08,134,132,195,207
-4.807e-08,134,132,195,199
-4.8160000000000002e-08,134,132,204,199
-4.8249999999999999e-08,132,132,200,199
-4.8340000000000001e-08,132,132,201,199
-4.8429999999999998e-08,132,132,198,199
-4.852e-08,128,132,197,199
-4.8610000000000003e-08,134,132,201,199
-4.8699999999999999e-08,130,132,193,199
-4.8790000000000002e-08,134,132,207,199
-4.8879999999999998e-08,130,132,200,199
-4.8970000000000001e-08,128,132,193,199
-4.9059999999999997e-08,132,132,202,200
-4.915e-08,134,132,188,200
-4.9240000000000003e-08,130,132,196,200
-4.9329999999999999e-08,132,132,193,200
-4.9420000000000002e-08,130,132,199,200
-4.9509999999999998e-08,132,124,207,179
-4.9600000000000001e-08,128,124,197,179
-4.9689999999999997e-08,134,124,200,179
-4.978e-08,134,124,191,179
-4.9870000000000003e-08,130,124,197,179
-4.9959999999999999e-08,130,124,191,179
-5.0050000000000001e-08,134,124,201,186
-5.0139999999999998e-08,132,124,211,186
-5.023e-08,134,124,202,186
-5.0320000000000003e-08,130,124,202,186
-5.0409999999999999e-08,132,124,202,186
-5.0500000000000002e-08,130,124,200,186
-5.0589999999999998e-08,132,124,191,185
-5.0680000000000001e-08,132,124,202,185
-5.0769999999999997e-08,132,124,202,185
-5.086e-08,132,114,207,171
-5.0950000000000003e-08,130,114,199,171
-5.1039999999999999e-08,132,114,198,171
-5.1130000000000002e-08,134,114,204,171
-5.1219999999999998e-08,134,114,199,171
-5.1310000000000001e-08,130,114,191,171
-5.1399999999999997e-08,132,114,195,171
-5.149e-08,130,114,187,171
-5.1580000000000003e-08,130,114,213,171
-5.1669999999999999e-08,134,114,202,171
-5.1760000000000002e-08,134,114,207,171
-5.1849999999999998e-08,128,114,200,171
-5.1940000000000001e-08,132,124,189,190
-5.2029999999999997e-08,132,124,200,190
-5.212e-08,134,124,202,190
-5.2210000000000002e-08,130,124,206,190
-5.2299999999999998e-08,130,124,202,190
-5.2390000000000001e-08,132,124,204,190
-5.2479999999999997e-08,130,124,206,190
-5.257e-08,126,124,197,190
-5.2660000000000003e-08,134,120,194,184
-5.2749999999999999e-08,130,120,188,184
-5.2840000000000002e-08,132,120,207,184
-5.2929999999999998e-08,134,120,206,184
-5.3020000000000001e-08,132,120,193,184
-5.3109999999999997e-08,132,120,198,184
-5.32e-08,132,120,197,184
-5.3290000000000003e-08,134,120,192,184
-5.3379999999999999e-08,130,120,188,184
-5.3470000000000002e-08,130,120,199,184
-5.3559999999999998e-08,132,120,207,184
-5.3650000000000001e-08,134,120,202,184
-5.3739999999999997e-08,126,120,196,183
-5.383e-08,130,120,203,183
-5.3920000000000002e-08,132,120,201,183
-5.4009999999999999e-08,132,120,195,183
-5.4100000000000001e-08,134,120,207,183
-5.4189999999999998e-08,134,120,192,183
-5.428e-08,128,120,191,183
-5.4370000000000003e-08,132,120,197,183
-5.4459999999999999e-08,132,118,187,187
-5.4550000000000002e-08,130,118,194,187
-5.4639999999999998e-08,132,118,195,187
-5.4730000000000001e-08,132,118,196,187
-5.4819999999999997e-08,130,118,192,187
-5.491e-08,132,118,204,187
-5.5000000000000003e-08,132,118,213,187
-5.5089999999999999e-08,132,118,201,187
-5.5180000000000002e-08,132,118,198,187
-5.5269999999999998e-08,134,118,200,187
-5.5360000000000001e-08,128,118,190,187
-5.5449999999999997e-08,132,118,199,187
-5.554e-08,132,122,181,182
-5.5630000000000002e-08,132,122,195,182
-5.5719999999999999e-08,128,122,199,182
-5.5810000000000001e-08,132,122,194,182
-5.5899999999999998e-08,134,122,209,182
-5.599e-08,130,122,199,182
-5.6079999999999997e-08,134,122,208,182
-5.6169999999999999e-08,132,122,199,182
-5.6260000000000002e-08,130,124,195,182
-5.6349999999999998e-08,132,124,202,182
-5.6440000000000001e-08,132,124,207,182
-5.6529999999999997e-08,132,124,196,182
-5.662e-08,134,124,214,182
-5.6710000000000003e-08,130,124,191,182
-5.6799999999999999e-08,130,124,208,182
-5.6890000000000002e-08,132,124,189,182
-5.6979999999999998e-08,132,124,207,182
-5.7070000000000001e-08,134,124,197,182
-5.7159999999999997e-08,130,124,188,182
-5.725e-08,132,124,199,182
-5.7340000000000003e-08,132,124,201,190
-5.7429999999999999e-08,130,124,189,190
-5.7520000000000002e-08,132,124,201,190
-5.7609999999999998e-08,132,124,190,190
-5.7700000000000001e-08,134,124,206,190
-5.7789999999999997e-08,132,124,201,190
-5.7879999999999999e-08,132,124,199,190
-5.7970000000000002e-08,132,124,198,190
-5.8059999999999998e-08,128,122,192,190
-5.8150000000000001e-08,132,122,191,190
-5.8239999999999997e-08,128,122,189,190
-5.833e-08,128,122,190,190
-5.8420000000000003e-08,126,122,189,190
-5.8509999999999999e-08,130,122,197,190
-5.8600000000000002e-08,130,122,185,190
-5.8689999999999998e-08,134,122,195,190
-5.8780000000000001e-08,132,122,190,190
-5.8869999999999997e-08,132,122,198,190
-5.896e-08,130,122,201,190
-5.9050000000000003e-08,130,122,200,190
-5.9139999999999999e-08,132,122,205,190
-5.9230000000000002e-08,130,124,195,173
-5.9319999999999998e-08,126,124,196,173
-5.9410000000000001e-08,130,124,193,173
-5.9499999999999997e-08,130,124,191,173
-5.959e-08,130,124,190,173
-5.9680000000000002e-08,134,124,207,173
-5.9769999999999999e-08,128,120,193,186
-5.9859999999999995e-08,134,120,201,186
-5.9950000000000004e-08,132,120,199,186
-6.004e-08,130,120,195,186
-6.0129999999999996e-08,132,120,203,186
-6.0220000000000006e-08,128,120,194,186
-6.0310000000000002e-08,130,120,195,186
-6.0399999999999998e-08,130,120,192,186
-6.0489999999999994e-08,132,120,202,186
-6.0580000000000004e-08,130,120,202,186
-6.067e-08,134,120,206,186
-6.0759999999999996e-08,132,120,201,186
-6.0850000000000006e-08,132,120,200,186
-6.0940000000000002e-08,130,120,193,186
-6.1029999999999998e-08,130,124,195,192
-6.1119999999999994e-08,132,124,202,192
-6.1210000000000003e-08,132,124,199,192
-6.13e-08,132,124,204,192
-6.1389999999999996e-08,130,124,188,192
-6.1480000000000005e-08,130,124,191,192
-6.1570000000000001e-08,124,124,199,174
-6.1659999999999998e-08,132,124,203,174
-6.1749999999999994e-08,132,124,199,174
-6.1840000000000003e-08,132,124,182,174
-6.1929999999999999e-08,130,124,204,174
-6.2019999999999996e-08,132,124,198,174
-6.2110000000000005e-08,130,124,199,174
-6.2200000000000001e-08,128,124,189,174
-6.2289999999999997e-08,128,124,198,174
-6.2379999999999993e-08,132,124,197,174
-6.2470000000000003e-08,130,124,194,174
-6.2559999999999999e-08,132,124,209,174
-6.2649999999999995e-08,132,124,188,174
-6.2740000000000005e-08,132,124,202,174
-6.2830000000000001e-08,132,118,207,176
-6.2919999999999997e-08,130,118,202,176
-6.3010000000000006e-08,132,118,205,176
-6.3100000000000003e-08,132,118,201,176
-6.3189999999999999e-08,128,118,188,176
-6.3279999999999995e-08,130,118,198,176
-6.3370000000000004e-08,132,124,208,179
-6.346e-08,132,124,196,179
-6.3549999999999997e-08,132,124,203,179
-6.3640000000000006e-08,130,124,203,179
-6.3730000000000002e-08,132,124,196,179
-6.3819999999999998e-08,128,124,201,179
-6.3909999999999995e-08,134,124,205,179
-6.4000000000000004e-08,132,124,199,179
-6.409e-08,130,124,188,179
-6.4179999999999996e-08,126,124,198,179
-6.4270000000000006e-08,132,124,194,179
-6.4360000000000002e-08,132,124,191,179
-6.4449999999999998e-08,132,124,198,179
-6.4539999999999994e-08,130,124,196,179
-6.4630000000000004e-08,130,122,191,185
-6.472e-08,134,120,198,180
-6.4809999999999996e-08,132,120,200,180
-6.4900000000000005e-08,130,120,202,180
-6.4990000000000002e-08,134,120,216,180
-6.5079999999999998e-08,134,120,194,180
-6.5169999999999994e-08,130,120,190,180
-6.5260000000000003e-08,130,120,188,180
-6.535e-08,132,120,201,180
-6.5439999999999996e-08,128,120,188,180
-6.5530000000000005e-08,132,120,203,180
-6.5620000000000001e-08,130,120,196,180
-6.5709999999999997e-08,130,120,186,180
-6.5799999999999994e-08,130,120,189,180
-6.5890000000000003e-08,124,120,187,180
-6.5979999999999999e-08,130,120,207,172
-6.6069999999999995e-08,128,120,194,172
-6.6160000000000005e-08,132,120,196,172
-6.6250000000000001e-08,132,120,196,172
-6.6339999999999997e-08,132,120,194,172
-6.6429999999999993e-08,130,120,199,172
-6.6520000000000003e-08,128,114,189,175
-6.6609999999999999e-08,130,114,200,175
-6.6699999999999995e-08,130,114,206,175
-6.6790000000000004e-08,130,114,197,175
-6.6880000000000001e-08,130,114,195,175
-6.6969999999999997e-08,130,114,203,175
-6.7060000000000006e-08,128,114,200,175
-6.7150000000000002e-08,132,114,185,175
-6.7239999999999999e-08,130,114,190,175
-6.7329999999999995e-08,132,114,202,175
-6.7420000000000004e-08,130,114,207,175
-6.751e-08,128,114,191,175
-6.7599999999999997e-08,132,114,208,175
-6.7690000000000006e-08,124,114,191,175
-6.7780000000000002e-08,128,118,198,184
-6.7869999999999998e-08,132,118,204,184
-6.7959999999999994e-08,130,118,201,184
-6.8050000000000004e-08,128,118,188,184
-6.814e-08,132,118,208,184
-6.8229999999999996e-08,130,122,205,183
-6.8320000000000006e-08,132,122,193,183
-6.8410000000000002e-08,132,122,205,183
-6.8499999999999998e-08,132,122,202,183
-6.8589999999999994e-08,128,122,188,183
-6.8680000000000004e-08,130,122,196,183
-6.877e-08,130,122,199,183
-6.8859999999999996e-08,132,122,209,183
-6.8950000000000005e-08,132,122,198,183
-6.9040000000000001e-08,132,122,193,183
-6.9129999999999998e-08,130,122,196,183
-6.9219999999999994e-08,132,122,196,183
-6.9310000000000003e-08,132,122,197,183
-6.9399999999999999e-08,132,122,198,183
-6.9489999999999996e-08,132,122,198,183
-6.9580000000000005e-08,130,122,202,183
-6.9670000000000001e-08,130,122,193,183
-6.9759999999999997e-08,130,122,194,183
-6.9849999999999994e-08,130,122,198,183
-6.9940000000000003e-08,130,122,206,183
-7.0029999999999999e-08,130,122,192,182
-7.0119999999999995e-08,132,122,199,182
-7.0210000000000005e-08,132,122,192,182
-7.0300000000000001e-08,130,122,209,182
-7.0389999999999997e-08,130,122,201,182
-7.0480000000000006e-08,130,122,195,182
-7.0570000000000003e-08,132,122,197,182
-7.0659999999999999e-08,132,122,208,182
-7.0749999999999995e-08,130,122,194,182
-7.0840000000000004e-08,134,122,216,182
-7.0930000000000001e-08,126,122,193,182
-7.1019999999999997e-08,132,122,182,182
-7.1110000000000006e-08,130,122,209,182
-7.1200000000000002e-08,132,122,208,182
-7.1289999999999998e-08,134,122,222,182
-7.1379999999999995e-08,130,122,190,182
-7.1470000000000004e-08,132,120,199,187
-7.156e-08,128,120,188,187
-7.1649999999999996e-08,132,120,202,187
-7.1740000000000006e-08,132,120,191,187
-7.1830000000000002e-08,132,122,202,175
-7.1919999999999998e-08,134,122,204,175
-7.2009999999999994e-08,134,122,204,175
-7.2100000000000004e-08,132,122,199,175
-7.219e-08,134,122,198,175
-7.2279999999999996e-08,124,122,191,175
-7.2370000000000005e-08,126,122,192,175
-7.2460000000000002e-08,128,122,186,175
-7.2549999999999998e-08,132,122,201,175
-7.2639999999999994e-08,132,122,193,175
-7.2730000000000003e-08,130,122,198,175
-7.282e-08,128,122,184,175
-7.2909999999999996e-08,132,122,198,175
-7.3000000000000005e-08,132,122,190,175
-7.3090000000000001e-08,130,122,200,175
-7.3179999999999998e-08,130,122,194,175
-7.3269999999999994e-08,132,122,200,193
-7.3360000000000003e-08,132,122,192,193
-7.3449999999999999e-08,130,122,193,193
-7.3539999999999995e-08,132,122,201,193
-7.3630000000000005e-08,130,122,204,183
-7.3720000000000001e-08,128,122,190,183
-7.3809999999999997e-08,132,122,203,183
-7.3899999999999993e-08,132,122,215,183
-7.3990000000000003e-08,132,122,207,183
-7.4079999999999999e-08,130,122,195,183
-7.4169999999999995e-08,130,122,196,183
-7.4260000000000005e-08,128,122,195,183
-7.4350000000000001e-08,132,122,196,183
-7.4439999999999997e-08,132,122,207,183
-7.4530000000000006e-08,134,122,192,183
-7.4620000000000002e-08,132,122,193,183
-7.4709999999999999e-08,134,122,205,183
-7.4799999999999995e-08,130,122,194,183
-7.4890000000000004e-08,130,122,203,183
-7.498e-08,132,122,203,183
-7.5069999999999997e-08,130,118,192,178
-7.5160000000000006e-08,128,118,180,178
-7.5250000000000002e-08,128,118,208,178
-7.5339999999999998e-08,132,118,200,178
-7.5429999999999995e-08,130,120,198,176
-7.5520000000000004e-08,132,120,208,176
-7.561e-08,132,120,194,176
-7.5699999999999996e-08,130,120,201,176
-7.5790000000000006e-08,130,120,199,176
-7.5880000000000002e-08,132,120,199,176
-7.5969999999999998e-08,132,120,204,176
-7.6059999999999994e-08,128,120,188,176
-7.6150000000000004e-08,130,120,198,176
-7.624e-08,126,120,196,176
-7.6329999999999996e-08,128,120,200,176
-7.6420000000000005e-08,132,120,196,176
-7.6510000000000002e-08,130,120,194,176
-7.6599999999999998e-08,132,120,202,176
-7.6689999999999994e-08,128,120,188,176
-7.6780000000000003e-08,132,120,202,176
-7.6869999999999999e-08,128,118,198,188
-7.6959999999999996e-08,130,118,206,188
-7.7050000000000005e-08,130,118,199,188
-7.7140000000000001e-08,130,122,202,185
-7.7229999999999997e-08,132,122,195,185
-7.7319999999999994e-08,130,122,186,185
-7.7410000000000003e-08,132,122,207,185
-7.7499999999999999e-08,132,122,203,185
-7.7589999999999995e-08,132,122,203,185
-7.7680000000000005e-08,132,122,207,185
-7.7770000000000001e-08,130,122,200,185
-7.7859999999999997e-08,130,122,189,185
-7.7949999999999993e-08,132,122,203,185
-7.8040000000000003e-08,132,122,198,185
-7.8129999999999999e-08,132,122,210,185
-7.8219999999999995e-08,132,122,200,185
-7.8310000000000004e-08,130,122,201,185
-7.8400000000000001e-08,124,122,186,185
-7.8489999999999997e-08,130,122,193,185
-7.8580000000000006e-08,132,122,198,185
-7.8670000000000002e-08,130,122,189,185
-7.8759999999999999e-08,130,116,195,171
-7.8849999999999995e-08,130,116,195,171
-7.8940000000000004e-08,132,116,196,171
-7.903e-08,132,116,201,171
-7.9119999999999996e-08,130,116,189,171
-7.9210000000000006e-08,134,116,205,171
-7.9300000000000002e-08,130,116,198,171
-7.9389999999999998e-08,130,116,202,171
-7.9479999999999994e-08,124,116,194,171
-7.9570000000000004e-08,130,116,192,171
-7.966e-08,128,116,188,171
-7.9749999999999996e-08,128,116,188,171
-7.9840000000000006e-08,130,116,195,171
-7.9930000000000002e-08,132,116,203,171
-8.0019999999999998e-08,128,116,187,171
-8.0109999999999994e-08,130,124,206,186
-8.0200000000000003e-08,132,124,204,186
-8.029e-08,132,122,188,182
-8.0379999999999996e-08,130,122,195,182
-8.0470000000000005e-08,124,122,196,182
-8.0560000000000001e-08,132,122,200,182
-8.0649999999999998e-08,128,122,199,182
-8.0739999999999994e-08,132,122,207,182
-8.0830000000000003e-08,132,122,194,182
-8.0919999999999999e-08,128,122,194,182
-8.1009999999999995e-08,132,122,196,182
-8.1100000000000005e-08,130,122,194,182
-8.1190000000000001e-08,132,122,206,182
-8.1279999999999997e-08,130,122,194,182
-8.1369999999999993e-08,130,122,193,182
-8.1460000000000003e-08,132,122,196,182
-8.1549999999999999e-08,132,122,201,182
-8.1639999999999995e-08,126,122,185,182
-8.1730000000000005e-08,130,122,194,182
-8.1820000000000001e-08,130,122,184,182
-8.1909999999999997e-08,130,120,196,180
-8.1999999999999993e-08,130,120,202,180
-8.2090000000000003e-08,132,120,200,184
-8.2179999999999999e-08,130,120,194,184
-8.2269999999999995e-08,130,120,197,184
-8.2360000000000004e-08,130,120,198,184
-8.245e-08,128,120,196,184
-8.2539999999999997e-08,130,120,196,184
-8.2630000000000006e-08,124,120,189,184
-8.2720000000000002e-08,128,120,196,184
-8.2809999999999998e-08,130,120,197,184
-8.2899999999999995e-08,130,120,200,184
-8.2990000000000004e-08,132,120,198,184
-8.308e-08,128,120,197,184
-8.3169999999999996e-08,128,120,206,184
-8.3260000000000006e-08,132,120,205,184
-8.3350000000000002e-08,130,120,200,184
-8.3439999999999998e-08,132,120,201,184
-8.3529999999999994e-08,130,120,192,184
-8.3620000000000004e-08,128,120,202,184
-8.371e-08,132,120,200,186
-8.3799999999999996e-08,130,120,186,186
-8.3890000000000005e-08,130,120,195,186
-8.3980000000000002e-08,132,120,197,186
-8.4069999999999998e-08,130,120,199,186
-8.4159999999999994e-08,132,120,205,186
-8.4250000000000003e-08,130,120,193,186
-8.434e-08,128,120,187,186
-8.4429999999999996e-08,130,120,191,186
-8.4520000000000005e-08,132,120,206,186
-8.4610000000000001e-08,132,120,202,186
-8.4699999999999997e-08,132,120,194,186
-8.4789999999999994e-08,130,120,202,186
-8.4880000000000003e-08,124,120,191,186
-8.4969999999999999e-08,130,120,204,186
-8.5059999999999995e-08,128,120,189,186
-8.5150000000000005e-08,130,120,192,186
-8.5240000000000001e-08,132,120,205,186
-8.5329999999999997e-08,130,120,200,186
-8.5419999999999993e-08,132,120,199,186
-8.5510000000000003e-08,132,122,202,189
-8.5599999999999999e-08,132,122,188,190
-8.5689999999999995e-08,132,122,197,190
-8.5780000000000004e-08,128,122,199,190
-8.5870000000000001e-08,130,122,192,190
-8.5959999999999997e-08,130,122,200,190
-8.6050000000000006e-08,132,122,210,190
-8.6140000000000002e-08,132,122,202,190
-8.6229999999999999e-08,132,122,197,190
-8.6319999999999995e-08,132,122,200,190
-8.6410000000000004e-08,130,122,185,190
-8.65e-08,128,122,196,190
-8.6589999999999996e-08,130,122,198,190
-8.6680000000000006e-08,128,122,195,190
-8.6770000000000002e-08,126,122,186,190
-8.6859999999999998e-08,132,122,200,190
-8.6949999999999994e-08,128,122,193,190
-8.7040000000000004e-08,130,122,199,190
-8.713e-08,130,122,189,190
-8.7219999999999996e-08,128,122,187,190
-8.7310000000000006e-08,132,122,203,190
-8.7400000000000002e-08,124,122,186,182
-8.7489999999999998e-08,132,122,204,182
-8.7579999999999994e-08,130,122,190,182
-8.7670000000000004e-08,128,122,200,182
-8.776e-08,130,122,198,182
-8.7849999999999996e-08,132,122,196,182
-8.7940000000000005e-08,128,122,190,182
-8.8030000000000001e-08,130,122,184,182
-8.8119999999999998e-08,130,122,202,182
-8.8209999999999994e-08,130,122,193,182
-8.8300000000000003e-08,124,122,195,182
-8.8389999999999999e-08,132,122,196,182
-8.8479999999999996e-08,132,122,206,182
-8.8570000000000005e-08,130,122,203,182
-8.8660000000000001e-08,128,122,191,182
-8.8749999999999997e-08,130,122,190,182
-8.8839999999999993e-08,132,122,205,182
-8.8930000000000003e-08,130,122,190,182
-8.9019999999999999e-08,132,122,196,182
-8.9109999999999995e-08,130,122,196,182
-8.9200000000000005e-08,132,122,198,181
-8.9290000000000001e-08,130,122,203,181
-8.9379999999999997e-08,132,122,200,181
-8.9469999999999993e-08,132,122,200,181
-8.9560000000000003e-08,132,122,200,181
-8.9649999999999999e-08,132,122,195,181
-8.9739999999999995e-08,130,122,191,181
-8.9830000000000004e-08,130,122,191,181
-8.9920000000000001e-08,132,122,205,181
-9.0009999999999997e-08,132,122,208,181
-9.0100000000000006e-08,132,122,193,181
-9.0190000000000002e-08,132,122,195,181
-9.0279999999999998e-08,132,122,195,181
-9.0369999999999995e-08,132,122,203,181
-9.0460000000000004e-08,132,122,199,181
-9.055e-08,132,122,206,181
-9.0639999999999996e-08,132,122,200,181
-9.0730000000000006e-08,132,122,203,181
-9.0820000000000002e-08,130,122,193,181
-9.0909999999999998e-08,128,122,204,181
-9.0999999999999994e-08,132,122,197,204
-9.1090000000000004e-08,130,122,192,204
-9.118e-08,130,122,190,204
-9.1269999999999996e-08,132,122,202,204
-9.1360000000000005e-08,130,122,178,204
-9.1450000000000002e-08,128,122,184,204
-9.1539999999999998e-08,132,122,202,204
-9.1629999999999994e-08,130,122,195,204
-9.1720000000000003e-08,128,122,192,204
-9.181e-08,130,122,201,204
-9.1899999999999996e-08,130,122,191,204
-9.1990000000000005e-08,128,122,199,204
-9.2080000000000001e-08,132,122,190,204
-9.2169999999999997e-08,130,122,196,204
-9.2259999999999994e-08,132,122,208,204
-9.2350000000000003e-08,132,122,193,204
-9.2439999999999999e-08,132,122,198,204
-9.2529999999999995e-08,132,122,209,204
-9.2620000000000005e-08,128,122,195,204
-9.2710000000000001e-08,128,122,192,204
-9.2799999999999997e-08,130,122,205,184
-9.2889999999999993e-08,130,122,196,184
-9.2980000000000003e-08,130,122,196,184
-9.3069999999999999e-08,132,122,201,184
-9.3159999999999995e-08,132,122,203,184
-9.3250000000000005e-08,130,122,200,184
-9.3340000000000001e-08,132,122,196,184
-9.3429999999999997e-08,128,122,193,184
-9.3520000000000006e-08,126,122,192,184
-9.3610000000000002e-08,132,122,206,184
-9.3699999999999999e-08,132,122,200,184
-9.3789999999999995e-08,132,122,194,184
-9.3880000000000004e-08,132,122,195,184
-9.397e-08,124,122,187,184
-9.4059999999999997e-08,132,122,195,185
-9.4150000000000006e-08,128,122,198,185
-9.4240000000000002e-08,126,122,188,185
-9.4329999999999998e-08,130,122,203,185
-9.4419999999999994e-08,122,122,183,185
-9.4510000000000004e-08,132,122,198,185
-9.46e-08,130,122,186,185
-9.4689999999999996e-08,128,122,198,185
-9.4780000000000006e-08,128,122,192,185
-9.4870000000000002e-08,128,122,194,185
-9.4959999999999998e-08,130,122,201,185
-9.5049999999999994e-08,132,122,202,185
-9.5140000000000004e-08,130,122,204,185
-9.523e-08,132,122,197,185
-9.5319999999999996e-08,132,122,188,185
-9.5410000000000005e-08,130,122,182,185
-9.5500000000000002e-08,132,122,199,185
-9.5589999999999998e-08,132,122,207,185
-9.5679999999999994e-08,130,122,193,185
-9.5770000000000003e-08,130,122,177,185
-9.5859999999999999e-08,130,122,200,185
-9.5949999999999996e-08,132,122,203,185
-9.6040000000000005e-08,132,118,205,177
-9.6130000000000001e-08,128,118,200,177
-9.6219999999999997e-08,126,118,196,177
-9.6309999999999994e-08,128,118,199,177
-9.6400000000000003e-08,132,118,203,177
-9.6489999999999999e-08,130,118,198,177
-9.6579999999999995e-08,134,118,202,177
-9.6670000000000005e-08,132,118,201,177
-9.6760000000000001e-08,130,118,201,177
-9.6849999999999997e-08,130,118,200,177
-9.6939999999999993e-08,132,118,198,177
-9.7030000000000003e-08,132,118,199,177
-9.7119999999999999e-08,130,118,197,177
-9.7209999999999995e-08,130,118,195,177
-9.7300000000000004e-08,130,118,198,177
-9.7390000000000001e-08,130,118,195,177
-9.7479999999999997e-08,132,118,200,177
-9.7570000000000006e-08,132,118,199,177
-9.7660000000000002e-08,132,122,194,189
-9.7749999999999998e-08,130,122,198,189
-9.7839999999999995e-08,132,122,212,189
-9.7930000000000004e-08,132,122,206,189
-9.802e-08,128,122,192,189
-9.8109999999999996e-08,134,122,206,189
-9.8200000000000006e-08,128,122,205,189
-9.8290000000000002e-08,130,122,203,189
-9.8379999999999998e-08,132,122,197,189
-9.8469999999999994e-08,132,122,200,189
-9.8560000000000004e-08,130,122,198,189
-9.865e-08,128,122,188,189
-9.8739999999999996e-08,132,122,199,189
-9.8830000000000006e-08,124,122,189,189
-9.8920000000000002e-08,132,122,203,189
-9.9009999999999998e-08,132,122,200,189
-9.9099999999999994e-08,132,122,192,189
-9.9190000000000003e-08,130,122,197,189
-9.928e-08,132,122,196,189
-9.9369999999999996e-08,134,122,203,189
-9.9460000000000005e-08,132,122,199,189
-9.9550000000000001e-08,130,122,192,189
-9.9639999999999998e-08,132,118,218,185
-9.9729999999999994e-08,132,118,207,185
-9.9820000000000003e-08,132,118,206,185
-9.9909999999999999e-08,124,118,179,185
1.0000000000000001e-09,140,144,216,226
1.0090000000000001e-09,146,144,218,226
1.018e-09,144,146,219,220
1.0270000000000001e-09,150,146,222,220
1.0360000000000001e-09,148,150,222,227
1.045e-09,148,150,222,227
1.0540000000000001e-09,142,144,211,215
1.0630000000000002e-09,150,144,229,215
1.072e-09,150,146,227,218
1.0810000000000001e-09,148,142,225,216
1.09e-09,150,142,227,216
1.099e-09,144,142,219,216
1.1080000000000001e-09,150,146,229,216
1.117e-09,150,146,231,216
1.126e-09,150,146,238,216
1.1350000000000001e-09,152,146,224,216
1.144e-09,146,146,218,219
1.1530000000000001e-09,150,150,231,238
1.1620000000000001e-09,150,150,222,238
1.171e-09,148,150,233,238
1.1800000000000001e-09,150,150,227,234
1.1890000000000001e-09,148,148,226,230
1.198e-09,148,148,227,230
1.2070000000000001e-09,146,148,219,230
1.2160000000000001e-09,150,146,230,224
1.225e-09,150,138,235,205
1.2340000000000001e-09,148,138,232,205
1.2430000000000002e-09,148,148,228,222
1.252e-09,144,148,213,222
1.2610000000000001e-09,148,148,210,222
1.27e-09,150,148,224,222
1.279e-09,142,142,207,208
1.2880000000000001e-09,138,142,205,208
1.297e-09,144,150,216,219
1.306e-09,148,150,218,219
1.3150000000000001e-09,150,146,236,216
1.324e-09,146,144,215,207
1.333e-09,148,144,221,207
1.3420000000000001e-09,148,144,211,207
1.351e-09,144,142,217,208
1.3600000000000001e-09,150,142,227,223
1.3690000000000001e-09,146,142,224,223
1.378e-09,150,142,238,223
1.3870000000000001e-09,150,148,238,234
1.3960000000000001e-09,146,142,223,207
1.405e-09,150,142,236,207
1.4140000000000001e-09,142,142,210,207
1.4229999999999999e-09,150,142,222,214
1.432e-09,150,148,233,222
1.4410000000000001e-09,148,148,228,222
1.45e-09,148,148,232,222
1.459e-09,138,138,210,218
1.4680000000000001e-09,146,148,219,224
1.477e-09,150,148,235,224
1.486e-09,142,148,215,224
1.4950000000000001e-09,146,148,227,216
1.504e-09,148,148,234,228
1.513e-09,148,148,218,228
1.5220000000000001e-09,144,148,213,228
1.531e-09,148,142,221,200
1.5400000000000001e-09,144,148,212,221
1.5490000000000001e-09,148,148,220,221
1.558e-09,144,148,220,221
1.5670000000000001e-09,140,142,209,220
1.5759999999999999e-09,146,146,211,218
1.585e-09,148,146,230,218
1.5940000000000001e-09,150,146,234,218
1.6029999999999999e-09,148,146,225,220
1.612e-09,146,144,215,221
1.6210000000000001e-09,150,144,228,221
1.63e-09,148,144,222,221
1.639e-09,148,146,229,215
1.6480000000000001e-09,150,146,225,215
1.657e-09,148,146,224,215
1.666e-09,146,146,219,215
1.6750000000000001e-09,148,146,223,219
1.684e-09,148,146,222,219
1.693e-09,150,146,235,219
1.7020000000000001e-09,150,146,236,219
1.711e-09,146,140,217,205
1.7200000000000001e-09,146,140,217,205
1.7290000000000001e-09,144,140,218,205
1.738e-09,148,140,221,205
1.7470000000000001e-09,148,146,235,217
1.7559999999999999e-09,150,146,230,217
1.765e-09,148,146,232,217
1.7740000000000001e-09,150,146,224,217
1.7829999999999999e-09,148,146,217,230
1.792e-09,148,146,236,230
1.8010000000000001e-09,146,146,217,230
1.81e-09,146,144,229,219
1.819e-09,148,144,223,219
1.8280000000000001e-09,150,144,232,219
1.837e-09,148,144,221,219
1.846e-09,144,140,219,218
1.8550000000000001e-09,146,140,217,218
1.8640000000000002e-09,148,140,231,218
1.873e-09,148,140,225,218
1.8819999999999999e-09,140,148,212,218
1.8910000000000002e-09,150,148,224,218
1.9000000000000001e-09,150,148,219,218
1.9089999999999999e-09,148,148,228,218
1.9180000000000002e-09,148,148,221,218
1.9270000000000001e-09,150,146,219,219
1.9359999999999999e-09,144,146,222,219
1.9450000000000002e-09,146,146,207,219
1.9540000000000001e-09,146,144,218,217
1.9629999999999999e-09,146,144,222,217
1.9720000000000002e-09,148,144,219,217
1.9810000000000001e-09,148,144,223,217
1.99e-09,144,146,228,214
1.9989999999999998e-09,150,146,230,214
2.0080000000000001e-09,144,146,226,214
2.017e-09,148,146,212,214
2.0259999999999998e-09,144,146,223,217
2.0350000000000001e-09,146,146,210,217
2.044e-09,146,146,220,217
2.0529999999999998e-09,148,146,221,217
2.0620000000000001e-09,148,144,230,219
2.071e-09,148,144,229,219
2.0799999999999998e-09,150,144,227,219
2.0890000000000001e-09,148,144,228,219
2.098e-09,144,146,228,230
2.1069999999999999e-09,150,146,227,230
2.1160000000000001e-09,144,146,215,230
2.125e-09,146,146,227,230
2.1339999999999999e-09,146,146,220,210
2.1430000000000001e-09,146,146,218,210
2.152e-09,144,146,218,210
2.1609999999999999e-09,146,146,229,210
2.1700000000000002e-09,142,144,212,208
2.179e-09,142,144,216,208
2.1879999999999999e-09,144,144,222,208
2.1970000000000002e-09,146,144,224,208
2.206e-09,138,144,205,216
2.2149999999999999e-09,146,144,216,216
2.2240000000000002e-09,150,144,221,216
2.233e-09,146,146,225,214
2.2419999999999999e-09,148,146,218,214
2.2510000000000002e-09,146,146,216,214
2.2600000000000001e-09,146,146,212,214
2.2689999999999999e-09,144,146,212,214
2.2780000000000002e-09,148,146,224,220
2.2870000000000001e-09,146,146,219,220
2.2959999999999999e-09,150,146,229,220
2.3050000000000002e-09,144,140,215,229
2.3140000000000001e-09,148,140,242,229
2.3229999999999999e-09,150,140,238,229
2.3319999999999998e-09,150,140,227,229
2.3410000000000001e-09,146,140,213,229
2.3499999999999999e-09,148,142,234,219
2.3589999999999998e-09,150,142,234,219
2.3680000000000001e-09,148,134,224,193
2.377e-09,146,134,215,193
2.3859999999999998e-09,146,134,209,193
2.3950000000000001e-09,148,134,230,193
2.404e-09,148,134,226,193
2.4129999999999998e-09,144,134,217,193
2.4220000000000001e-09,146,146,224,219
2.431e-09,148,146,212,219
2.4399999999999998e-09,150,146,214,223
2.4490000000000001e-09,146,146,223,223
2.458e-09,138,146,205,223
2.4669999999999999e-09,148,146,232,223
2.4760000000000001e-09,146,146,225,223
2.485e-09,148,146,223,223
2.4939999999999999e-09,148,146,222,228
2.5030000000000001e-09,150,146,212,228
2.512e-09,144,146,217,220
2.5209999999999999e-09,148,146,224,220
2.5300000000000002e-09,148,146,222,220
2.539e-09,148,146,234,220
2.5479999999999999e-09,148,146,222,220
2.5570000000000002e-09,148,142,221,211
2.566e-09,142,142,208,211
2.5749999999999999e-09,146,142,212,211
2.5840000000000002e-09,150,146,234,218
2.593e-09,146,146,217,218
2.6019999999999999e-09,150,146,219,218
2.6110000000000002e-09,146,146,224,218
2.6200000000000001e-09,146,146,209,218
2.6289999999999999e-09,148,144,220,225
2.6380000000000002e-09,146,144,216,225
2.6470000000000001e-09,148,144,235,225
2.6559999999999999e-09,146,146,218,229
2.6649999999999998e-09,148,146,234,229
2.6740000000000001e-09,144,146,207,229
2.6829999999999999e-09,144,146,220,229
2.6919999999999998e-09,148,146,222,229
2.7010000000000001e-09,142,142,208,221
2.7099999999999999e-09,142,142,211,221
2.7189999999999998e-09,148,146,220,224
2.7280000000000001e-09,148,146,238,224
2.737e-09,142,146,223,224
2.7459999999999998e-09,144,146,217,224
2.7550000000000001e-09,148,146,224,224
2.764e-09,146,146,214,224
2.7729999999999998e-09,148,146,234,224
2.7820000000000001e-09,144,142,215,204
2.791e-09,146,144,217,223
2.7999999999999998e-09,146,144,221,223
2.8090000000000001e-09,142,144,207,223
2.818e-09,146,144,222,223
2.8269999999999999e-09,146,144,222,223
2.8360000000000001e-09,146,144,222,223
2.845e-09,142,142,214,213
2.8539999999999999e-09,140,142,211,213
2.8630000000000001e-09,142,146,212,218
2.872e-09,146,146,215,218
2.8809999999999999e-09,148,146,222,218
2.8900000000000002e-09,140,146,220,218
2.899e-09,148,146,225,218
2.9079999999999999e-09,144,146,220,218
2.9170000000000002e-09,138,144,218,230
2.926e-09,142,140,219,216
2.9349999999999999e-09,146,140,228,216
2.9440000000000002e-09,146,140,226,216
2.953e-09,148,140,224,216
2.9619999999999999e-09,148,140,220,216
2.9710000000000002e-09,146,140,221,216
2.98e-09,146,140,218,216
2.9889999999999999e-09,148,142,216,216
2.9979999999999998e-09,148,140,228,213
3.0070000000000001e-09,148,140,231,213
3.0159999999999999e-09,148,140,218,213
3.0249999999999998e-09,148,140,228,213
3.0340000000000001e-09,146,140,222,213
3.0429999999999999e-09,144,140,212,213
3.0519999999999998e-09,142,140,210,213
3.0610000000000001e-09,142,146,200,219
3.0699999999999999e-09,148,140,226,210
3.0789999999999998e-09,144,140,225,210
3.0880000000000001e-09,146,140,224,210
3.097e-09,148,140,221,210
3.1059999999999998e-09,148,140,227,210
3.1150000000000001e-09,146,140,228,210
3.124e-09,144,144,219,225
3.1329999999999998e-09,142,132,220,203
3.1420000000000001e-09,148,132,224,203
3.151e-09,144,132,218,203
3.1599999999999998e-09,142,132,221,203
3.1690000000000001e-09,146,132,218,203
3.178e-09,140,132,220,203
3.1869999999999999e-09,136,132,213,203
3.1960000000000001e-09,140,142,208,212
3.205e-09,146,146,220,217
3.2139999999999999e-09,148,146,223,217
3.2230000000000001e-09,146,146,225,217
3.232e-09,146,146,218,217
3.2409999999999999e-09,144,146,221,217
3.2500000000000002e-09,146,146,227,217
3.259e-09,146,146,219,217
3.2679999999999999e-09,140,146,211,217
3.2770000000000002e-09,142,146,219,224
3.286e-09,148,146,225,224
3.2949999999999999e-09,148,146,218,224
3.3040000000000002e-09,146,146,215,224
3.313e-09,148,146,225,224
3.3219999999999999e-09,148,146,220,224
3.3309999999999998e-09,146,146,216,224
3.34e-09,146,146,226,224
3.3489999999999999e-09,146,142,218,214
3.3579999999999998e-09,144,142,225,214
3.3670000000000001e-09,144,142,218,214
3.3759999999999999e-09,146,142,219,214
3.3849999999999998e-09,144,142,232,214
3.3940000000000001e-09,146,142,216,214
3.4029999999999999e-09,146,142,221,214
3.4119999999999998e-09,144,142,220,215
3.4210000000000001e-09,146,142,216,224
3.4299999999999999e-09,146,142,226,224
3.4389999999999998e-09,138,142,201,224
3.4480000000000001e-09,140,142,205,224
3.457e-09,148,142,217,224
3.4659999999999998e-09,148,142,217,224
3.4750000000000001e-09,144,142,220,224
3.484e-09,146,144,214,216
3.4929999999999998e-09,146,144,220,216
3.5020000000000001e-09,144,144,213,216
3.511e-09,146,144,216,216
3.5199999999999998e-09,146,144,217,216
3.5290000000000001e-09,144,144,224,216
3.538e-09,148,144,221,216
3.5469999999999998e-09,136,144,197,216
3.5560000000000001e-09,144,144,216,218
3.565e-09,144,144,219,218
3.5739999999999999e-09,148,144,227,218
3.5830000000000001e-09,146,144,230,218
3.592e-09,138,144,212,218
3.6009999999999999e-09,146,144,228,218
3.6100000000000001e-09,148,144,233,218
3.619e-09,144,144,206,218
3.6279999999999999e-09,144,142,216,213
3.6369999999999997e-09,142,142,218,213
3.646e-09,148,142,222,213
3.6549999999999999e-09,144,142,219,213
3.6639999999999998e-09,146,142,220,213
3.673e-09,146,142,225,213
3.6819999999999999e-09,144,142,220,213
3.6909999999999998e-09,146,140,218,203
3.7e-09,146,140,228,203
3.7089999999999999e-09,148,140,220,203
3.7179999999999998e-09,144,140,221,203
3.7270000000000001e-09,140,140,218,203
3.7360000000000003e-09,146,140,222,203
3.7449999999999998e-09,142,140,219,203
3.7540000000000001e-09,146,140,220,203
3.7630000000000003e-09,146,140,227,203
3.7719999999999998e-09,146,142,227,225
3.7810000000000001e-09,146,142,213,225
3.7900000000000004e-09,142,142,213,225
3.7989999999999998e-09,148,142,218,225
3.8080000000000001e-09,144,142,217,225
3.8169999999999995e-09,144,142,217,225
3.8259999999999998e-09,144,142,216,225
3.8350000000000001e-09,146,144,225,213
3.8439999999999995e-09,148,144,232,213
3.8529999999999998e-09,146,144,220,213
3.8620000000000001e-09,146,144,219,213
3.8709999999999996e-09,140,144,213,213
3.8799999999999998e-09,142,144,213,213
3.8890000000000001e-09,144,144,215,213
3.8979999999999996e-09,140,144,211,213
3.9069999999999998e-09,140,144,205,213
3.9160000000000001e-09,140,144,207,223
3.9249999999999996e-09,140,144,200,223
3.9339999999999999e-09,144,144,217,223
3.9430000000000001e-09,148,144,235,223
3.9519999999999996e-09,142,144,216,223
3.9609999999999999e-09,142,144,206,223
3.9700000000000001e-09,144,144,225,223
3.9789999999999996e-09,142,146,209,214
3.9879999999999999e-09,146,146,217,214
3.9970000000000002e-09,146,146,228,214
4.0059999999999996e-09,146,146,214,214
4.0149999999999999e-09,142,146,213,214
4.0240000000000002e-09,146,146,220,214
4.0329999999999996e-09,144,146,226,214
4.0419999999999999e-09,144,146,213,214
4.0510000000000002e-09,146,136,202,210
4.0599999999999996e-09,146,136,225,210
4.0689999999999999e-09,144,136,210,210
4.0780000000000002e-09,146,136,217,210
4.0869999999999996e-09,144,136,226,210
4.0959999999999999e-09,144,136,222,210
4.1050000000000002e-09,146,136,217,210
4.1139999999999996e-09,146,138,215,216
4.1229999999999999e-09,148,138,231,216
4.1320000000000002e-09,146,138,222,216
4.1409999999999997e-09,136,138,216,216
4.1499999999999999e-09,144,138,219,216
4.1590000000000002e-09,146,138,216,216
4.1679999999999997e-09,144,138,219,216
4.1769999999999999e-09,144,138,210,216
4.1860000000000002e-09,142,138,206,216
4.1949999999999997e-09,146,142,224,207
4.204e-09,140,142,205,207
4.2130000000000002e-09,134,142,207,207
4.2219999999999997e-09,146,142,230,207
4.231e-09,142,142,218,207
4.2400000000000002e-09,144,142,209,207
4.2489999999999997e-09,148,142,234,218
4.258e-09,146,142,211,218
4.2670000000000003e-09,144,142,217,218
4.2759999999999997e-09,140,142,223,218
4.285e-09,142,142,221,218
4.2940000000000003e-09,146,142,210,218
4.3029999999999997e-09,148,142,219,218
4.312e-09,146,142,216,218
4.3210000000000003e-09,144,142,226,218
4.3299999999999997e-09,146,142,220,218
4.339e-09,146,144,232,207
4.3480000000000003e-09,144,144,216,207
4.3569999999999997e-09,142,144,204,207
4.366e-09,144,144,208,207
4.3750000000000003e-09,146,144,221,207
4.3839999999999998e-09,144,144,222,207
4.393e-09,144,144,220,214
4.4020000000000003e-09,142,144,207,214
4.4109999999999998e-09,146,144,224,214
4.42e-09,146,144,216,214
4.4290000000000003e-09,144,144,216,214
4.4379999999999998e-09,146,144,217,214
4.447e-09,146,144,230,214
4.4560000000000003e-09,142,144,208,214
4.4649999999999998e-09,146,144,211,214
4.4740000000000001e-09,140,144,210,214
4.4829999999999995e-09,144,144,225,217
4.4919999999999998e-09,146,144,221,217
4.5010000000000001e-09,146,144,214,217
4.5099999999999995e-09,140,144,216,217
4.5189999999999998e-09,138,144,199,217
4.5280000000000001e-09,144,142,214,209
4.5369999999999995e-09,146,142,234,209
4.5459999999999998e-09,142,142,211,209
4.5550000000000001e-09,140,142,215,209
4.5639999999999995e-09,146,142,222,209
4.5729999999999998e-09,146,142,220,209
4.5820000000000001e-09,144,142,226,209
4.5909999999999996e-09,146,142,224,209
4.5999999999999998e-09,146,142,221,209
4.6090000000000001e-09,146,142,215,209
4.6179999999999996e-09,138,142,208,209
4.6269999999999998e-09,140,144,208,213
4.6360000000000001e-09,138,144,211,213
4.6449999999999996e-09,140,144,229,213
4.6539999999999999e-09,144,144,209,213
4.6630000000000001e-09,138,144,209,213
4.6719999999999996e-09,144,144,215,221
4.6809999999999999e-09,142,144,222,221
4.6900000000000001e-09,146,144,218,221
4.6989999999999996e-09,144,144,210,221
4.7079999999999999e-09,142,144,219,221
4.7170000000000002e-09,138,144,208,221
4.7259999999999996e-09,142,144,209,221
4.7349999999999999e-09,148,144,227,221
4.7440000000000002e-09,144,144,220,221
4.7529999999999996e-09,144,144,206,221
4.7619999999999999e-09,146,144,217,215
4.7710000000000002e-09,144,144,214,215
4.7799999999999996e-09,134,144,193,215
4.7889999999999999e-09,144,144,213,215
4.7980000000000002e-09,146,144,227,215
4.8069999999999996e-09,138,142,208,207
4.8159999999999999e-09,146,142,223,207
4.8250000000000002e-09,142,142,210,207
4.8339999999999996e-09,146,142,221,207
4.8429999999999999e-09,134,142,197,207
4.8520000000000002e-09,146,142,219,207
4.8609999999999997e-09,144,142,223,207
4.8699999999999999e-09,142,142,217,207
4.8790000000000002e-09,144,142,215,207
4.8879999999999997e-09,144,142,218,207
4.8969999999999999e-09,146,142,218,207
4.9060000000000002e-09,146,138,215,216
4.9149999999999997e-09,144,138,219,216
4.924e-09,146,138,223,216
4.9330000000000002e-09,146,138,217,216
4.9419999999999997e-09,146,138,224,216
4.951e-09,144,142,211,207
4.9600000000000002e-09,140,142,211,207
4.9689999999999997e-09,146,142,212,207
4.978e-09,142,142,219,207
4.9870000000000003e-09,146,142,228,207
4.9959999999999997e-09,146,142,219,207
5.005e-09,142,136,211,209
5.0140000000000003e-09,146,136,219,209
5.0229999999999997e-09,146,136,220,209
5.032e-09,144,136,229,209
5.0410000000000003e-09,144,136,221,209
5.0499999999999997e-09,144,136,224,209
5.059e-09,146,138,220,201
5.0680000000000003e-09,144,138,216,201
5.0769999999999997e-09,148,138,224,201
5.086e-09,144,136,217,207
5.0950000000000003e-09,142,136,215,207
5.1039999999999997e-09,146,136,227,207
5.113e-09,146,136,224,207
5.1219999999999995e-09,144,136,216,207
5.1309999999999998e-09,142,136,211,207
5.14e-09,140,136,214,207
5.1489999999999995e-09,146,136,207,207
5.1579999999999998e-09,144,136,220,207
5.167e-09,144,136,219,207
5.1759999999999995e-09,148,136,218,207
5.1849999999999998e-09,146,136,230,207
5.1940000000000001e-09,146,136,219,206
5.2029999999999995e-09,146,136,218,206
5.2119999999999998e-09,146,136,213,206
5.2210000000000001e-09,144,136,212,206
5.2299999999999995e-09,144,136,219,206
5.2389999999999998e-09,144,136,210,206
5.2480000000000001e-09,146,136,221,206
5.2569999999999995e-09,144,136,210,206
5.2659999999999998e-09,146,138,229,212
5.2750000000000001e-09,144,138,225,212
5.2839999999999995e-09,144,138,217,212
5.2929999999999998e-09,140,138,207,212
5.3020000000000001e-09,146,138,222,212
5.3109999999999995e-09,144,138,221,212
5.3199999999999998e-09,144,138,229,212
5.3290000000000001e-09,144,138,211,212
5.3379999999999996e-09,144,138,235,212
5.3469999999999998e-09,146,138,229,212
5.3560000000000001e-09,144,138,214,212
5.3649999999999996e-09,142,138,215,212
5.3739999999999998e-09,142,136,209,215
5.3830000000000001e-09,144,136,217,215
5.3919999999999996e-09,146,136,227,215
5.4009999999999999e-09,144,136,225,215
5.4100000000000001e-09,146,136,222,215
5.4189999999999996e-09,142,136,221,215
5.4279999999999999e-09,144,136,229,215
5.4370000000000001e-09,144,136,200,215
5.4459999999999996e-09,144,138,218,208
5.4549999999999999e-09,146,138,217,208
5.4640000000000002e-09,140,138,204,208
5.4729999999999996e-09,144,138,226,208
5.4819999999999999e-09,144,138,210,208
5.4910000000000002e-09,146,138,224,208
5.4999999999999996e-09,144,138,221,208
5.5089999999999999e-09,146,138,236,208
5.5180000000000002e-09,138,138,211,208
5.5269999999999996e-09,138,138,205,208
5.5359999999999999e-09,138,138,215,208
5.5450000000000002e-09,144,138,220,208
5.5539999999999996e-09,142,134,204,202
5.5629999999999999e-09,146,134,221,202
5.5720000000000002e-09,144,134,206,202
5.5809999999999996e-09,144,134,218,202
5.5899999999999999e-09,140,134,213,202
5.5990000000000002e-09,144,134,203,202
5.6079999999999997e-09,146,134,226,202
5.6169999999999999e-09,144,134,217,202
5.6260000000000002e-09,144,132,223,195
5.6349999999999997e-09,144,132,220,195
5.6439999999999999e-09,146,132,225,195
5.6530000000000002e-09,144,132,220,195
5.6619999999999997e-09,146,132,220,195
5.671e-09,146,132,226,195
5.6800000000000002e-09,142,132,204,195
5.6889999999999997e-09,144,132,213,195
5.698e-09,142,132,213,195
5.7070000000000002e-09,144,132,219,195
5.7159999999999997e-09,142,132,219,195
5.725e-09,146,132,223,195
5.7340000000000003e-09,144,138,222,213
5.7429999999999997e-09,144,138,211,213
5.752e-09,144,138,232,213
5.7610000000000003e-09,140,138,217,213
5.7699999999999997e-09,146,138,218,213
5.779e-09,142,138,211,213
5.7879999999999995e-09,144,138,215,213
5.7969999999999997e-09,146,138,207,213
5.806e-09,146,136,217,195
5.8149999999999995e-09,142,136,219,195
5.8239999999999997e-09,144,136,214,195
5.833e-09,144,136,230,195
5.8419999999999995e-09,146,136,225,195
5.8509999999999998e-09,144,136,210,195
5.86e-09,144,136,222,195
5.8689999999999995e-09,144,136,222,195
5.8779999999999998e-09,146,136,214,195
5.887e-09,134,136,208,195
5.8959999999999995e-09,144,136,213,195
5.9049999999999998e-09,140,136,216,195
5.9140000000000001e-09,144,136,219,195
5.9229999999999995e-09,144,134,216,196
5.9319999999999998e-09,142,134,224,196
5.9410000000000001e-09,146,134,223,196
5.9499999999999995e-09,138,134,210,196
5.9589999999999998e-09,146,134,214,196
5.9680000000000001e-09,142,134,212,196
5.9769999999999995e-09,142,134,216,207
5.9859999999999998e-09,146,134,214,207
5.9950000000000001e-09,140,134,194,207
6.0039999999999995e-09,142,134,224,207
6.0129999999999998e-09,142,134,209,207
6.0220000000000001e-09,144,134,220,207
6.0309999999999995e-09,146,134,216,207
6.0399999999999998e-09,146,134,218,207
6.0490000000000001e-09,140,134,213,207
6.0579999999999996e-09,142,134,218,207
6.0669999999999998e-09,142,134,220,207
6.0760000000000001e-09,142,134,214,207
6.0849999999999996e-09,144,134,219,207
6.0939999999999998e-09,140,134,213,207
6.1030000000000001e-09,146,124,226,195
6.1119999999999996e-09,146,124,219,195
6.1209999999999999e-09,142,124,227,195
6.1300000000000001e-09,142,124,222,195
6.1389999999999996e-09,144,124,226,195
6.1479999999999999e-09,144,124,221,195
6.1570000000000001e-09,144,132,212,194
6.1659999999999996e-09,144,132,219,194
6.1749999999999999e-09,144,132,207,194
6.1840000000000002e-09,140,132,210,194
6.1929999999999996e-09,144,132,221,194
6.2019999999999999e-09,144,132,227,194
6.2110000000000002e-09,146,132,220,194
6.2199999999999996e-09,144,132,224,194
6.2289999999999999e-09,140,132,205,194
6.2380000000000002e-09,146,132,229,194
6.2469999999999996e-09,144,132,211,194
6.2559999999999999e-09,144,132,225,194
6.2650000000000002e-09,140,132,218,194
6.2739999999999996e-09,146,132,222,194
6.2829999999999999e-09,142,136,218,210
6.2920000000000002e-09,138,136,210,210
6.3009999999999996e-09,146,136,236,210
6.3099999999999999e-09,142,136,213,210
6.3190000000000002e-09,146,136,222,210
6.3279999999999997e-09,132,136,203,210
6.3369999999999999e-09,144,128,217,208
6.3460000000000002e-09,142,128,220,208
6.3549999999999997e-09,144,128,215,208
6.3639999999999999e-09,144,128,214,208
6.3730000000000002e-09,144,128,214,208
6.3819999999999997e-09,144,128,228,208
6.391e-09,142,128,211,208
6.4000000000000002e-09,142,128,212,208
6.4089999999999997e-09,146,128,224,208
6.418e-09,140,128,210,208
6.4270000000000002e-09,138,128,218,208
6.4359999999999997e-09,142,128,213,208
6.445e-09,140,128,213,208
6.4539999999999994e-09,140,128,205,208
6.4629999999999997e-09,142,136,214,210
6.472e-09,146,134,217,201
6.4809999999999994e-09,140,134,208,201
6.4899999999999997e-09,144,134,212,201
6.499e-09,144,134,219,201
6.5079999999999994e-09,140,134,208,201
6.5169999999999997e-09,144,134,225,201
6.526e-09,136,134,203,201
6.5349999999999995e-09,144,134,225,201
6.5439999999999997e-09,140,134,213,201
6.553e-09,140,134,213,201
6.5619999999999995e-09,146,134,224,201
6.5709999999999997e-09,142,134,221,201
6.58e-09,140,134,214,201
6.5889999999999995e-09,146,134,231,201
6.5979999999999998e-09,144,136,223,204
6.607e-09,138,136,207,204
6.6159999999999995e-09,146,136,224,204
6.6249999999999998e-09,144,136,227,204
6.634e-09,140,136,215,204
6.6429999999999995e-09,142,136,200,204
6.6519999999999998e-09,144,134,204,209
6.6610000000000001e-09,144,134,203,209
6.6699999999999995e-09,146,134,222,209
6.6789999999999998e-09,146,134,216,209
6.6880000000000001e-09,144,134,208,209
6.6969999999999995e-09,142,134,220,209
6.7059999999999998e-09,144,134,217,209
6.7150000000000001e-09,144,134,225,209
6.7239999999999995e-09,136,134,202,209
6.7329999999999998e-09,144,134,207,209
6.7420000000000001e-09,140,134,217,209
6.7509999999999995e-09,142,134,214,209
6.7599999999999998e-09,144,134,217,209
6.7690000000000001e-09,142,134,216,209
6.7779999999999995e-09,146,130,222,179
6.7869999999999998e-09,144,130,216,179
6.7960000000000001e-09,146,130,218,179
6.8049999999999996e-09,144,130,225,179
6.8139999999999998e-09,144,130,216,179
6.8230000000000001e-09,142,136,215,208
6.8319999999999996e-09,144,136,220,208
6.8409999999999998e-09,144,136,226,208
6.8500000000000001e-09,146,136,217,208
6.8589999999999996e-09,144,136,213,208
6.8679999999999999e-09,144,136,220,208
6.8770000000000001e-09,144,136,215,208
6.8859999999999996e-09,144,136,221,208
6.8949999999999999e-09,142,136,224,208
6.9040000000000001e-09,138,136,209,208
6.9129999999999996e-09,144,136,230,208
6.9219999999999999e-09,144,136,218,208
6.9310000000000002e-09,136,136,197,208
6.9399999999999996e-09,144,136,213,208
6.9489999999999999e-09,144,136,221,208
6.9580000000000002e-09,142,136,206,208
6.9669999999999996e-09,142,136,209,203
6.9759999999999999e-09,142,136,205,203
6.9850000000000002e-09,142,136,221,203
6.9939999999999996e-09,140,136,214,203
7.0029999999999999e-09,144,130,217,193
7.0120000000000002e-09,144,130,220,193
7.0209999999999996e-09,142,130,210,193
7.0299999999999999e-09,144,130,216,193
7.0390000000000002e-09,142,130,213,193
7.0479999999999996e-09,144,130,221,193
7.0569999999999999e-09,146,130,211,193
7.0660000000000002e-09,142,130,208,193
7.0749999999999997e-09,136,130,207,193
7.0839999999999999e-09,146,130,223,193
7.0929999999999994e-09,142,130,206,193
7.1019999999999997e-09,142,130,216,193
7.1109999999999999e-09,144,130,219,193
7.1199999999999994e-09,142,130,219,193
7.1289999999999997e-09,146,130,230,193
7.138e-09,144,130,219,193
7.1469999999999994e-09,136,132,208,195
7.1559999999999997e-09,146,132,220,195
7.165e-09,142,132,216,195
7.1739999999999994e-09,144,132,218,195
7.1829999999999997e-09,144,134,219,204
7.192e-09,144,134,220,204
7.2009999999999994e-09,142,134,214,204
7.2099999999999997e-09,134,134,206,204
7.219e-09,136,134,213,204
7.2279999999999994e-09,144,134,222,204
7.2369999999999997e-09,142,134,217,204
7.246e-09,144,134,216,204
7.2549999999999995e-09,142,134,212,204
7.2639999999999997e-09,142,134,214,204
7.273e-09,142,134,210,204
7.2819999999999995e-09,144,134,216,204
7.2909999999999997e-09,144,134,213,204
7.3e-09,140,134,210,204
7.3089999999999995e-09,142,134,213,204
7.3179999999999998e-09,140,134,208,204
7.327e-09,146,136,221,204
7.3359999999999995e-09,146,136,237,204
7.3449999999999998e-09,144,136,229,204
7.354e-09,140,136,214,204
7.3629999999999995e-09,142,134,216,205
7.3719999999999998e-09,144,134,212,205
7.3810000000000001e-09,146,134,221,205
7.3899999999999995e-09,144,134,229,205
7.3989999999999998e-09,144,134,217,205
7.4080000000000001e-09,144,134,208,205
7.4169999999999995e-09,140,134,208,205
7.4259999999999998e-09,142,134,224,205
7.4350000000000001e-09,144,134,229,205
7.4439999999999995e-09,142,134,217,205
7.452999999999999e-09,140,134,203,205
7.4619999999999993e-09,142,134,214,205
7.4709999999999995e-09,138,134,218,205
7.4799999999999998e-09,142,134,211,205
7.4890000000000001e-09,134,134,199,205
7.4980000000000004e-09,142,134,209,205
7.506999999999999e-09,146,126,221,200
7.5159999999999993e-09,140,126,208,200
7.5249999999999996e-09,140,126,215,200
7.5339999999999998e-09,146,126,218,200
7.5430000000000001e-09,146,136,223,206
7.5520000000000004e-09,146,136,215,206
7.560999999999999e-09,144,136,214,206
7.5699999999999993e-09,138,136,209,206
7.5789999999999996e-09,138,136,204,206
7.5879999999999999e-09,144,136,200,206
7.5970000000000001e-09,142,136,225,206
7.6060000000000004e-09,134,136,202,206
7.614999999999999e-09,142,136,217,206
7.6239999999999993e-09,138,136,209,206
7.6329999999999996e-09,144,136,216,206
7.6419999999999999e-09,140,136,231,206
7.6510000000000002e-09,144,136,224,206
7.6600000000000004e-09,142,136,219,206
7.6689999999999991e-09,144,136,217,206
7.6779999999999993e-09,144,136,209,206
7.6869999999999996e-09,144,136,225,203
7.6959999999999999e-09,144,136,224,203
7.7050000000000002e-09,144,136,210,203
7.7140000000000005e-09,144,134,217,200
7.7229999999999991e-09,144,134,216,200
7.7319999999999994e-09,144,134,216,200
7.7409999999999996e-09,144,134,213,200
7.7499999999999999e-09,142,134,213,200
7.7590000000000002e-09,146,134,219,200
7.7680000000000005e-09,142,134,213,200
7.7769999999999991e-09,144,134,219,200
7.7859999999999994e-09,144,134,206,200
7.7949999999999997e-09,144,134,210,200
7.8039999999999999e-09,144,134,220,200
7.8130000000000002e-09,146,134,211,200
7.8220000000000005e-09,142,134,205,200
7.8309999999999991e-09,142,134,212,200
7.8399999999999994e-09,142,134,220,200
7.8489999999999997e-09,142,134,221,200
7.858e-09,144,134,224,200
7.8670000000000002e-09,146,134,225,200
7.8760000000000005e-09,144,136,223,201
7.8849999999999991e-09,146,136,216,201
7.8939999999999994e-09,144,136,213,201
7.9029999999999997e-09,144,136,222,201
7.912e-09,144,136,222,201
7.9210000000000003e-09,144,136,221,201
7.9300000000000005e-09,144,136,213,201
7.9389999999999992e-09,142,136,210,201
7.9479999999999994e-09,144,136,215,201
7.9569999999999997e-09,140,136,215,201
7.966e-09,144,136,233,201
7.9750000000000003e-09,144,136,209,201
7.9840000000000006e-09,142,136,217,201
7.9929999999999992e-09,146,136,221,201
8.0019999999999995e-09,144,136,216,201
8.0109999999999997e-09,144,130,216,203
8.02e-09,146,130,214,203
8.0290000000000003e-09,142,136,217,208
8.0380000000000006e-09,138,136,206,208
8.0469999999999992e-09,144,136,220,208
8.0559999999999995e-09,142,136,221,208
8.0649999999999998e-09,144,136,222,208
8.074e-09,138,136,207,208
8.0830000000000003e-09,142,136,213,208
8.0919999999999989e-09,144,136,212,208
8.1009999999999992e-09,144,136,217,208
8.1099999999999995e-09,144,136,225,208
8.1189999999999998e-09,144,136,213,208
8.1280000000000001e-09,146,136,216,208
8.1370000000000003e-09,140,136,212,208
8.145999999999999e-09,136,136,200,208
8.1549999999999992e-09,136,136,210,208
8.1639999999999995e-09,146,136,224,208
8.1729999999999998e-09,142,136,221,208
8.1820000000000001e-09,144,136,211,208
8.1910000000000004e-09,146,138,223,210
8.199999999999999e-09,142,138,215,210
8.2089999999999993e-09,142,132,208,197
8.2179999999999995e-09,138,132,222,197
8.2269999999999998e-09,142,132,212,197
8.2360000000000001e-09,144,132,222,197
8.2450000000000004e-09,140,132,206,197
8.253999999999999e-09,140,132,216,197
8.2629999999999993e-09,144,132,212,197
8.2719999999999996e-09,138,132,197,197
8.2809999999999998e-09,146,132,221,197
8.2900000000000001e-09,144,132,215,197
8.2990000000000004e-09,138,132,216,197
8.307999999999999e-09,144,132,221,197
8.3169999999999993e-09,142,132,221,197
8.3259999999999996e-09,146,132,225,197
8.3349999999999999e-09,144,132,224,197
8.3440000000000001e-09,142,132,212,197
8.3530000000000004e-09,140,132,211,197
8.361999999999999e-09,144,132,207,197
8.3709999999999993e-09,142,134,216,198
8.3799999999999996e-09,136,134,207,198
8.3889999999999999e-09,140,132,217,203
8.3980000000000002e-09,146,132,224,203
8.4070000000000004e-09,142,132,207,203
8.4159999999999991e-09,142,132,227,203
8.4249999999999993e-09,142,132,213,203
8.4339999999999996e-09,142,132,207,203
8.4429999999999999e-09,144,132,221,203
8.4520000000000002e-09,142,132,214,203
8.4610000000000005e-09,142,132,207,203
8.4699999999999991e-09,142,132,209,203
8.4789999999999994e-09,140,132,207,203
8.4879999999999996e-09,142,132,211,203
8.4969999999999999e-09,144,132,214,203
8.5060000000000002e-09,144,132,227,203
8.5150000000000005e-09,144,132,219,203
8.5239999999999991e-09,146,132,219,203
8.5329999999999994e-09,144,132,204,203
8.5419999999999997e-09,144,132,215,203
8.5509999999999999e-09,140,132,208,197
8.5600000000000002e-09,146,134,221,203
8.5690000000000005e-09,146,134,227,203
8.5779999999999991e-09,142,134,218,203
8.5869999999999994e-09,142,134,222,203
8.5959999999999997e-09,144,134,217,203
8.605e-09,140,134,210,203
8.6140000000000002e-09,146,134,223,203
8.6230000000000005e-09,144,134,208,203
8.6319999999999991e-09,144,134,217,203
8.6409999999999994e-09,144,134,217,203
8.6499999999999997e-09,140,134,207,203
8.659e-09,142,134,226,203
8.6680000000000003e-09,142,134,221,203
8.6770000000000005e-09,142,134,212,203
8.6859999999999992e-09,144,134,212,203
8.6949999999999994e-09,140,134,224,203
8.7039999999999997e-09,138,134,205,203
8.713e-09,146,134,218,203
8.7220000000000003e-09,144,134,207,203
8.7310000000000006e-09,140,134,206,203
8.7399999999999992e-09,138,132,206,188
8.7489999999999995e-09,142,132,228,188
8.7579999999999997e-09,144,132,204,188
8.767e-09,136,132,206,188
8.7760000000000003e-09,144,132,217,188
8.7849999999999989e-09,140,132,210,188
8.7939999999999992e-09,144,132,212,188
8.8029999999999995e-09,146,132,228,188
8.8119999999999998e-09,142,132,222,188
8.821e-09,142,132,218,188
8.8300000000000003e-09,142,132,222,188
8.8389999999999989e-09,142,132,219,188
8.8479999999999992e-09,142,132,216,188
8.8569999999999995e-09,144,132,213,188
8.8659999999999998e-09,144,132,214,188
8.8750000000000001e-09,142,132,213,188
8.8840000000000003e-09,142,132,217,188
8.892999999999999e-09,136,132,195,188
8.9019999999999992e-09,140,132,211,188
8.9109999999999995e-09,142,132,215,188
8.9199999999999998e-09,144,134,213,201
8.9290000000000001e-09,144,134,222,201
8.9380000000000004e-09,140,134,207,201
8.946999999999999e-09,142,134,215,201
8.9559999999999993e-09,142,134,216,201
8.9649999999999995e-09,140,134,208,201
8.9739999999999998e-09,144,134,216,201
8.9830000000000001e-09,144,134,224,201
8.9920000000000004e-09,142,134,215,201
9.000999999999999e-09,144,134,217,201
9.0099999999999993e-09,144,134,213,201
9.0189999999999996e-09,140,134,219,201
9.0279999999999998e-09,138,134,209,201
9.0370000000000001e-09,134,134,199,201
9.0460000000000004e-09,142,134,208,201
9.054999999999999e-09,146,134,208,201
9.0639999999999993e-09,144,134,212,201
9.0729999999999996e-09,142,134,213,201
9.0819999999999999e-09,144,134,222,201
9.0910000000000001e-09,138,134,208,201
9.1000000000000004e-09,144,132,210,202
9.108999999999999e-09,146,132,217,202
9.1179999999999993e-09,138,132,225,202
9.1269999999999996e-09,140,132,211,202
9.1359999999999999e-09,146,132,226,202
9.1450000000000002e-09,142,132,209,202
9.1540000000000004e-09,138,132,211,202
9.1629999999999991e-09,140,132,214,202
9.1719999999999993e-09,140,132,214,202
9.1809999999999996e-09,142,132,217,202
9.1899999999999999e-09,144,132,221,202
9.1990000000000002e-09,140,132,211,202
9.2080000000000005e-09,142,132,211,202
9.2169999999999991e-09,144,132,211,202
9.2259999999999994e-09,144,132,221,202
9.2349999999999996e-09,142,132,217,202
9.2439999999999999e-09,144,132,217,202
9.2530000000000002e-09,144,132,220,202
9.2620000000000005e-09,140,132,215,202
9.2709999999999991e-09,140,132,209,202
9.2799999999999994e-09,144,132,213,204
9.2889999999999997e-09,136,132,215,204
9.2979999999999999e-09,144,132,209,204
9.3070000000000002e-09,140,132,211,204
9.3160000000000005e-09,140,132,209,204
9.3249999999999991e-09,144,132,221,204
9.3339999999999994e-09,144,132,211,204
9.3429999999999997e-09,144,132,215,204
9.352e-09,144,132,210,204
9.3610000000000002e-09,144,132,220,204
9.3700000000000005e-09,142,132,216,204
9.3789999999999991e-09,142,132,202,204
9.3879999999999994e-09,142,132,223,204
9.3969999999999997e-09,146,132,215,204
9.406e-09,138,130,207,197
9.4150000000000003e-09,144,130,212,197
9.4239999999999989e-09,144,130,221,197
9.4329999999999992e-09,146,130,224,197
9.4419999999999994e-09,140,130,223,197
9.4509999999999997e-09,140,130,225,197
9.46e-09,144,130,216,197
9.4690000000000003e-09,144,130,211,197
9.4779999999999989e-09,142,130,220,197
9.4869999999999992e-09,142,130,227,197
9.4959999999999995e-09,146,130,222,197
9.5049999999999997e-09,144,130,210,197
9.514e-09,140,130,214,197
9.5230000000000003e-09,146,130,222,197
9.5319999999999989e-09,144,130,218,197
9.5409999999999992e-09,144,130,221,197
9.5499999999999995e-09,144,130,215,197
9.5589999999999998e-09,144,130,215,197
9.568e-09,142,130,212,197
9.5770000000000003e-09,142,130,216,197
9.585999999999999e-09,144,130,212,197
9.5949999999999992e-09,142,130,213,197
9.6039999999999995e-09,144,128,218,190
9.6129999999999998e-09,140,128,198,190
9.6220000000000001e-09,146,128,216,190
9.6310000000000003e-09,144,128,217,190
9.639999999999999e-09,144,128,202,190
9.6489999999999992e-09,142,128,230,190
9.6579999999999995e-09,144,128,221,190
9.6669999999999998e-09,142,128,213,190
9.6760000000000001e-09,140,128,204,190
9.6850000000000004e-09,140,128,211,190
9.693999999999999e-09,144,128,215,190
9.7029999999999993e-09,142,128,207,190
9.7119999999999995e-09,144,128,220,190
9.7209999999999998e-09,144,128,213,190
9.7300000000000001e-09,142,128,211,190
9.7390000000000004e-09,142,128,220,190
9.747999999999999e-09,142,128,223,190
9.7569999999999993e-09,142,128,217,190
9.7659999999999996e-09,138,132,195,196
9.7749999999999998e-09,146,132,222,196
9.7840000000000001e-09,144,132,217,196
9.7930000000000004e-09,138,132,195,196
9.801999999999999e-09,144,132,219,196
9.8109999999999993e-09,140,132,205,196
9.8199999999999996e-09,144,132,208,196
9.8289999999999999e-09,142,132,227,196
9.8380000000000001e-09,142,132,214,196
9.8470000000000004e-09,138,132,216,196
9.8559999999999991e-09,138,132,220,196
9.8649999999999993e-09,138,132,211,196
9.8739999999999996e-09,138,132,212,196
9.8829999999999999e-09,144,132,207,196
9.8920000000000002e-09,140,132,207,196
9.9010000000000004e-09,144,132,226,196
9.9099999999999991e-09,142,132,210,196
9.9189999999999994e-09,144,132,226,196
9.9279999999999996e-09,140,132,214,196
9.9369999999999999e-09,142,132,212,196
9.9460000000000002e-09,140,132,208,196
9.9550000000000005e-09,142,132,216,196
9.9639999999999991e-09,146,128,220,202
9.9729999999999994e-09,138,128,215,202
9.9819999999999997e-09,142,128,217,202
9.9909999999999999e-09,142,128,207,202
-1.0000000000000001e-09,140,144,219,224
-1.0090000000000001e-09,146,144,219,224
-1.018e-09,144,146,221,215
-1.0270000000000001e-09,150,146,225,215
-1.0360000000000001e-09,148,150,221,216
-1.045e-09,148,150,214,216
-1.0540000000000001e-09,142,144,219,211
-1.0630000000000002e-09,150,144,237,211
-1.072e-09,150,146,229,219
-1.0810000000000001e-09,148,142,232,226
-1.09e-09,150,142,222,226
-1.099e-09,144,142,214,226
-1.1080000000000001e-09,150,146,219,229
-1.117e-09,150,146,222,222
-1.126e-09,150,146,229,222
-1.1350000000000001e-09,152,146,221,222
-1.144e-09,146,146,215,214
-1.1530000000000001e-09,150,150,226,230
-1.1620000000000001e-09,150,150,224,230
-1.171e-09,148,150,220,230
-1.1800000000000001e-09,150,150,220,224
-1.1890000000000001e-09,148,148,229,214
-1.198e-09,148,148,226,214
-1.2070000000000001e-09,146,148,233,214
-1.2160000000000001e-09,150,146,224,221
-1.225e-09,150,138,224,209
-1.2340000000000001e-09,148,138,232,209
-1.2430000000000002e-09,148,148,219,218
-1.252e-09,144,148,221,218
-1.2610000000000001e-09,148,148,221,222
-1.27e-09,150,148,215,222
-1.279e-09,142,142,223,225
-1.2880000000000001e-09,138,142,207,225
-1.297e-09,144,150,208,227
-1.306e-09,148,150,232,227
-1.3150000000000001e-09,150,146,233,215
-1.324e-09,146,144,226,222
-1.333e-09,148,144,231,222
-1.3420000000000001e-09,148,144,223,222
-1.351e-09,144,142,218,210
-1.3600000000000001e-09,150,142,221,225
-1.3690000000000001e-09,146,142,218,225
-1.378e-09,150,142,234,225
-1.3870000000000001e-09,150,148,230,227
-1.3960000000000001e-09,146,142,229,216
-1.405e-09,150,142,222,216
-1.4140000000000001e-09,142,142,219,216
-1.4229999999999999e-09,150,142,230,213
-1.432e-09,150,148,220,215
-1.4410000000000001e-09,148,148,225,215
-1.45e-09,148,148,217,215
-1.459e-09,138,138,212,206
-1.4680000000000001e-09,146,148,218,217
-1.477e-09,150,148,228,217
-1.486e-09,142,148,229,217
-1.4950000000000001e-09,146,148,214,238
-1.504e-09,148,148,225,213
-1.513e-09,148,148,215,213
-1.5220000000000001e-09,144,148,215,213
-1.531e-09,148,142,219,214
-1.5400000000000001e-09,144,148,207,213
-1.5490000000000001e-09,148,148,236,213
-1.558e-09,144,148,229,213
-1.5670000000000001e-09,140,142,213,217
-1.5759999999999999e-09,146,146,233,224
-1.585e-09,148,146,210,224
-1.5940000000000001e-09,150,146,236,224
-1.6029999999999999e-09,148,146,231,219
-1.612e-09,146,144,229,237
-1.6210000000000001e-09,150,144,223,237
-1.63e-09,148,144,218,237
-1.639e-09,148,146,224,214
-1.6480000000000001e-09,150,146,233,214
-1.657e-09,148,146,232,214
-1.666e-09,146,146,226,214
-1.6750000000000001e-09,148,146,220,225
-1.684e-09,148,146,218,225
-1.693e-09,150,146,221,225
-1.7020000000000001e-09,150,146,218,225
-1.711e-09,146,140,223,215
-1.7200000000000001e-09,146,140,229,215
-1.7290000000000001e-09,144,140,212,215
-1.738e-09,148,140,225,215
-1.7470000000000001e-09,148,146,220,229
-1.7559999999999999e-09,150,146,219,229
-1.765e-09,148,146,213,229
-1.7740000000000001e-09,150,146,230,229
-1.7829999999999999e-09,148,146,224,221
-1.792e-09,148,146,233,221
-1.8010000000000001e-09,146,146,226,221
-1.81e-09,146,144,225,212
-1.819e-09,148,144,229,212
-1.8280000000000001e-09,150,144,227,212
-1.837e-09,148,144,226,212
-1.846e-09,144,140,218,217
-1.8550000000000001e-09,146,140,226,217
-1.8640000000000002e-09,148,140,232,217
-1.873e-09,148,140,221,217
-1.8819999999999999e-09,140,148,215,227
-1.8910000000000002e-09,150,148,226,227
-1.9000000000000001e-09,150,148,232,227
-1.9089999999999999e-09,148,148,230,227
-1.9180000000000002e-09,148,148,228,227
-1.9270000000000001e-09,150,146,227,232
-1.9359999999999999e-09,144,146,224,232
-1.9450000000000002e-09,146,146,229,232
-1.9540000000000001e-09,146,144,219,224
-1.9629999999999999e-09,146,144,224,224
-1.9720000000000002e-09,148,144,230,224
-1.9810000000000001e-09,148,144,229,224
-1.99e-09,144,146,226,221
-1.9989999999999998e-09,150,146,226,221
-2.0080000000000001e-09,144,146,224,221
-2.017e-09,148,146,226,221
-2.0259999999999998e-09,144,146,221,226
-2.0350000000000001e-09,146,146,218,226
-2.044e-09,146,146,215,226
-2.0529999999999998e-09,148,146,229,226
-2.0620000000000001e-09,148,144,218,234
-2.071e-09,148,144,215,234
-2.0799999999999998e-09,150,144,216,234
-2.0890000000000001e-09,148,144,216,234
-2.098e-09,144,146,217,222
-2.1069999999999999e-09,150,146,225,222
-2.1160000000000001e-09,144,146,211,222
-2.125e-09,146,146,209,222
-2.1339999999999999e-09,146,146,225,227
-2.1430000000000001e-09,146,146,219,227
-2.152e-09,144,146,222,227
-2.1609999999999999e-09,146,146,228,227
-2.1700000000000002e-09,142,144,213,220
-2.179e-09,142,144,226,220
-2.1879999999999999e-09,144,144,223,220
-2.1970000000000002e-09,146,144,217,220
-2.206e-09,138,144,213,223
-2.2149999999999999e-09,146,144,229,223
-2.2240000000000002e-09,150,144,217,223
-2.233e-09,146,146,204,211
-2.2419999999999999e-09,148,146,234,211
-2.2510000000000002e-09,146,146,222,211
-2.2600000000000001e-09,146,146,228,211
-2.2689999999999999e-09,144,146,219,211
-2.2780000000000002e-09,148,146,222,224
-2.2870000000000001e-09,146,146,214,224
-2.2959999999999999e-09,150,146,215,224
-2.3050000000000002e-09,144,140,223,208
-2.3140000000000001e-09,148,140,232,208
-2.3229999999999999e-09,150,140,230,208
-2.3319999999999998e-09,150,140,232,208
-2.3410000000000001e-09,146,140,214,208
-2.3499999999999999e-09,148,142,215,214
-2.3589999999999998e-09,150,142,224,214
-2.3680000000000001e-09,148,134,227,212
-2.377e-09,146,134,216,212
-2.3859999999999998e-09,146,134,226,212
-2.3950000000000001e-09,148,134,214,212
-2.404e-09,148,134,225,212
-2.4129999999999998e-09,144,134,217,212
-2.4220000000000001e-09,146,146,221,217
-2.431e-09,148,146,223,217
-2.4399999999999998e-09,150,146,238,225
-2.4490000000000001e-09,146,146,230,225
-2.458e-09,138,146,209,225
-2.4669999999999999e-09,148,146,217,225
-2.4760000000000001e-09,146,146,236,225
-2.485e-09,148,146,216,225
-2.4939999999999999e-09,148,146,218,228
-2.5030000000000001e-09,150,146,231,228
-2.512e-09,144,146,215,216
-2.5209999999999999e-09,148,146,237,216
-2.5300000000000002e-09,148,146,222,216
-2.539e-09,148,146,229,216
-2.5479999999999999e-09,148,146,230,216
-2.5570000000000002e-09,148,142,227,214
-2.566e-09,142,142,225,214
-2.5749999999999999e-09,146,142,216,214
-2.5840000000000002e-09,150,146,224,216
-2.593e-09,146,146,224,216
-2.6019999999999999e-09,150,146,227,216
-2.6110000000000002e-09,146,146,221,216
-2.6200000000000001e-09,146,146,212,216
-2.6289999999999999e-09,148,144,225,212
-2.6380000000000002e-09,146,144,215,212
-2.6470000000000001e-09,148,144,222,212
-2.6559999999999999e-09,146,146,230,220
-2.6649999999999998e-09,148,146,230,220
-2.6740000000000001e-09,144,146,222,220
-2.6829999999999999e-09,144,146,229,220
-2.6919999999999998e-09,148,146,221,220
-2.7010000000000001e-09,142,142,210,215
-2.7099999999999999e-09,142,142,209,215
-2.7189999999999998e-09,148,146,226,218
-2.7280000000000001e-09,148,146,231,218
-2.737e-09,142,146,225,218
-2.7459999999999998e-09,144,146,217,218
-2.7550000000000001e-09,148,146,221,218
-2.764e-09,146,146,217,218
-2.7729999999999998e-09,148,146,227,218
-2.7820000000000001e-09,144,142,228,204
-2.791e-09,146,144,209,217
-2.7999999999999998e-09,146,144,224,217
-2.8090000000000001e-09,142,144,216,217
-2.818e-09,146,144,230,217
-2.8269999999999999e-09,146,144,232,217
-2.8360000000000001e-09,146,144,221,217
-2.845e-09,142,142,213,215
-2.8539999999999999e-09,140,142,220,215
-2.8630000000000001e-09,142,146,216,220
-2.872e-09,146,146,226,220
-2.8809999999999999e-09,148,146,215,220
-2.8900000000000002e-09,140,146,217,220
-2.899e-09,148,146,221,220
-2.9079999999999999e-09,144,146,217,220
-2.9170000000000002e-09,138,144,206,229
-2.926e-09,142,140,224,210
-2.9349999999999999e-09,146,140,218,210
-2.9440000000000002e-09,146,140,218,210
-2.953e-09,148,140,217,210
-2.9619999999999999e-09,148,140,222,210
-2.9710000000000002e-09,146,140,220,210
-2.98e-09,146,140,221,210
-2.9889999999999999e-09,148,142,238,215
-2.9979999999999998e-09,148,140,219,224
-3.0070000000000001e-09,148,140,228,224
-3.0159999999999999e-09,148,140,221,224
-3.0249999999999998e-09,148,140,213,224
-3.0340000000000001e-09,146,140,226,224
-3.0429999999999999e-09,144,140,221,224
-3.0519999999999998e-09,142,140,220,224
-3.0610000000000001e-09,142,146,214,224
-3.0699999999999999e-09,148,140,226,213
-3.0789999999999998e-09,144,140,216,213
-3.0880000000000001e-09,146,140,232,213
-3.097e-09,148,140,213,213
-3.1059999999999998e-09,148,140,234,213
-3.1150000000000001e-09,146,140,213,213
-3.124e-09,144,144,223,218
-3.1329999999999998e-09,142,132,217,191
-3.1420000000000001e-09,148,132,219,191
-3.151e-09,144,132,211,191
-3.1599999999999998e-09,142,132,216,191
-3.1690000000000001e-09,146,132,224,191
-3.178e-09,140,132,213,191
-3.1869999999999999e-09,136,132,193,191
-3.1960000000000001e-09,140,142,203,223
-3.205e-09,146,146,219,229
-3.2139999999999999e-09,148,146,214,229
-3.2230000000000001e-09,146,146,220,229
-3.232e-09,146,146,226,229
-3.2409999999999999e-09,144,146,237,229
-3.2500000000000002e-09,146,146,219,229
-3.259e-09,146,146,224,229
-3.2679999999999999e-09,140,146,207,229
-3.2770000000000002e-09,142,146,209,220
-3.286e-09,148,146,229,220
-3.2949999999999999e-09,148,146,225,220
-3.3040000000000002e-09,146,146,214,220
-3.313e-09,148,146,223,220
-3.3219999999999999e-09,148,146,219,220
-3.3309999999999998e-09,146,146,233,220
-3.34e-09,146,146,218,220
-3.3489999999999999e-09,146,142,228,205
-3.3579999999999998e-09,144,142,220,205
-3.3670000000000001e-09,144,142,217,205
-3.3759999999999999e-09,146,142,225,205
-3.3849999999999998e-09,144,142,214,205
-3.3940000000000001e-09,146,142,209,205
-3.4029999999999999e-09,146,142,219,205
-3.4119999999999998e-09,144,142,210,210
-3.4210000000000001e-09,146,142,219,225
-3.4299999999999999e-09,146,142,223,225
-3.4389999999999998e-09,138,142,209,225
-3.4480000000000001e-09,140,142,215,225
-3.457e-09,148,142,221,225
-3.4659999999999998e-09,148,142,220,225
-3.4750000000000001e-09,144,142,224,225
-3.484e-09,146,144,225,205
-3.4929999999999998e-09,146,144,211,205
-3.5020000000000001e-09,144,144,221,205
-3.511e-09,146,144,221,205
-3.5199999999999998e-09,146,144,229,205
-3.5290000000000001e-09,144,144,221,205
-3.538e-09,148,144,217,205
-3.5469999999999998e-09,136,144,211,205
-3.5560000000000001e-09,144,144,229,213
-3.565e-09,144,144,213,213
-3.5739999999999999e-09,148,144,220,213
-3.5830000000000001e-09,146,144,221,213
-3.592e-09,138,144,203,213
-3.6009999999999999e-09,146,144,222,213
-3.6100000000000001e-09,148,144,227,213
-3.619e-09,144,144,211,213
-3.6279999999999999e-09,144,142,222,220
-3.6369999999999997e-09,142,142,213,220
-3.646e-09,148,142,214,220
-3.6549999999999999e-09,144,142,212,220
-3.6639999999999998e-09,146,142,229,220
-3.673e-09,146,142,223,220
-3.6819999999999999e-09,144,142,217,220
-3.6909999999999998e-09,146,140,226,217
-3.7e-09,146,140,224,217
-3.7089999999999999e-09,148,140,221,217
-3.7179999999999998e-09,144,140,210,217
-3.7270000000000001e-09,140,140,217,217
-3.7360000000000003e-09,146,140,220,217
-3.7449999999999998e-09,142,140,212,217
-3.7540000000000001e-09,146,140,225,217
-3.7630000000000003e-09,146,140,215,217
-3.7719999999999998e-09,146,142,226,222
-3.7810000000000001e-09,146,142,223,222
-3.7900000000000004e-09,142,142,217,222
-3.7989999999999998e-09,148,142,227,222
-3.8080000000000001e-09,144,142,219,222
-3.8169999999999995e-09,144,142,219,222
-3.8259999999999998e-09,144,142,214,222
-3.8350000000000001e-09,146,144,218,228
-3.8439999999999995e-09,148,144,222,228
-3.8529999999999998e-09,146,144,226,228
-3.8620000000000001e-09,146,144,232,228
-3.8709999999999996e-09,140,144,208,228
-3.8799999999999998e-09,142,144,221,228
-3.8890000000000001e-09,144,144,222,228
-3.8979999999999996e-09,140,144,204,228
-3.9069999999999998e-09,140,144,211,228
-3.9160000000000001e-09,140,144,211,225
-3.9249999999999996e-09,140,144,198,225
-3.9339999999999999e-09,144,144,224,225
-3.9430000000000001e-09,148,144,226,225
-3.9519999999999996e-09,142,144,204,225
-3.9609999999999999e-09,142,144,228,225
-3.9700000000000001e-09,144,144,223,225
-3.9789999999999996e-09,142,146,226,208
-3.9879999999999999e-09,146,146,208,208
-3.9970000000000002e-09,146,146,219,208
-4.0059999999999996e-09,146,146,221,208
-4.0149999999999999e-09,142,146,219,208
-4.0240000000000002e-09,146,146,224,208
-4.0329999999999996e-09,144,146,204,208
-4.0419999999999999e-09,144,146,226,208
-4.0510000000000002e-09,146,136,218,196
-4.0599999999999996e-09,146,136,226,196
-4.0689999999999999e-09,144,136,206,196
-4.0780000000000002e-09,146,136,226,196
-4.0869999999999996e-09,144,136,224,196
-4.0959999999999999e-09,144,136,220,196
-4.1050000000000002e-09,146,136,226,196
-4.1139999999999996e-09,146,138,223,205
-4.1229999999999999e-09,148,138,223,205
-4.1320000000000002e-09,146,138,216,205
-4.1409999999999997e-09,136,138,197,205
-4.1499999999999999e-09,144,138,234,205
-4.1590000000000002e-09,146,138,224,205
-4.1679999999999997e-09,144,138,223,205
-4.1769999999999999e-09,144,138,220,205
-4.1860000000000002e-09,142,138,217,205
-4.1949999999999997e-09,146,142,223,215
-4.204e-09,140,142,214,215
-4.2130000000000002e-09,134,142,208,215
-4.2219999999999997e-09,146,142,222,215
-4.231e-09,142,142,214,215
-4.2400000000000002e-09,144,142,216,215
-4.2489999999999997e-09,148,142,225,221
-4.258e-09,146,142,219,221
-4.2670000000000003e-09,144,142,209,221
-4.2759999999999997e-09,140,142,207,221
-4.285e-09,142,142,217,221
-4.2940000000000003e-09,146,142,227,221
-4.3029999999999997e-09,148,142,225,221
-4.312e-09,146,142,228,221
-4.3210000000000003e-09,144,142,216,221
-4.3299999999999997e-09,146,142,217,221
-4.339e-09,146,144,226,223
-4.3480000000000003e-09,144,144,213,223
-4.3569999999999997e-09,142,144,213,223
-4.366e-09,144,144,220,223
-4.3750000000000003e-09,146,144,226,223
-4.3839999999999998e-09,144,144,219,223
-4.393e-09,144,144,215,215
-4.4020000000000003e-09,142,144,210,215
-4.4109999999999998e-09,146,144,218,215
-4.42e-09,146,144,228,215
-4.4290000000000003e-09,144,144,223,215
-4.4379999999999998e-09,146,144,225,215
-4.447e-09,146,144,226,215
-4.4560000000000003e-09,142,144,204,215
-4.4649999999999998e-09,146,144,219,215
-4.4740000000000001e-09,140,144,209,215
-4.4829999999999995e-09,144,144,217,227
-4.4919999999999998e-09,146,144,221,227
-4.5010000000000001e-09,146,144,211,227
-4.5099999999999995e-09,140,144,217,227
-4.5189999999999998e-09,138,144,205,227
-4.5280000000000001e-09,144,142,214,209
-4.5369999999999995e-09,146,142,222,209
-4.5459999999999998e-09,142,142,211,209
-4.5550000000000001e-09,140,142,200,209
-4.5639999999999995e-09,146,142,221,209
-4.5729999999999998e-09,146,142,224,209
-4.5820000000000001e-09,144,142,217,209
-4.5909999999999996e-09,146,142,221,209
-4.5999999999999998e-09,146,142,217,209
-4.6090000000000001e-09,146,142,218,209
-4.6179999999999996e-09,138,142,201,209
-4.6269999999999998e-09,140,144,209,229
-4.6360000000000001e-09,138,144,206,229
-4.6449999999999996e-09,140,144,208,229
-4.6539999999999999e-09,144,144,215,229
-4.6630000000000001e-09,138,144,199,229
-4.6719999999999996e-09,144,144,215,214
-4.6809999999999999e-09,142,144,217,214
-4.6900000000000001e-09,146,144,230,214
-4.6989999999999996e-09,144,144,213,214
-4.7079999999999999e-09,142,144,214,214
-4.7170000000000002e-09,138,144,207,214
-4.7259999999999996e-09,142,144,222,214
-4.7349999999999999e-09,148,144,217,214
-4.7440000000000002e-09,144,144,206,214
-4.7529999999999996e-09,144,144,224,214
-4.7619999999999999e-09,146,144,220,224
-4.7710000000000002e-09,144,144,223,224
-4.7799999999999996e-09,134,144,212,224
-4.7889999999999999e-09,144,144,215,224
-4.7980000000000002e-09,146,144,224,224
-4.8069999999999996e-09,138,142,210,212
-4.8159999999999999e-09,146,142,214,212
-4.8250000000000002e-09,142,142,213,212
-4.8339999999999996e-09,146,142,211,212
-4.8429999999999999e-09,134,142,211,212
-4.8520000000000002e-09,146,142,217,212
-4.8609999999999997e-09,144,142,218,212
-4.8699999999999999e-09,142,142,201,212
-4.8790000000000002e-09,144,142,219,212
-4.8879999999999997e-09,144,142,214,212
-4.8969999999999999e-09,146,142,227,212
-4.9060000000000002e-09,146,138,221,206
-4.9149999999999997e-09,144,138,223,206
-4.924e-09,146,138,225,206
-4.9330000000000002e-09,146,138,224,206
-4.9419999999999997e-09,146,138,213,206
-4.951e-09,144,142,229,220
-4.9600000000000002e-09,140,142,214,220
-4.9689999999999997e-09,146,142,220,220
-4.978e-09,142,142,222,220
-4.9870000000000003e-09,146,142,228,220
-4.9959999999999997e-09,146,142,227,220
-5.005e-09,142,136,222,200
-5.0140000000000003e-09,146,136,221,200
-5.0229999999999997e-09,146,136,220,200
-5.032e-09,144,136,226,200
-5.0410000000000003e-09,144,136,218,200
-5.0499999999999997e-09,144,136,211,200
-5.059e-09,146,138,216,207
-5.0680000000000003e-09,144,138,202,207
-5.0769999999999997e-09,148,138,218,207
-5.086e-09,144,136,220,197
-5.0950000000000003e-09,142,136,222,197
-5.1039999999999997e-09,146,136,233,197
-5.113e-09,146,136,227,197
-5.1219999999999995e-09,144,136,224,197
-5.1309999999999998e-09,142,136,214,197
-5.14e-09,140,136,206,197
-5.1489999999999995e-09,146,136,226,197
-5.1579999999999998e-09,144,136,215,197
-5.167e-09,144,136,218,197
-5.1759999999999995e-09,148,136,224,197
-5.1849999999999998e-09,146,136,221,197
-5.1940000000000001e-09,146,136,227,206
-5.2029999999999995e-09,146,136,216,206
-5.2119999999999998e-09,146,136,232,206
-5.2210000000000001e-09,144,136,229,206
-5.2299999999999995e-09,144,136,223,206
-5.2389999999999998e-09,144,136,221,206
-5.2480000000000001e-09,146,136,223,206
-5.2569999999999995e-09,144,136,209,206
-5.2659999999999998e-09,146,138,228,210
-5.2750000000000001e-09,144,138,212,210
-5.2839999999999995e-09,144,138,208,210
-5.2929999999999998e-09,140,138,207,210
-5.3020000000000001e-09,146,138,228,210
-5.3109999999999995e-09,144,138,220,210
-5.3199999999999998e-09,144,138,226,210
-5.3290000000000001e-09,144,138,212,210
-5.3379999999999996e-09,144,138,221,210
-5.3469999999999998e-09,146,138,220,210
-5.3560000000000001e-09,144,138,215,210
-5.3649999999999996e-09,142,138,218,210
-5.3739999999999998e-09,142,136,223,208
-5.3830000000000001e-09,144,136,222,208
-5.3919999999999996e-09,146,136,215,208
-5.4009999999999999e-09,144,136,220,208
-5.4100000000000001e-09,146,136,218,208
-5.4189999999999996e-09,142,136,215,208
-5.4279999999999999e-09,144,136,226,208
-5.4370000000000001e-09,144,136,212,208
-5.4459999999999996e-09,144,138,222,206
-5.4549999999999999e-09,146,138,210,206
-5.4640000000000002e-09,140,138,215,206
-5.4729999999999996e-09,144,138,223,206
-5.4819999999999999e-09,144,138,212,206
-5.4910000000000002e-09,146,138,218,206
-5.4999999999999996e-09,144,138,221,206
-5.5089999999999999e-09,146,138,215,206
-5.5180000000000002e-09,138,138,214,206
-5.5269999999999996e-09,138,138,209,206
-5.5359999999999999e-09,138,138,202,206
-5.5450000000000002e-09,144,138,218,206
-5.5539999999999996e-09,142,134,204,211
-5.5629999999999999e-09,146,134,222,211
-5.5720000000000002e-09,144,134,214,211
-5.5809999999999996e-09,144,134,228,211
-5.5899999999999999e-09,140,134,212,211
-5.5990000000000002e-09,144,134,221,211
-5.6079999999999997e-09,146,134,221,211
-5.6169999999999999e-09,144,134,217,211
-5.6260000000000002e-09,144,132,217,202
-5.6349999999999997e-09,144,132,229,202
-5.6439999999999999e-09,146,132,219,202
-5.6530000000000002e-09,144,132,216,202
-5.6619999999999997e-09,146,132,220,202
-5.671e-09,146,132,216,202
-5.6800000000000002e-09,142,132,214,202
-5.6889999999999997e-09,144,132,209,202
-5.698e-09,142,132,215,202
-5.7070000000000002e-09,144,132,216,202
-5.7159999999999997e-09,142,132,218,202
-5.725e-09,146,132,222,202
-5.7340000000000003e-09,144,138,218,210
-5.7429999999999997e-09,144,138,221,210
-5.752e-09,144,138,222,210
-5.7610000000000003e-09,140,138,213,210
-5.7699999999999997e-09,146,138,220,210
-5.779e-09,142,138,221,210
-5.7879999999999995e-09,144,138,219,210
-5.7969999999999997e-09,146,138,220,210
-5.806e-09,146,136,215,200
-5.8149999999999995e-09,142,136,218,200
-5.8239999999999997e-09,144,136,215,200
-5.833e-09,144,136,229,200
-5.8419999999999995e-09,146,136,223,200
-5.8509999999999998e-09,144,136,225,200
-5.86e-09,144,136,212,200
-5.8689999999999995e-09,144,136,217,200
-5.8779999999999998e-09,146,136,228,200
-5.887e-09,134,136,200,200
-5.8959999999999995e-09,144,136,220,200
-5.9049999999999998e-09,140,136,210,200
-5.9140000000000001e-09,144,136,221,200
-5.9229999999999995e-09,144,134,219,194
-5.9319999999999998e-09,142,134,216,194
-5.9410000000000001e-09,146,134,230,194
-5.9499999999999995e-09,138,134,201,194
-5.9589999999999998e-09,146,134,224,194
-5.9680000000000001e-09,142,134,219,194
-5.9769999999999995e-09,142,134,215,206
-5.9859999999999998e-09,146,134,224,206
-5.9950000000000001e-09,140,134,206,206
-6.0039999999999995e-09,142,134,208,206
-6.0129999999999998e-09,142,134,215,206
-6.0220000000000001e-09,144,134,219,206
-6.0309999999999995e-09,146,134,227,206
-6.0399999999999998e-09,146,134,216,206
-6.0490000000000001e-09,140,134,224,206
-6.0579999999999996e-09,142,134,213,206
-6.0669999999999998e-09,142,134,210,206
-6.0760000000000001e-09,142,134,211,206
-6.0849999999999996e-09,144,134,223,206
-6.0939999999999998e-09,140,134,210,206
-6.1030000000000001e-09,146,124,230,191
-6.1119999999999996e-09,146,124,224,191
-6.1209999999999999e-09,142,124,214,191
-6.1300000000000001e-09,142,124,214,191
-6.1389999999999996e-09,144,124,203,191
-6.1479999999999999e-09,144,124,223,191
-6.1570000000000001e-09,144,132,220,209
-6.1659999999999996e-09,144,132,208,209
-6.1749999999999999e-09,144,132,224,209
-6.1840000000000002e-09,140,132,213,209
-6.1929999999999996e-09,144,132,209,209
-6.2019999999999999e-09,144,132,221,209
-6.2110000000000002e-09,146,132,229,209
-6.2199999999999996e-09,144,132,210,209
-6.2289999999999999e-09,140,132,193,209
-6.2380000000000002e-09,146,132,209,209
-6.2469999999999996e-09,144,132,222,209
-6.2559999999999999e-09,144,132,218,209
-6.2650000000000002e-09,140,132,211,209
-6.2739999999999996e-09,146,132,217,209
-6.2829999999999999e-09,142,136,221,207
-6.2920000000000002e-09,138,136,210,207
-6.3009999999999996e-09,146,136,229,207
-6.3099999999999999e-09,142,136,222,207
-6.3190000000000002e-09,146,136,218,207
-6.3279999999999997e-09,132,136,191,207
-6.3369999999999999e-09,144,128,216,190
-6.3460000000000002e-09,142,128,222,190
-6.3549999999999997e-09,144,128,219,190
-6.3639999999999999e-09,144,128,211,190
-6.3730000000000002e-09,144,128,210,190
-6.3819999999999997e-09,144,128,208,190
-6.391e-09,142,128,206,190
-6.4000000000000002e-09,142,128,223,190
-6.4089999999999997e-09,146,128,211,190
-6.418e-09,140,128,213,190
-6.4270000000000002e-09,138,128,208,190
-6.4359999999999997e-09,142,128,212,190
-6.445e-09,140,128,209,190
-6.4539999999999994e-09,140,128,227,190
-6.4629999999999997e-09,142,136,210,209
-6.472e-09,146,134,229,197
-6.4809999999999994e-09,140,134,215,197
-6.4899999999999997e-09,144,134,220,197
-6.499e-09,144,134,214,197
-6.5079999999999994e-09,140,134,199,197
-6.5169999999999997e-09,144,134,219,197
-6.526e-09,136,134,214,197
-6.5349999999999995e-09,144,134,217,197
-6.5439999999999997e-09,140,134,216,197
-6.553e-09,140,134,204,197
-6.5619999999999995e-09,146,134,220,197
-6.5709999999999997e-09,142,134,216,197
-6.58e-09,140,134,216,197
-6.5889999999999995e-09,146,134,222,197
-6.5979999999999998e-09,144,136,201,204
-6.607e-09,138,136,211,204
-6.6159999999999995e-09,146,136,220,204
-6.6249999999999998e-09,144,136,223,204
-6.634e-09,140,136,218,204
-6.6429999999999995e-09,142,136,218,204
-6.6519999999999998e-09,144,134,225,208
-6.6610000000000001e-09,144,134,213,208
-6.6699999999999995e-09,146,134,215,208
-6.6789999999999998e-09,146,134,219,208
-6.6880000000000001e-09,144,134,219,208
-6.6969999999999995e-09,142,134,207,208
-6.7059999999999998e-09,144,134,220,208
-6.7150000000000001e-09,144,134,214,208
-6.7239999999999995e-09,136,134,210,208
-6.7329999999999998e-09,144,134,224,208
-6.7420000000000001e-09,140,134,211,208
-6.7509999999999995e-09,142,134,205,208
-6.7599999999999998e-09,144,134,211,208
-6.7690000000000001e-09,142,134,218,208
-6.7779999999999995e-09,146,130,219,179
-6.7869999999999998e-09,144,130,223,179
-6.7960000000000001e-09,146,130,224,179
-6.8049999999999996e-09,144,130,214,179
-6.8139999999999998e-09,144,130,208,179
-6.8230000000000001e-09,142,136,210,196
-6.8319999999999996e-09,144,136,214,196
-6.8409999999999998e-09,144,136,211,196
-6.8500000000000001e-09,146,136,227,196
-6.8589999999999996e-09,144,136,211,196
-6.8679999999999999e-09,144,136,211,196
-6.8770000000000001e-09,144,136,220,196
-6.8859999999999996e-09,144,136,219,196
-6.8949999999999999e-09,142,136,225,196
-6.9040000000000001e-09,138,136,203,196
-6.9129999999999996e-09,144,136,212,196
-6.9219999999999999e-09,144,136,216,196
-6.9310000000000002e-09,136,136,213,196
-6.9399999999999996e-09,144,136,215,196
-6.9489999999999999e-09,144,136,214,196
-6.9580000000000002e-09,142,136,217,196
-6.9669999999999996e-09,142,136,216,199
-6.9759999999999999e-09,142,136,213,199
-6.9850000000000002e-09,142,136,221,199
-6.9939999999999996e-09,140,136,203,199
-7.0029999999999999e-09,144,130,220,208
-7.0120000000000002e-09,144,130,214,208
-7.0209999999999996e-09,142,130,216,208
-7.0299999999999999e-09,144,130,205,208
-7.0390000000000002e-09,142,130,217,208
-7.0479999999999996e-09,144,130,222,208
-7.0569999999999999e-09,146,130,208,208
-7.0660000000000002e-09,142,130,215,208
-7.0749999999999997e-09,136,130,197,208
-7.0839999999999999e-09,146,130,224,208
-7.0929999999999994e-09,142,130,218,208
-7.1019999999999997e-09,142,130,211,208
-7.1109999999999999e-09,144,130,217,208
-7.1199999999999994e-09,142,130,217,208
-7.1289999999999997e-09,146,130,214,208
-7.138e-09,144,130,222,208
-7.1469999999999994e-09,136,132,208,203
-7.1559999999999997e-09,146,132,210,203
-7.165e-09,142,132,214,203
-7.1739999999999994e-09,144,132,213,203
-7.1829999999999997e-09,144,134,216,192
-7.192e-09,144,134,217,192
-7.2009999999999994e-09,142,134,208,192
-7.2099999999999997e-09,134,134,200,192
-7.219e-09,136,134,204,192
-7.2279999999999994e-09,144,134,214,192
-7.2369999999999997e-09,142,134,214,192
-7.246e-09,144,134,216,192
-7.2549999999999995e-09,142,134,220,192
-7.2639999999999997e-09,142,134,221,192
-7.273e-09,142,134,208,192
-7.2819999999999995e-09,144,134,213,192
-7.2909999999999997e-09,144,134,221,192
-7.3e-09,140,134,218,192
-7.3089999999999995e-09,142,134,220,192
-7.3179999999999998e-09,140,134,217,192
-7.327e-09,146,136,224,205
-7.3359999999999995e-09,146,136,227,205
-7.3449999999999998e-09,144,136,213,205
-7.354e-09,140,136,216,205
-7.3629999999999995e-09,142,134,228,208
-7.3719999999999998e-09,144,134,222,208
-7.3810000000000001e-09,146,134,226,208
-7.3899999999999995e-09,144,134,212,208
-7.3989999999999998e-09,144,134,227,208
-7.4080000000000001e-09,144,134,215,208
-7.4169999999999995e-09,140,134,214,208
-7.4259999999999998e-09,142,134,222,208
-7.4350000000000001e-09,144,134,226,208
-7.4439999999999995e-09,142,134,213,208
-7.452999999999999e-09,140,134,217,208
-7.4619999999999993e-09,142,134,224,208
-7.4709999999999995e-09,138,134,220,208
-7.4799999999999998e-09,142,134,217,208
-7.4890000000000001e-09,134,134,203,208
-7.4980000000000004e-09,142,134,217,208
-7.506999999999999e-09,146,126,215,193
-7.5159999999999993e-09,140,126,206,193
-7.5249999999999996e-09,140,126,205,193
-7.5339999999999998e-09,146,126,214,193
-7.5430000000000001e-09,146,136,218,203
-7.5520000000000004e-09,146,136,229,203
-7.560999999999999e-09,144,136,228,203
-7.5699999999999993e-09,138,136,203,203
-7.5789999999999996e-09,138,136,205,203
-7.5879999999999999e-09,144,136,210,203
-7.5970000000000001e-09,142,136,222,203
-7.6060000000000004e-09,134,136,209,203
-7.614999999999999e-09,142,136,222,203
-7.6239999999999993e-09,138,136,196,203
-7.6329999999999996e-09,144,136,229,203
-7.6419999999999999e-09,140,136,210,203
-7.6510000000000002e-09,144,136,217,203
-7.6600000000000004e-09,142,136,201,203
-7.6689999999999991e-09,144,136,211,203
-7.6779999999999993e-09,144,136,216,203
-7.6869999999999996e-09,144,136,229,212
-7.6959999999999999e-09,144,136,218,212
-7.7050000000000002e-09,144,136,220,212
-7.7140000000000005e-09,144,134,222,199
-7.7229999999999991e-09,144,134,221,199
-7.7319999999999994e-09,144,134,211,199
-7.7409999999999996e-09,144,134,228,199
-7.7499999999999999e-09,142,134,215,199
-7.7590000000000002e-09,146,134,231,199
-7.7680000000000005e-09,142,134,217,199
-7.7769999999999991e-09,144,134,208,199
-7.7859999999999994e-09,144,134,215,199
-7.7949999999999997e-09,144,134,218,199
-7.8039999999999999e-09,144,134,207,199
-7.8130000000000002e-09,146,134,223,199
-7.8220000000000005e-09,142,134,210,199
-7.8309999999999991e-09,142,134,224,199
-7.8399999999999994e-09,142,134,218,199
-7.8489999999999997e-09,142,134,213,199
-7.858e-09,144,134,223,199
-7.8670000000000002e-09,146,134,213,199
-7.8760000000000005e-09,144,136,225,215
-7.8849999999999991e-09,146,136,229,215
-7.8939999999999994e-09,144,136,209,215
-7.9029999999999997e-09,144,136,219,215
-7.912e-09,144,136,223,215
-7.9210000000000003e-09,144,136,221,215
-7.9300000000000005e-09,144,136,216,215
-7.9389999999999992e-09,142,136,214,215
-7.9479999999999994e-09,144,136,212,215
-7.9569999999999997e-09,140,136,219,215
-7.966e-09,144,136,215,215
-7.9750000000000003e-09,144,136,221,215
-7.9840000000000006e-09,142,136,207,215
-7.9929999999999992e-09,146,136,223,215
-8.0019999999999995e-09,144,136,213,215
-8.0109999999999997e-09,144,130,227,201
-8.02e-09,146,130,208,201
-8.0290000000000003e-09,142,136,212,208
-8.0380000000000006e-09,138,136,209,208
-8.0469999999999992e-09,144,136,221,208
-8.0559999999999995e-09,142,136,216,208
-8.0649999999999998e-09,144,136,218,208
-8.074e-09,138,136,204,208
-8.0830000000000003e-09,142,136,213,208
-8.0919999999999989e-09,144,136,217,208
-8.1009999999999992e-09,144,136,223,208
-8.1099999999999995e-09,144,136,213,208
-8.1189999999999998e-09,144,136,228,208
-8.1280000000000001e-09,146,136,213,208
-8.1370000000000003e-09,140,136,210,208
-8.145999999999999e-09,136,136,204,208
-8.1549999999999992e-09,136,136,196,208
-8.1639999999999995e-09,146,136,210,208
-8.1729999999999998e-09,142,136,210,208
-8.1820000000000001e-09,144,136,225,208
-8.1910000000000004e-09,146,138,233,202
-8.199999999999999e-09,142,138,207,202
-8.2089999999999993e-09,142,132,212,205
-8.2179999999999995e-09,138,132,201,205
-8.2269999999999998e-09,142,132,218,205
-8.2360000000000001e-09,144,132,211,205
-8.2450000000000004e-09,140,132,201,205
-8.253999999999999e-09,140,132,203,205
-8.2629999999999993e-09,144,132,216,205
-8.2719999999999996e-09,138,132,209,205
-8.2809999999999998e-09,146,132,223,205
-8.2900000000000001e-09,144,132,229,205
-8.2990000000000004e-09,138,132,205,205
-8.307999999999999e-09,144,132,209,205
-8.3169999999999993e-09,142,132,218,205
-8.3259999999999996e-09,146,132,226,205
-8.3349999999999999e-09,144,132,213,205
-8.3440000000000001e-09,142,132,210,205
-8.3530000000000004e-09,140,132,203,205
-8.361999999999999e-09,144,132,222,205
-8.3709999999999993e-09,142,134,224,204
-8.3799999999999996e-09,136,134,198,204
-8.3889999999999999e-09,140,132,205,207
-8.3980000000000002e-09,146,132,222,207
-8.4070000000000004e-09,142,132,211,207
-8.4159999999999991e-09,142,132,223,207
-8.4249999999999993e-09,142,132,215,207
-8.4339999999999996e-09,142,132,215,207
-8.4429999999999999e-09,144,132,216,207
-8.4520000000000002e-09,142,132,210,207
-8.4610000000000005e-09,142,132,208,207
-8.4699999999999991e-09,142,132,217,207
-8.4789999999999994e-09,140,132,200,207
-8.4879999999999996e-09,142,132,212,207
-8.4969999999999999e-09,144,132,217,207
-8.5060000000000002e-09,144,132,214,207
-8.5150000000000005e-09,144,132,222,207
-8.5239999999999991e-09,146,132,217,207
-8.5329999999999994e-09,144,132,217,207
-8.5419999999999997e-09,144,132,209,207
-8.5509999999999999e-09,140,132,225,189
-8.5600000000000002e-09,146,134,212,204
-8.5690000000000005e-09,146,134,225,204
-8.5779999999999991e-09,142,134,221,204
-8.5869999999999994e-09,142,134,215,204
-8.5959999999999997e-09,144,134,221,204
-8.605e-09,140,134,216,204
-8.6140000000000002e-09,146,134,219,204
-8.6230000000000005e-09,144,134,216,204
-8.6319999999999991e-09,144,134,224,204
-8.6409999999999994e-09,144,134,218,204
-8.6499999999999997e-09,140,134,210,204
-8.659e-09,142,134,209,204
-8.6680000000000003e-09,142,134,212,204
-8.6770000000000005e-09,142,134,209,204
-8.6859999999999992e-09,144,134,218,204
-8.6949999999999994e-09,140,134,218,204
-8.7039999999999997e-09,138,134,204,204
-8.713e-09,146,134,223,204
-8.7220000000000003e-09,144,134,223,204
-8.7310000000000006e-09,140,134,209,204
-8.7399999999999992e-09,138,132,208,195
-8.7489999999999995e-09,142,132,214,195
-8.7579999999999997e-09,144,132,207,195
-8.767e-09,136,132,203,195
-8.7760000000000003e-09,144,132,223,195
-8.7849999999999989e-09,140,132,206,195
-8.7939999999999992e-09,144,132,215,195
-8.8029999999999995e-09,146,132,214,195
-8.8119999999999998e-09,142,132,221,195
-8.821e-09,142,132,220,195
-8.8300000000000003e-09,142,132,222,195
-8.8389999999999989e-09,142,132,214,195
-8.8479999999999992e-09,142,132,211,195
-8.8569999999999995e-09,144,132,210,195
-8.8659999999999998e-09,144,132,215,195
-8.8750000000000001e-09,142,132,209,195
-8.8840000000000003e-09,142,132,218,195
-8.892999999999999e-09,136,132,201,195
-8.9019999999999992e-09,140,132,206,195
-8.9109999999999995e-09,142,132,217,195
-8.9199999999999998e-09,144,134,217,196
-8.9290000000000001e-09,144,134,210,196
-8.9380000000000004e-09,140,134,214,196
-8.946999999999999e-09,142,134,217,196
-8.9559999999999993e-09,142,134,217,196
-8.9649999999999995e-09,140,134,217,196
-8.9739999999999998e-09,144,134,219,196
-8.9830000000000001e-09,144,134,220,196
-8.9920000000000004e-09,142,134,217,196
-9.000999999999999e-09,144,134,227,196
-9.0099999999999993e-09,144,134,224,196
-9.0189999999999996e-09,140,134,217,196
-9.0279999999999998e-09,138,134,206,196
-9.0370000000000001e-09,134,134,201,196
-9.0460000000000004e-09,142,134,203,196
-9.054999999999999e-09,146,134,222,196
-9.0639999999999993e-09,144,134,222,196
-9.0729999999999996e-09,142,134,214,196
-9.0819999999999999e-09,144,134,222,196
-9.0910000000000001e-09,138,134,201,196
-9.1000000000000004e-09,144,132,211,203
-9.108999999999999e-09,146,132,222,203
-9.1179999999999993e-09,138,132,200,203
-9.1269999999999996e-09,140,132,216,203
-9.1359999999999999e-09,146,132,212,203
-9.1450000000000002e-09,142,132,209,203
-9.1540000000000004e-09,138,132,220,203
-9.1629999999999991e-09,140,132,211,203
-9.1719999999999993e-09,140,132,217,203
-9.1809999999999996e-09,142,132,211,203
-9.1899999999999999e-09,144,132,223,203
-9.1990000000000002e-09,140,132,204,203
-9.2080000000000005e-09,142,132,228,203
-9.2169999999999991e-09,144,132,215,203
-9.2259999999999994e-09,144,132,216,203
-9.2349999999999996e-09,142,132,215,203
-9.2439999999999999e-09,144,132,215,203
-9.2530000000000002e-09,144,132,221,203
-9.2620000000000005e-09,140,132,215,203
-9.2709999999999991e-09,140,132,213,203
-9.2799999999999994e-09,144,132,229,201
-9.2889999999999997e-09,136,132,201,201
-9.2979999999999999e-09,144,132,221,201
-9.3070000000000002e-09,140,132,211,201
-9.3160000000000005e-09,140,132,213,201
-9.3249999999999991e-09,144,132,222,201
-9.3339999999999994e-09,144,132,216,201
-9.3429999999999997e-09,144,132,213,201
-9.352e-09,144,132,220,201
-9.3610000000000002e-09,144,132,220,201
-9.3700000000000005e-09,142,132,218,201
-9.3789999999999991e-09,142,132,225,201
-9.3879999999999994e-09,142,132,201,201
-9.3969999999999997e-09,146,132,215,201
-9.406e-09,138,130,214,196
-9.4150000000000003e-09,144,130,209,196
-9.4239999999999989e-09,144,130,214,196
-9.4329999999999992e-09,146,130,222,196
-9.4419999999999994e-09,140,130,214,196
-9.4509999999999997e-09,140,130,213,196
-9.46e-09,144,130,221,196
-9.4690000000000003e-09,144,130,213,196
-9.4779999999999989e-09,142,130,216,196
-9.4869999999999992e-09,142,130,211,196
-9.4959999999999995e-09,146,130,220,196
-9.5049999999999997e-09,144,130,215,196
-9.514e-09,140,130,212,196
-9.5230000000000003e-09,146,130,218,196
-9.5319999999999989e-09,144,130,212,196
-9.5409999999999992e-09,144,130,209,196
-9.5499999999999995e-09,144,130,212,196
-9.5589999999999998e-09,144,130,224,196
-9.568e-09,142,130,223,196
-9.5770000000000003e-09,142,130,217,196
-9.585999999999999e-09,144,130,214,196
-9.5949999999999992e-09,142,130,208,196
-9.6039999999999995e-09,144,128,221,194
-9.6129999999999998e-09,140,128,212,194
-9.6220000000000001e-09,146,128,222,194
-9.6310000000000003e-09,144,128,218,194
-9.639999999999999e-09,144,128,223,194
-9.6489999999999992e-09,142,128,228,194
-9.6579999999999995e-09,144,128,217,194
-9.6669999999999998e-09,142,128,223,194
-9.6760000000000001e-09,140,128,212,194
-9.6850000000000004e-09,140,128,213,194
-9.693999999999999e-09,144,128,217,194
-9.7029999999999993e-09,142,128,212,194
-9.7119999999999995e-09,144,128,212,194
-9.7209999999999998e-09,144,128,207,194
-9.7300000000000001e-09,142,128,215,194
-9.7390000000000004e-09,142,128,211,194
-9.747999999999999e-09,142,128,214,194
-9.7569999999999993e-09,142,128,207,194
-9.7659999999999996e-09,138,132,204,201
-9.7749999999999998e-09,146,132,213,201
-9.7840000000000001e-09,144,132,212,201
-9.7930000000000004e-09,138,132,205,201
-9.801999999999999e-09,144,132,213,201
-9.8109999999999993e-09,140,132,215,201
-9.8199999999999996e-09,144,132,225,201
-9.8289999999999999e-09,142,132,210,201
-9.8380000000000001e-09,142,132,203,201
-9.8470000000000004e-09,138,132,206,201
-9.8559999999999991e-09,138,132,212,201
-9.8649999999999993e-09,138,132,211,201
-9.8739999999999996e-09,138,132,213,201
-9.8829999999999999e-09,144,132,217,201
-9.8920000000000002e-09,140,132,207,201
-9.9010000000000004e-09,144,132,223,201
-9.9099999999999991e-09,142,132,212,201
-9.9189999999999994e-09,144,132,205,201
-9.9279999999999996e-09,140,132,209,201
-9.9369999999999999e-09,142,132,218,201
-9.9460000000000002e-09,140,132,213,201
-9.9550000000000005e-09,142,132,219,201
-9.9639999999999991e-09,146,128,220,189
-9.9729999999999994e-09,138,128,212,189
-9.9819999999999997e-09,142,128,213,189
-9.9909999999999999e-09,142,128,220,189
1e-10,158,158,244,247
1.0090000000000001e-10,164,158,253,247
1.018e-10,156,162,230,240
1.027e-10,158,162,246,240
1.0360000000000001e-10,164,156,249,227
1.045e-10,156,156,229,227
1.0540000000000001e-10,162,162,250,241
1.0630000000000001e-10,160,162,238,241
1.072e-10,156,158,233,243
1.0810000000000001e-10,162,162,256,254
1.09e-10,160,162,243,254
1.099e-10,160,162,231,254
1.1080000000000001e-10,162,162,248,250
1.117e-10,166,160,258,241
1.126e-10,164,160,256,241
1.1350000000000001e-10,162,160,248,241
1.144e-10,160,156,251,238
1.1530000000000001e-10,164,156,241,230
1.1620000000000001e-10,162,156,249,230
1.1710000000000001e-10,160,156,239,230
1.1800000000000001e-10,160,158,227,240
1.189e-10,162,160,246,239
1.1980000000000002e-10,160,160,241,239
1.2070000000000001e-10,164,160,255,239
1.216e-10,160,160,247,237
1.2250000000000002e-10,156,160,241,250
1.2340000000000001e-10,164,160,251,250
1.243e-10,164,160,245,248
1.2520000000000002e-10,162,160,237,248
1.2610000000000001e-10,162,156,241,241
1.27e-10,162,156,241,241
1.2790000000000002e-10,158,160,236,242
1.2880000000000001e-10,158,160,228,242
1.297e-10,164,162,244,242
1.3060000000000002e-10,164,162,247,242
1.3150000000000001e-10,162,162,247,242
1.324e-10,160,160,247,245
1.3329999999999999e-10,154,160,225,245
1.3420000000000001e-10,164,160,247,245
1.351e-10,158,160,240,250
1.36e-10,164,160,247,245
1.3690000000000001e-10,162,160,243,245
1.378e-10,162,160,255,245
1.387e-10,158,160,245,254
1.3960000000000001e-10,160,160,238,240
1.4050000000000001e-10,154,160,225,240
1.414e-10,162,160,249,240
1.4230000000000002e-10,164,160,255,234
1.4320000000000001e-10,164,158,246,231
1.441e-10,162,158,249,231
1.4500000000000002e-10,162,158,239,231
1.4590000000000001e-10,162,158,243,241
1.468e-10,160,158,244,246
1.4770000000000002e-10,162,158,245,246
1.4860000000000001e-10,162,158,252,246
1.495e-10,150,160,216,251
1.5040000000000002e-10,164,158,243,242
1.5130000000000001e-10,164,158,262,242
1.522e-10,160,158,246,242
1.5310000000000002e-10,162,160,237,244
1.5400000000000001e-10,164,162,258,239
1.549e-10,160,162,254,239
1.5580000000000002e-10,164,162,249,239
1.5670000000000001e-10,160,158,244,238
1.576e-10,160,160,246,228
1.5850000000000002e-10,162,160,232,228
1.5940000000000001e-10,162,160,244,228
1.603e-10,164,156,246,235
1.6120000000000002e-10,162,160,241,233
1.6210000000000001e-10,156,160,226,233
1.6300000000000001e-10,162,160,243,233
1.6390000000000002e-10,164,160,251,245
1.6480000000000002e-10,158,160,242,245
1.6570000000000001e-10,162,160,234,245
1.666e-10,158,160,241,245
1.6750000000000002e-10,160,160,251,243
1.6840000000000001e-10,160,160,236,243
1.693e-10,162,160,246,243
1.7020000000000002e-10,156,160,246,243
1.7110000000000001e-10,162,156,241,227
1.72e-10,154,156,222,227
1.7290000000000002e-10,160,156,237,227
1.7380000000000001e-10,160,156,241,227
1.747e-10,160,160,246,246
1.7560000000000002e-10,160,160,246,246
1.7650000000000001e-10,162,160,241,246
1.774e-10,160,160,232,246
1.7830000000000002e-10,160,154,230,237
1.7920000000000001e-10,154,154,232,237
1.801e-10,162,154,238,237
1.8100000000000002e-10,156,156,237,234
1.8190000000000001e-10,156,156,241,234
1.828e-10,160,156,241,234
1.8370000000000002e-10,162,156,257,234
1.8460000000000001e-10,162,156,243,236
1.8550000000000001e-10,154,156,229,236
1.8640000000000002e-10,160,156,244,236
1.8730000000000001e-10,160,156,236,236
1.8820000000000001e-10,156,156,238,237
1.8910000000000002e-10,158,156,235,237
1.9000000000000002e-10,162,156,239,237
1.9090000000000001e-10,160,156,235,237
1.9180000000000003e-10,160,156,247,237
1.9270000000000002e-10,160,160,241,245
1.9360000000000001e-10,162,160,243,245
1.9450000000000003e-10,160,160,228,245
1.9540000000000002e-10,160,160,240,244
1.9630000000000001e-10,160,160,243,244
1.9720000000000003e-10,160,160,238,244
1.9810000000000002e-10,158,160,234,244
1.9900000000000001e-10,160,158,245,241
1.999e-10,158,158,242,241
2.0080000000000002e-10,158,158,247,241
2.0170000000000001e-10,160,158,252,241
2.026e-10,162,160,259,234
2.0350000000000002e-10,160,160,229,234
2.0440000000000001e-10,162,160,240,234
2.053e-10,156,160,226,234
2.0620000000000002e-10,152,160,232,242
2.0710000000000001e-10,162,160,249,242
2.0800000000000001e-10,156,160,227,242
2.0890000000000002e-10,160,160,248,242
2.0980000000000001e-10,160,154,247,240
2.1070000000000001e-10,162,154,243,240
2.1160000000000002e-10,162,154,241,240
2.1250000000000002e-10,162,154,242,240
2.1340000000000001e-10,160,160,240,246
2.1430000000000003e-10,158,160,243,246
2.1520000000000002e-10,160,160,236,246
2.1610000000000001e-10,148,160,226,246
2.1700000000000003e-10,162,160,243,239
2.1790000000000002e-10,162,160,254,239
2.1880000000000001e-10,160,160,241,239
2.1970000000000003e-10,160,160,253,239
2.2060000000000002e-10,158,156,254,233
2.2150000000000001e-10,162,156,250,233
2.2240000000000003e-10,160,156,238,233
2.2330000000000002e-10,156,160,222,235
2.2420000000000001e-10,162,160,246,235
2.2510000000000003e-10,160,160,241,235
2.2600000000000002e-10,162,160,246,235
2.2690000000000001e-10,160,160,234,235
2.2780000000000003e-10,162,160,247,246
2.2870000000000002e-10,156,160,238,246
2.2960000000000001e-10,158,160,242,246
2.3050000000000003e-10,158,160,239,248
2.3140000000000002e-10,162,160,249,248
2.3230000000000001e-10,156,160,230,248
2.3320000000000003e-10,162,160,241,248
2.341e-10,158,160,244,248
2.3500000000000002e-10,160,156,243,240
2.3590000000000003e-10,158,156,240,240
2.368e-10,152,158,229,237
2.3770000000000002e-10,154,158,227,237
2.3860000000000003e-10,162,158,242,237
2.395e-10,160,158,239,237
2.4040000000000002e-10,160,158,237,237
2.4130000000000004e-10,160,158,248,237
2.422e-10,160,158,237,236
2.4310000000000002e-10,160,158,239,236
2.4400000000000004e-10,158,156,236,232
2.449e-10,160,156,237,232
2.4580000000000002e-10,160,156,250,232
2.4670000000000004e-10,160,156,243,232
2.476e-10,160,156,244,232
2.4850000000000002e-10,158,156,237,232
2.4940000000000004e-10,160,152,248,226
2.503e-10,162,152,251,226
2.5120000000000002e-10,160,160,244,238
2.5210000000000004e-10,158,160,251,238
2.5300000000000001e-10,156,160,241,238
2.5390000000000002e-10,156,160,238,238
2.5480000000000004e-10,160,160,233,238
2.5570000000000001e-10,162,158,248,235
2.5660000000000002e-10,160,158,242,235
2.5750000000000004e-10,156,158,245,235
2.5840000000000001e-10,160,160,253,245
2.5930000000000002e-10,160,160,243,245
2.6020000000000004e-10,162,160,242,245
2.6110000000000001e-10,158,160,239,245
2.6200000000000003e-10,162,160,243,245
2.6290000000000004e-10,160,154,239,233
2.6380000000000001e-10,162,154,242,233
2.6470000000000003e-10,162,154,246,233
2.6560000000000004e-10,160,150,246,230
2.6650000000000001e-10,142,150,215,230
2.6740000000000003e-10,160,150,245,230
2.6830000000000005e-10,160,150,242,230
2.6920000000000001e-10,154,150,227,230
2.7010000000000003e-10,160,160,250,250
2.7100000000000005e-10,158,160,233,250
2.7190000000000001e-10,154,154,231,231
2.7280000000000003e-10,154,154,233,231
2.7370000000000005e-10,160,154,245,231
2.7460000000000001e-10,152,154,238,231
2.7550000000000003e-10,160,154,238,231
2.7640000000000005e-10,158,154,239,231
2.7730000000000001e-10,160,154,254,231
2.7820000000000003e-10,160,158,248,242
2.7910000000000005e-10,158,156,241,237
2.8000000000000002e-10,156,156,232,237
2.8090000000000003e-10,160,156,240,237
2.818e-10,160,156,236,237
2.8270000000000002e-10,154,156,226,237
2.8360000000000003e-10,154,156,230,237
2.845e-10,160,160,234,232
2.8540000000000002e-10,156,160,233,232
2.8630000000000003e-10,158,156,242,232
2.872e-10,160,156,245,232
2.8810000000000002e-10,158,156,231,232
2.8900000000000004e-10,158,156,238,232
2.899e-10,162,156,239,232
2.9080000000000002e-10,160,156,235,232
2.9170000000000004e-10,158,160,241,251
2.926e-10,160,158,247,234
2.9350000000000002e-10,162,158,239,234
2.9440000000000004e-10,156,158,236,234
2.953e-10,158,158,246,234
2.9620000000000002e-10,160,158,241,234
2.9710000000000004e-10,160,158,247,234
2.98e-10,158,158,228,234
2.9890000000000002e-10,160,152,251,231
2.9980000000000004e-10,158,152,240,244
3.0070000000000001e-10,148,152,218,244
3.0160000000000002e-10,158,152,230,244
3.0250000000000004e-10,158,152,242,244
3.0340000000000001e-10,160,152,240,244
3.0430000000000002e-10,160,152,243,244
3.0520000000000004e-10,154,152,221,244
3.0610000000000001e-10,160,156,244,232
3.0700000000000003e-10,160,154,234,224
3.0790000000000004e-10,158,154,243,224
3.0880000000000001e-10,160,154,239,224
3.0970000000000003e-10,162,154,239,224
3.1060000000000004e-10,160,154,240,224
3.1150000000000001e-10,158,154,235,224
3.1240000000000003e-10,152,154,234,239
3.1330000000000005e-10,158,152,238,237
3.1420000000000001e-10,160,152,245,237
3.1510000000000003e-10,156,152,231,237
3.1600000000000005e-10,154,152,233,237
3.1690000000000001e-10,160,152,228,237
3.1780000000000003e-10,162,152,249,237
3.1870000000000005e-10,158,152,234,237
3.1960000000000001e-10,156,158,246,236
3.2050000000000003e-10,156,144,235,212
3.2140000000000005e-10,160,144,235,212
3.2230000000000001e-10,158,144,239,212
3.2320000000000003e-10,158,144,243,212
3.2410000000000005e-10,160,144,233,212
3.2500000000000002e-10,156,144,241,212
3.2590000000000003e-10,160,144,263,212
3.2680000000000005e-10,154,144,227,212
3.2770000000000002e-10,150,156,231,233
3.2860000000000003e-10,160,156,242,233
3.2950000000000005e-10,146,156,217,233
3.3040000000000002e-10,160,156,245,233
3.3130000000000003e-10,158,156,239,233
3.3220000000000005e-10,160,156,238,233
3.3310000000000002e-10,160,156,229,233
3.3400000000000004e-10,154,156,235,233
3.3490000000000005e-10,160,158,238,236
3.3580000000000002e-10,156,158,237,236
3.3670000000000004e-10,160,158,249,236
3.3760000000000005e-10,160,158,243,236
3.3850000000000002e-10,160,158,246,236
3.3940000000000004e-10,158,158,250,236
3.4030000000000006e-10,160,158,241,236
3.4120000000000002e-10,160,160,235,245
3.4210000000000004e-10,160,156,242,245
3.4300000000000006e-10,160,156,242,245
3.4390000000000002e-10,158,156,235,245
3.4480000000000004e-10,156,156,227,245
3.4570000000000006e-10,158,156,232,245
3.4660000000000002e-10,156,156,240,245
3.4750000000000004e-10,156,156,231,245
3.4840000000000001e-10,160,154,238,233
3.4930000000000002e-10,152,154,223,233
3.5020000000000004e-10,160,154,237,233
3.5110000000000001e-10,160,154,237,233
3.5200000000000003e-10,160,154,246,233
3.5290000000000004e-10,152,154,236,233
3.5380000000000001e-10,160,154,244,233
3.5470000000000003e-10,156,154,244,233
3.5560000000000004e-10,156,156,241,233
3.5650000000000001e-10,160,156,237,233
3.5740000000000003e-10,160,156,244,233
3.5830000000000004e-10,154,156,237,233
3.5920000000000001e-10,158,156,240,233
3.6010000000000003e-10,160,156,241,233
3.6100000000000005e-10,160,156,238,233
3.6190000000000001e-10,158,156,245,233
3.6280000000000003e-10,160,158,239,234
3.6370000000000005e-10,156,158,241,234
3.6460000000000001e-10,158,158,236,234
3.6550000000000003e-10,156,158,234,234
3.6640000000000005e-10,160,158,232,234
3.6730000000000001e-10,158,158,244,234
3.6820000000000003e-10,160,158,254,234
3.6910000000000005e-10,160,160,244,243
3.7000000000000001e-10,160,160,237,243
3.7090000000000003e-10,158,160,237,243
3.7180000000000005e-10,158,160,252,243
3.7270000000000002e-10,156,160,236,243
3.7360000000000003e-10,156,160,234,243
3.7450000000000005e-10,156,160,236,243
3.7540000000000002e-10,156,160,232,243
3.7630000000000003e-10,160,160,236,243
3.7720000000000005e-10,154,152,227,242
3.7810000000000002e-10,158,152,227,242
3.7900000000000004e-10,152,152,229,242
3.7990000000000005e-10,156,152,237,242
3.8080000000000002e-10,156,152,228,242
3.8170000000000004e-10,160,152,252,242
3.8260000000000005e-10,158,152,235,242
3.8350000000000002e-10,150,156,222,231
3.8440000000000004e-10,158,156,232,231
3.8530000000000005e-10,156,156,230,231
3.8620000000000002e-10,160,156,245,231
3.8710000000000004e-10,154,156,242,231
3.8800000000000006e-10,160,156,232,231
3.8890000000000002e-10,160,156,255,231
3.8980000000000004e-10,158,156,225,231
3.9070000000000006e-10,160,156,243,231
3.9160000000000002e-10,156,156,238,225
3.9250000000000004e-10,160,156,249,225
3.9340000000000006e-10,160,156,244,225
3.9430000000000002e-10,150,156,215,225
3.9520000000000004e-10,160,156,238,225
3.9610000000000006e-10,158,156,242,225
3.9700000000000002e-10,150,156,225,225
3.9790000000000004e-10,160,158,236,234
3.9880000000000006e-10,158,158,237,234
3.9970000000000003e-10,160,158,252,234
4.0060000000000004e-10,158,158,241,234
4.0150000000000006e-10,158,158,239,234
4.0240000000000003e-10,152,158,231,234
4.0330000000000004e-10,158,158,241,234
4.0420000000000006e-10,160,158,248,234
4.0510000000000003e-10,150,158,231,233
4.0600000000000005e-10,156,158,232,233
4.0690000000000006e-10,152,158,236,233
4.0780000000000003e-10,160,158,234,233
4.0870000000000005e-10,158,158,250,233
4.0960000000000006e-10,158,158,238,233
4.1050000000000003e-10,156,158,233,233
4.1140000000000005e-10,156,156,233,240
4.1230000000000007e-10,156,156,236,240
4.1320000000000003e-10,154,156,230,240
4.1410000000000005e-10,156,156,242,240
4.1500000000000001e-10,160,156,242,240
4.1590000000000003e-10,156,156,233,240
4.1680000000000005e-10,158,156,246,240
4.1770000000000002e-10,160,156,244,240
4.1860000000000003e-10,160,156,242,240
4.1950000000000005e-10,156,154,241,232
4.2040000000000002e-10,160,154,248,232
4.2130000000000003e-10,158,154,235,232
4.2220000000000005e-10,154,154,240,232
4.2310000000000002e-10,158,154,232,232
4.2400000000000004e-10,152,154,232,232
4.2490000000000005e-10,156,150,224,229
4.2580000000000002e-10,142,150,222,229
4.2670000000000004e-10,152,150,223,229
4.2760000000000005e-10,160,150,244,229
4.2850000000000002e-10,160,150,235,229
4.2940000000000004e-10,160,150,246,229
4.3030000000000005e-10,152,150,228,229
4.3120000000000002e-10,154,150,234,229
4.3210000000000004e-10,156,150,230,229
4.3300000000000006e-10,154,150,234,229
4.3390000000000002e-10,156,154,251,231
4.3480000000000004e-10,158,154,230,231
4.3570000000000006e-10,154,154,235,231
4.3660000000000002e-10,160,154,239,231
4.3750000000000004e-10,158,154,234,231
4.3840000000000006e-10,158,154,234,231
4.3930000000000002e-10,160,158,252,245
4.4020000000000004e-10,158,158,248,245
4.4110000000000006e-10,156,158,232,245
4.4200000000000002e-10,158,158,235,245
4.4290000000000004e-10,156,158,233,245
4.4380000000000006e-10,154,158,232,245
4.4470000000000003e-10,160,158,244,245
4.4560000000000004e-10,156,158,217,245
4.4650000000000006e-10,156,158,230,245
4.4740000000000003e-10,158,158,244,245
4.4830000000000004e-10,156,152,234,228
4.4920000000000006e-10,160,152,240,228
4.5010000000000003e-10,160,152,235,228
4.5100000000000005e-10,156,152,245,228
4.5190000000000006e-10,150,152,215,228
4.5280000000000003e-10,160,156,239,224
4.5370000000000005e-10,158,156,237,224
4.5460000000000006e-10,154,156,216,224
4.5550000000000003e-10,158,156,241,224
4.5640000000000005e-10,158,156,241,224
4.5730000000000006e-10,160,156,246,224
4.5820000000000003e-10,156,156,240,224
4.5910000000000005e-10,160,156,240,224
4.6000000000000007e-10,160,156,241,224
4.6090000000000003e-10,156,156,235,224
4.6180000000000005e-10,160,156,244,224
4.6270000000000007e-10,154,154,223,232
4.6360000000000003e-10,160,154,245,232
4.6450000000000005e-10,160,154,248,232
4.6540000000000007e-10,160,154,250,232
4.6630000000000003e-10,158,154,250,232
4.672e-10,152,150,236,225
4.6810000000000007e-10,158,150,246,225
4.6900000000000003e-10,160,150,234,225
4.699e-10,152,150,222,225
4.7080000000000007e-10,156,150,240,225
4.7170000000000004e-10,156,150,239,225
4.726e-10,160,150,246,225
4.7350000000000007e-10,158,150,236,225
4.7440000000000004e-10,150,150,226,225
4.753e-10,148,150,214,225
4.7620000000000007e-10,158,154,243,233
4.7710000000000004e-10,158,154,232,233
4.78e-10,158,154,237,233
4.7890000000000007e-10,156,154,226,233
4.7980000000000004e-10,150,154,236,233
4.807e-10,160,154,251,231
4.8160000000000007e-10,156,154,238,231
4.8250000000000004e-10,156,154,233,231
4.8340000000000001e-10,156,154,228,231
4.8430000000000008e-10,156,154,240,231
4.8520000000000004e-10,158,154,236,231
4.8610000000000001e-10,158,154,243,231
4.8700000000000008e-10,160,154,248,231
4.8790000000000004e-10,160,154,242,231
4.8880000000000001e-10,158,154,235,231
4.8970000000000008e-10,158,154,234,231
4.9060000000000004e-10,158,156,241,239
4.9150000000000001e-10,158,156,226,239
4.9240000000000008e-10,156,156,232,239
4.9330000000000004e-10,158,156,238,239
4.9420000000000001e-10,156,156,227,239
4.9510000000000008e-10,158,156,227,238
4.9600000000000004e-10,158,156,249,238
4.9690000000000001e-10,160,156,245,238
4.9780000000000008e-10,158,156,243,238
4.9870000000000005e-10,152,156,226,238
4.9960000000000001e-10,160,156,244,238
5.0050000000000008e-10,156,140,230,216
5.0140000000000005e-10,158,140,234,216
5.0230000000000001e-10,158,140,236,216
5.0320000000000008e-10,158,140,241,216
5.0410000000000005e-10,158,140,244,216
5.0500000000000001e-10,160,140,232,216
5.0590000000000008e-10,160,146,238,218
5.0680000000000005e-10,160,146,230,218
5.0770000000000001e-10,158,146,233,218
5.0860000000000008e-10,158,150,241,222
5.0950000000000005e-10,156,150,236,222
5.1040000000000002e-10,158,150,244,222
5.1130000000000009e-10,158,150,239,222
5.1220000000000005e-10,156,150,247,222
5.1310000000000002e-10,158,150,235,222
5.1400000000000009e-10,154,150,237,222
5.1490000000000005e-10,156,150,231,222
5.1580000000000002e-10,154,150,221,222
5.1670000000000009e-10,156,150,229,222
5.1760000000000005e-10,156,150,231,222
5.1850000000000002e-10,158,150,230,222
5.1940000000000009e-10,152,148,222,222
5.2030000000000005e-10,160,148,245,222
5.2120000000000002e-10,158,148,242,222
5.2210000000000009e-10,158,148,232,222
5.2300000000000006e-10,158,148,228,222
5.2390000000000002e-10,160,148,248,222
5.2480000000000009e-10,156,148,240,222
5.2570000000000006e-10,158,148,245,222
5.2660000000000002e-10,154,150,225,229
5.2750000000000009e-10,154,150,233,229
5.2840000000000006e-10,160,150,230,229
5.2930000000000002e-10,160,150,239,229
5.3020000000000009e-10,154,150,230,229
5.3110000000000006e-10,158,150,237,229
5.3200000000000002e-10,158,150,243,229
5.3290000000000009e-10,160,150,237,229
5.3380000000000006e-10,156,150,227,229
5.3470000000000003e-10,150,150,230,229
5.3560000000000009e-10,156,150,243,229
5.3650000000000006e-10,156,150,228,229
5.3740000000000003e-10,160,148,229,225
5.383000000000001e-10,160,148,238,225
5.3920000000000006e-10,158,148,236,225
5.4010000000000003e-10,156,148,242,225
5.410000000000001e-10,152,148,237,225
5.4190000000000006e-10,160,148,250,225
5.4280000000000003e-10,150,148,218,225
5.437000000000001e-10,160,148,239,225
5.4460000000000006e-10,154,144,238,219
5.4550000000000003e-10,160,144,241,219
5.464000000000001e-10,156,144,226,219
5.4730000000000006e-10,160,144,243,219
5.4820000000000003e-10,160,144,256,219
5.491000000000001e-10,154,144,231,219
5.5000000000000007e-10,152,144,228,219
5.5090000000000003e-10,158,144,238,219
5.518000000000001e-10,154,144,244,219
5.5270000000000007e-10,158,144,233,219
5.5360000000000003e-10,158,144,245,219
5.545000000000001e-10,158,144,237,219
5.5540000000000007e-10,158,150,242,231
5.5630000000000003e-10,158,150,244,231
5.572000000000001e-10,154,150,244,231
5.5810000000000007e-10,158,150,243,231
5.5900000000000003e-10,156,150,235,231
5.599000000000001e-10,154,150,233,231
5.6080000000000007e-10,160,150,238,231
5.6170000000000004e-10,154,150,231,231
5.626000000000001e-10,156,152,237,224
5.6350000000000007e-10,158,152,243,224
5.6440000000000004e-10,154,152,240,224
5.6530000000000011e-10,158,152,230,224
5.6620000000000007e-10,158,152,234,224
5.6710000000000004e-10,160,152,238,224
5.6800000000000011e-10,156,152,239,224
5.6890000000000007e-10,158,152,240,224
5.6980000000000004e-10,160,152,232,224
5.7070000000000011e-10,160,152,247,224
5.7160000000000007e-10,156,152,237,224
5.7250000000000004e-10,158,152,232,224
5.7340000000000011e-10,158,150,252,231
5.7430000000000007e-10,158,150,235,231
5.7520000000000004e-10,158,150,252,231
5.7610000000000011e-10,154,150,233,231
5.7700000000000008e-10,156,150,232,231
5.7790000000000004e-10,160,150,237,231
5.7880000000000001e-10,158,150,233,231
5.7970000000000008e-10,158,150,247,231
5.8060000000000004e-10,158,148,237,233
5.8150000000000001e-10,158,148,250,233
5.8240000000000008e-10,152,148,232,233
5.8330000000000004e-10,160,148,251,233
5.8420000000000001e-10,154,148,242,233
5.8510000000000008e-10,158,148,256,233
5.8600000000000004e-10,160,148,234,233
5.8690000000000001e-10,156,148,228,233
5.8780000000000008e-10,150,148,222,233
5.8870000000000005e-10,156,148,240,233
5.8960000000000001e-10,154,148,240,233
5.9050000000000008e-10,158,148,234,233
5.9140000000000005e-10,160,148,245,233
5.9230000000000001e-10,156,148,237,226
5.9320000000000008e-10,156,148,238,226
5.9410000000000005e-10,156,148,238,226
5.9500000000000001e-10,152,148,241,226
5.9590000000000008e-10,160,148,241,226
5.9680000000000005e-10,156,148,219,226
5.9770000000000001e-10,152,146,231,219
5.9860000000000008e-10,158,146,240,219
5.9950000000000005e-10,158,146,236,219
6.0040000000000002e-10,158,146,240,219
6.0130000000000008e-10,160,146,249,219
6.0220000000000005e-10,154,146,239,219
6.0310000000000002e-10,158,146,238,219
6.0400000000000009e-10,156,146,238,219
6.0490000000000005e-10,152,146,244,219
6.0580000000000002e-10,152,146,231,219
6.0670000000000009e-10,156,146,224,219
6.0760000000000005e-10,156,146,239,219
6.0850000000000002e-10,158,146,239,219
6.0940000000000009e-10,160,146,246,219
6.1030000000000005e-10,158,150,229,235
6.1120000000000002e-10,156,150,232,235
6.1210000000000009e-10,156,150,239,235
6.1300000000000005e-10,150,150,218,235
6.1390000000000002e-10,160,150,239,235
6.1480000000000009e-10,158,150,245,235
6.1570000000000006e-10,146,148,214,228
6.1660000000000002e-10,158,148,251,228
6.1750000000000009e-10,160,148,244,228
6.1840000000000006e-10,154,148,224,228
6.1930000000000002e-10,154,148,234,228
6.2020000000000009e-10,154,148,226,228
6.2110000000000006e-10,158,148,245,228
6.2200000000000002e-10,152,148,240,228
6.2290000000000009e-10,158,148,241,228
6.2380000000000006e-10,154,148,237,228
6.2470000000000002e-10,156,148,226,228
6.2560000000000009e-10,154,148,239,228
6.2650000000000006e-10,156,148,240,228
6.2740000000000003e-10,158,148,230,228
6.2830000000000009e-10,160,148,254,210
6.2920000000000006e-10,160,148,246,210
6.3010000000000003e-10,152,148,219,210
6.310000000000001e-10,158,148,227,210
6.3190000000000006e-10,158,148,229,210
6.3280000000000003e-10,152,148,237,210
6.337000000000001e-10,156,142,241,207
6.3460000000000006e-10,146,142,219,207
6.3550000000000003e-10,156,142,232,207
6.364000000000001e-10,158,142,246,207
6.3730000000000006e-10,160,142,238,207
6.3820000000000003e-10,160,142,236,207
6.391000000000001e-10,160,142,238,207
6.4000000000000006e-10,158,142,236,207
6.4090000000000003e-10,156,142,242,207
6.418000000000001e-10,146,142,218,207
6.4270000000000007e-10,156,142,238,207
6.4360000000000003e-10,152,142,225,207
6.445000000000001e-10,158,142,252,207
6.4540000000000007e-10,158,142,249,207
6.4630000000000003e-10,160,138,238,205
6.472000000000001e-10,144,148,212,218
6.4810000000000007e-10,158,148,235,218
6.4900000000000003e-10,160,148,238,218
6.499000000000001e-10,156,148,236,218
6.5080000000000007e-10,154,148,235,218
6.5170000000000003e-10,156,148,233,218
6.526000000000001e-10,154,148,237,218
6.5350000000000007e-10,156,148,241,218
6.5440000000000004e-10,160,148,243,218
6.553000000000001e-10,154,148,229,218
6.5620000000000007e-10,154,148,237,218
6.5710000000000004e-10,154,148,238,218
6.5800000000000011e-10,154,148,236,218
6.5890000000000007e-10,156,148,228,218
6.5980000000000004e-10,158,146,246,215
6.6070000000000011e-10,150,146,223,215
6.6160000000000007e-10,156,146,233,215
6.6250000000000004e-10,154,146,232,215
6.6340000000000011e-10,150,146,224,215
6.6430000000000007e-10,160,146,249,215
6.6520000000000004e-10,156,148,238,211
6.6610000000000011e-10,156,148,237,211
6.6700000000000007e-10,158,148,241,211
6.6790000000000004e-10,152,148,242,211
6.6880000000000011e-10,160,148,248,211
6.6970000000000008e-10,158,148,232,211
6.7060000000000004e-10,158,148,239,211
6.7150000000000011e-10,158,148,241,211
6.7240000000000008e-10,156,148,236,211
6.7330000000000004e-10,160,148,249,211
6.7420000000000011e-10,160,148,251,211
6.7510000000000008e-10,158,148,236,211
6.7600000000000004e-10,160,148,238,211
6.7690000000000011e-10,156,148,240,211
6.7780000000000008e-10,160,150,242,227
6.7870000000000004e-10,158,150,239,227
6.7960000000000011e-10,160,150,235,227
6.8050000000000008e-10,160,150,236,227
6.8140000000000005e-10,152,150,226,227
6.8230000000000012e-10,160,150,245,238
6.8320000000000008e-10,158,150,228,238
6.8410000000000005e-10,158,150,244,238
6.8500000000000012e-10,160,150,236,238
6.8590000000000008e-10,150,150,229,238
6.8680000000000005e-10,158,150,232,238
6.8770000000000012e-10,156,150,238,238
6.8860000000000008e-10,150,150,224,238
6.8950000000000005e-10,156,150,245,238
6.9040000000000012e-10,160,150,253,238
6.9130000000000008e-10,154,150,247,238
6.9220000000000005e-10,152,150,242,238
6.9310000000000012e-10,152,150,231,238
6.9400000000000008e-10,154,150,234,238
6.9490000000000005e-10,154,150,236,238
6.9580000000000012e-10,156,150,246,238
6.9670000000000009e-10,154,146,227,223
6.9760000000000005e-10,154,146,228,223
6.9850000000000012e-10,158,146,240,223
6.9940000000000009e-10,156,146,230,223
7.0030000000000005e-10,160,142,246,210
7.0120000000000012e-10,154,142,231,210
7.0210000000000009e-10,148,142,225,210
7.0300000000000005e-10,154,142,233,210
7.0390000000000012e-10,156,142,233,210
7.0480000000000009e-10,156,142,242,210
7.0570000000000005e-10,158,142,243,210
7.0660000000000012e-10,156,142,240,210
7.0750000000000009e-10,148,142,225,210
7.0840000000000006e-10,158,142,235,210
7.0930000000000002e-10,158,142,243,210
7.1020000000000009e-10,158,142,240,210
7.1110000000000006e-10,152,142,221,210
7.1200000000000002e-10,152,142,235,210
7.1290000000000009e-10,160,142,244,210
7.1380000000000006e-10,156,142,238,210
7.1470000000000002e-10,150,150,224,233
7.1560000000000009e-10,156,150,229,233
7.1650000000000006e-10,152,150,240,233
7.1740000000000002e-10,156,150,233,233
7.1830000000000009e-10,160,148,242,232
7.1920000000000006e-10,152,148,237,232
7.2010000000000003e-10,150,148,235,232
7.210000000000001e-10,152,148,227,232
7.2190000000000006e-10,158,148,236,232
7.2280000000000003e-10,158,148,237,232
7.237000000000001e-10,160,148,240,232
7.2460000000000006e-10,150,148,228,232
7.2550000000000003e-10,158,148,234,232
7.264000000000001e-10,160,148,251,232
7.2730000000000006e-10,152,148,229,232
7.2820000000000003e-10,154,148,231,232
7.291000000000001e-10,152,148,229,232
7.3000000000000006e-10,154,148,230,232
7.3090000000000003e-10,158,148,234,232
7.318000000000001e-10,152,148,233,232
7.3270000000000007e-10,156,146,235,219
7.3360000000000003e-10,154,146,227,219
7.345000000000001e-10,156,146,237,219
7.3540000000000007e-10,154,146,243,219
7.3630000000000003e-10,156,142,235,215
7.372000000000001e-10,156,142,241,215
7.3810000000000007e-10,156,142,234,215
7.3900000000000003e-10,158,142,242,215
7.399000000000001e-10,156,142,239,215
7.4080000000000007e-10,152,142,235,215
7.4170000000000003e-10,154,142,237,215
7.426000000000001e-10,156,142,224,215
7.4350000000000007e-10,154,142,231,215
7.4440000000000004e-10,156,142,244,215
7.453000000000001e-10,160,142,243,215
7.4620000000000007e-10,148,142,222,215
7.4710000000000004e-10,148,142,213,215
7.4800000000000011e-10,148,142,224,215
7.4890000000000007e-10,146,142,231,215
7.4980000000000004e-10,148,142,232,215
7.5070000000000011e-10,156,148,234,234
7.5160000000000007e-10,154,148,224,234
7.5250000000000004e-10,158,148,240,234
7.5340000000000011e-10,150,148,225,234
7.5430000000000007e-10,156,144,227,213
7.5520000000000004e-10,156,144,234,213
7.5610000000000011e-10,158,144,239,213
7.5700000000000007e-10,156,144,225,213
7.5790000000000004e-10,158,144,240,213
7.5880000000000011e-10,156,144,227,213
7.5970000000000008e-10,152,144,242,213
7.6060000000000004e-10,158,144,242,213
7.6150000000000011e-10,160,144,233,213
7.6240000000000008e-10,152,144,240,213
7.6330000000000004e-10,152,144,235,213
7.6420000000000011e-10,160,144,236,213
7.6510000000000008e-10,156,144,239,213
7.6600000000000004e-10,156,144,220,213
7.6690000000000011e-10,156,144,239,213
7.6780000000000008e-10,152,144,238,213
7.6870000000000004e-10,154,144,231,212
7.6960000000000011e-10,158,144,244,212
7.7050000000000008e-10,142,144,211,212
7.7140000000000005e-10,158,144,236,220
7.7230000000000011e-10,154,144,230,220
7.7320000000000008e-10,154,144,229,220
7.7410000000000005e-10,156,144,231,220
7.7500000000000012e-10,156,144,243,220
7.7590000000000008e-10,158,144,243,220
7.7680000000000005e-10,148,144,218,220
7.7770000000000012e-10,158,144,237,220
7.7860000000000008e-10,156,144,235,220
7.7950000000000005e-10,150,144,229,220
7.8040000000000012e-10,156,144,229,220
7.8130000000000008e-10,152,144,239,220
7.8220000000000005e-10,158,144,248,220
7.8310000000000012e-10,154,144,229,220
7.8400000000000008e-10,158,144,231,220
7.8490000000000005e-10,156,144,236,220
7.8580000000000012e-10,152,144,219,220
7.8670000000000009e-10,152,144,231,220
7.8760000000000005e-10,156,148,225,230
7.8850000000000012e-10,158,148,238,230
7.8940000000000009e-10,158,148,246,230
7.9030000000000005e-10,154,148,234,230
7.9120000000000012e-10,160,148,253,230
7.9210000000000009e-10,158,148,233,230
7.9300000000000005e-10,158,148,234,230
7.9390000000000012e-10,158,148,238,230
7.9480000000000009e-10,156,148,239,230
7.9570000000000005e-10,154,148,241,230
7.9660000000000012e-10,158,148,240,230
7.9750000000000009e-10,156,148,236,230
7.9840000000000006e-10,152,148,231,230
7.9930000000000012e-10,152,148,228,230
8.0020000000000009e-10,156,148,230,230
8.0110000000000006e-10,158,148,235,225
8.0200000000000013e-10,158,148,234,225
8.0290000000000009e-10,154,150,231,228
8.0380000000000006e-10,156,150,232,228
8.0470000000000013e-10,156,150,232,228
8.0560000000000009e-10,158,150,243,228
8.0650000000000006e-10,158,150,226,228
8.0740000000000013e-10,158,150,238,228
8.0830000000000009e-10,156,150,230,228
8.0920000000000006e-10,152,150,226,228
8.1010000000000013e-10,150,150,237,228
8.1100000000000009e-10,158,150,247,228
8.1190000000000006e-10,158,150,233,228
8.1280000000000013e-10,158,150,243,228
8.137000000000001e-10,158,150,243,228
8.1460000000000006e-10,156,150,238,228
8.1550000000000013e-10,158,150,233,228
8.164000000000001e-10,156,150,236,228
8.1730000000000006e-10,146,150,217,228
8.1820000000000013e-10,158,150,236,228
8.191000000000001e-10,158,148,253,229
8.2000000000000006e-10,158,148,241,229
8.2090000000000013e-10,156,148,238,224
8.218000000000001e-10,156,148,231,224
8.2270000000000006e-10,156,148,236,224
8.2360000000000013e-10,158,148,236,224
8.245000000000001e-10,158,148,244,224
8.2540000000000007e-10,160,148,242,224
8.2630000000000013e-10,158,148,236,224
8.272000000000001e-10,154,148,227,224
8.2810000000000007e-10,154,148,241,224
8.2900000000000014e-10,158,148,240,224
8.299000000000001e-10,156,148,240,224
8.3080000000000007e-10,154,148,229,224
8.3170000000000014e-10,152,148,234,224
8.326000000000001e-10,154,148,239,224
8.3350000000000007e-10,156,148,239,224
8.3440000000000014e-10,152,148,238,224
8.353000000000001e-10,156,148,229,224
8.3620000000000007e-10,160,148,235,224
8.3710000000000014e-10,158,148,233,223
8.380000000000001e-10,158,148,235,223
8.3890000000000007e-10,158,150,243,235
8.3980000000000014e-10,154,150,241,235
8.4070000000000011e-10,154,150,229,235
8.4160000000000007e-10,158,150,252,235
8.4250000000000004e-10,156,150,230,235
8.4340000000000011e-10,154,150,232,235
8.4430000000000007e-10,158,150,239,235
8.4520000000000004e-10,156,150,239,235
8.4610000000000011e-10,152,150,219,235
8.4700000000000007e-10,154,150,237,235
8.4790000000000004e-10,154,150,234,235
8.4880000000000011e-10,150,150,227,235
8.4970000000000007e-10,152,150,226,235
8.5060000000000004e-10,156,150,240,235
8.5150000000000011e-10,150,150,218,235
8.5240000000000008e-10,152,150,230,235
8.5330000000000004e-10,158,150,233,235
8.5420000000000011e-10,156,150,243,235
8.5510000000000008e-10,154,146,225,217
8.5600000000000004e-10,148,144,231,218
8.5690000000000011e-10,154,144,233,218
8.5780000000000008e-10,150,144,229,218
8.5870000000000004e-10,154,144,234,218
8.5960000000000011e-10,158,144,238,218
8.6050000000000008e-10,156,144,228,218
8.6140000000000004e-10,154,144,223,218
8.6230000000000011e-10,156,144,231,218
8.6320000000000008e-10,160,144,237,218
8.6410000000000005e-10,154,144,241,218
8.6500000000000011e-10,154,144,225,218
8.6590000000000008e-10,156,144,236,218
8.6680000000000005e-10,158,144,241,218
8.6770000000000012e-10,152,144,229,218
8.6860000000000008e-10,154,144,237,218
8.6950000000000005e-10,158,144,242,218
8.7040000000000012e-10,158,144,237,218
8.7130000000000008e-10,158,144,229,218
8.7220000000000005e-10,154,144,231,218
8.7310000000000012e-10,156,144,238,218
8.7400000000000008e-10,156,148,240,232
8.7490000000000005e-10,156,148,239,232
8.7580000000000012e-10,156,148,236,232
8.7670000000000008e-10,156,148,234,232
8.7760000000000005e-10,154,148,232,232
8.7850000000000012e-10,154,148,229,232
8.7940000000000009e-10,156,148,241,232
8.8030000000000005e-10,152,148,234,232
8.8120000000000012e-10,156,148,252,232
8.8210000000000009e-10,158,148,241,232
8.8300000000000005e-10,152,148,231,232
8.8390000000000012e-10,158,148,232,232
8.8480000000000009e-10,154,148,228,232
8.8570000000000005e-10,150,148,232,232
8.8660000000000012e-10,158,148,245,232
8.8750000000000009e-10,156,148,238,232
8.8840000000000005e-10,154,148,232,232
8.8930000000000012e-10,156,148,217,232
8.9020000000000009e-10,158,148,240,232
8.9110000000000006e-10,158,148,238,232
8.9200000000000013e-10,156,146,235,217
8.9290000000000009e-10,158,146,232,217
8.9380000000000006e-10,156,146,234,217
8.9470000000000013e-10,156,146,237,217
8.9560000000000009e-10,158,146,245,217
8.9650000000000006e-10,154,146,240,217
8.9740000000000013e-10,156,146,238,217
8.9830000000000009e-10,154,146,221,217
8.9920000000000006e-10,158,146,230,217
9.0010000000000013e-10,152,146,228,217
9.0100000000000009e-10,158,146,243,217
9.0190000000000006e-10,158,146,234,217
9.0280000000000013e-10,158,146,236,217
9.0370000000000009e-10,158,146,226,217
9.0460000000000006e-10,150,146,225,217
9.0550000000000013e-10,152,146,236,217
9.064000000000001e-10,156,146,235,217
9.0730000000000006e-10,154,146,237,217
9.0820000000000013e-10,156,146,233,217
9.091000000000001e-10,154,146,230,217
9.1000000000000006e-10,152,148,233,221
9.1090000000000013e-10,158,148,242,221
9.118000000000001e-10,154,148,240,221
9.1270000000000006e-10,158,148,245,221
9.1360000000000013e-10,152,148,228,221
9.145000000000001e-10,156,148,224,221
9.1540000000000006e-10,158,148,234,221
9.1630000000000013e-10,158,148,247,221
9.172000000000001e-10,152,148,216,221
9.1810000000000007e-10,158,148,243,221
9.1900000000000014e-10,154,148,226,221
9.199000000000001e-10,158,148,244,221
9.2080000000000007e-10,150,148,231,221
9.2170000000000014e-10,154,148,235,221
9.226000000000001e-10,146,148,212,221
9.2350000000000007e-10,158,148,238,221
9.2440000000000014e-10,158,148,233,221
9.253000000000001e-10,150,148,226,221
9.2620000000000007e-10,158,148,230,221
9.2710000000000014e-10,158,148,230,221
9.280000000000001e-10,154,148,232,231
9.2890000000000007e-10,158,148,251,231
9.2980000000000014e-10,158,148,246,231
9.3070000000000011e-10,152,148,232,231
9.3160000000000017e-10,152,148,230,231
9.3250000000000004e-10,158,148,247,231
9.3340000000000011e-10,158,148,239,231
9.3430000000000018e-10,146,148,219,231
9.3520000000000004e-10,156,148,234,231
9.3610000000000011e-10,152,148,230,231
9.3700000000000018e-10,148,148,223,231
9.3790000000000004e-10,156,148,229,231
9.3880000000000011e-10,156,148,236,231
9.3970000000000018e-10,156,148,238,231
9.4060000000000004e-10,156,150,224,219
9.4150000000000011e-10,152,150,225,219
9.4240000000000018e-10,150,150,225,219
9.4330000000000004e-10,158,150,234,219
9.4420000000000011e-10,154,150,228,219
9.4510000000000018e-10,158,150,235,219
9.4600000000000004e-10,156,150,246,219
9.4690000000000011e-10,156,150,244,219
9.4780000000000018e-10,150,150,241,219
9.4870000000000004e-10,154,150,233,219
9.4960000000000011e-10,158,150,244,219
9.5050000000000018e-10,158,150,240,219
9.5140000000000004e-10,154,150,247,219
9.5230000000000011e-10,156,150,240,219
9.5320000000000018e-10,158,150,237,219
9.5410000000000005e-10,158,150,242,219
9.5500000000000011e-10,158,150,237,219
9.5590000000000018e-10,154,150,233,219
9.5680000000000005e-10,156,150,236,219
9.5770000000000012e-10,158,150,244,219
9.5860000000000018e-10,156,150,226,219
9.5950000000000005e-10,154,150,230,219
9.6040000000000012e-10,156,144,243,222
9.6130000000000019e-10,154,144,241,222
9.6220000000000005e-10,146,144,222,222
9.6310000000000012e-10,158,144,247,222
9.6400000000000019e-10,156,144,234,222
9.6490000000000005e-10,158,144,235,222
9.6580000000000012e-10,152,144,233,222
9.6670000000000019e-10,152,144,229,222
9.6760000000000005e-10,152,144,236,222
9.6850000000000012e-10,158,144,247,222
9.6940000000000019e-10,158,144,251,222
9.7030000000000005e-10,154,144,231,222
9.7120000000000012e-10,156,144,226,222
9.7210000000000019e-10,152,144,224,222
9.7300000000000005e-10,156,144,243,222
9.7390000000000012e-10,156,144,240,222
9.7480000000000019e-10,158,144,246,222
9.7570000000000005e-10,156,144,229,222
9.7660000000000012e-10,156,148,229,219
9.7750000000000019e-10,158,148,233,219
9.7840000000000005e-10,158,148,239,219
9.7930000000000012e-10,154,148,244,219
9.8020000000000019e-10,156,148,238,219
9.8110000000000006e-10,154,148,233,219
9.8200000000000012e-10,158,148,242,219
9.8290000000000019e-10,150,148,223,219
9.8380000000000006e-10,156,148,240,219
9.8470000000000013e-10,156,148,239,219
9.8560000000000019e-10,156,148,238,219
9.8650000000000006e-10,154,148,238,219
9.8740000000000013e-10,150,148,228,219
9.883000000000002e-10,154,148,233,219
9.8920000000000006e-10,158,148,237,219
9.9010000000000013e-10,152,148,222,219
9.910000000000002e-10,144,148,217,219
9.9190000000000006e-10,158,148,237,219
9.9280000000000013e-10,156,148,235,219
9.937000000000002e-10,158,148,250,219
9.9460000000000006e-10,156,148,236,219
9.9550000000000013e-10,156,148,224,219
9.964000000000002e-10,154,144,230,226
9.9730000000000006e-10,154,144,227,226
9.9820000000000013e-10,152,144,223,226
9.991000000000002e-10,156,144,238,226
-1e-10,158,158,243,241
-1.0090000000000001e-10,164,158,255,241
-1.018e-10,156,162,245,246
-1.027e-10,158,162,238,246
-1.0360000000000001e-10,164,156,249,242
-1.045e-10,156,156,238,242
-1.0540000000000001e-10,162,162,246,246
-1.0630000000000001e-10,160,162,246,246
-1.072e-10,156,158,243,231
-1.0810000000000001e-10,162,162,246,258
-1.09e-10,160,162,243,258
-1.099e-10,160,162,229,258
-1.1080000000000001e-10,162,162,236,240
-1.117e-10,166,160,246,249
-1.126e-10,164,160,249,249
-1.1350000000000001e-10,162,160,249,249
-1.144e-10,160,156,249,242
-1.1530000000000001e-10,164,156,243,231
-1.1620000000000001e-10,162,156,242,231
-1.1710000000000001e-10,160,156,241,231
-1.1800000000000001e-10,160,158,244,234
-1.189e-10,162,160,245,244
-1.1980000000000002e-10,160,160,239,244
-1.2070000000000001e-10,164,160,249,244
-1.216e-10,160,160,239,249
-1.2250000000000002e-10,156,160,223,239
-1.2340000000000001e-10,164,160,252,239
-1.243e-10,164,160,243,248
-1.2520000000000002e-10,162,160,259,248
-1.2610000000000001e-10,162,156,247,241
-1.27e-10,162,156,255,241
-1.2790000000000002e-10,158,160,242,238
-1.2880000000000001e-10,158,160,232,238
-1.297e-10,164,162,252,256
-1.3060000000000002e-10,164,162,249,256
-1.3150000000000001e-10,162,162,235,244
-1.324e-10,160,160,244,248
-1.3329999999999999e-10,154,160,235,248
-1.3420000000000001e-10,164,160,242,248
-1.351e-10,158,160,239,236
-1.36e-10,164,160,237,241
-1.3690000000000001e-10,162,160,236,241
-1.378e-10,162,160,248,241
-1.387e-10,158,160,238,238
-1.3960000000000001e-10,160,160,236,238
-1.4050000000000001e-10,154,160,231,238
-1.414e-10,162,160,239,238
-1.4230000000000002e-10,164,160,242,241
-1.4320000000000001e-10,164,158,239,241
-1.441e-10,162,158,248,241
-1.4500000000000002e-10,162,158,245,241
-1.4590000000000001e-10,162,158,251,241
-1.468e-10,160,158,239,228
-1.4770000000000002e-10,162,158,253,228
-1.4860000000000001e-10,162,158,253,228
-1.495e-10,150,160,220,238
-1.5040000000000002e-10,164,158,248,243
-1.5130000000000001e-10,164,158,254,243
-1.522e-10,160,158,246,243
-1.5310000000000002e-10,162,160,250,245
-1.5400000000000001e-10,164,162,252,242
-1.549e-10,160,162,238,242
-1.5580000000000002e-10,164,162,245,242
-1.5670000000000001e-10,160,158,248,243
-1.576e-10,160,160,241,242
-1.5850000000000002e-10,162,160,246,242
-1.5940000000000001e-10,162,160,248,242
-1.603e-10,164,156,244,241
-1.6120000000000002e-10,162,160,247,235
-1.6210000000000001e-10,156,160,224,235
-1.6300000000000001e-10,162,160,241,235
-1.6390000000000002e-10,164,160,247,256
-1.6480000000000002e-10,158,160,237,256
-1.6570000000000001e-10,162,160,241,256
-1.666e-10,158,160,237,256
-1.6750000000000002e-10,160,160,254,231
-1.6840000000000001e-10,160,160,244,231
-1.693e-10,162,160,238,231
-1.7020000000000002e-10,156,160,226,231
-1.7110000000000001e-10,162,156,239,237
-1.72e-10,154,156,234,237
-1.7290000000000002e-10,160,156,240,237
-1.7380000000000001e-10,160,156,247,237
-1.747e-10,160,160,251,238
-1.7560000000000002e-10,160,160,242,238
-1.7650000000000001e-10,162,160,251,238
-1.774e-10,160,160,236,238
-1.7830000000000002e-10,160,154,259,236
-1.7920000000000001e-10,154,154,230,236
-1.801e-10,162,154,250,236
-1.8100000000000002e-10,156,156,231,236
-1.8190000000000001e-10,156,156,231,236
-1.828e-10,160,156,239,236
-1.8370000000000002e-10,162,156,236,236
-1.8460000000000001e-10,162,156,250,240
-1.8550000000000001e-10,154,156,232,240
-1.8640000000000002e-10,160,156,252,240
-1.8730000000000001e-10,160,156,238,240
-1.8820000000000001e-10,156,156,231,239
-1.8910000000000002e-10,158,156,242,239
-1.9000000000000002e-10,162,156,251,239
-1.9090000000000001e-10,160,156,230,239
-1.9180000000000003e-10,160,156,243,239
-1.9270000000000002e-10,160,160,229,236
-1.9360000000000001e-10,162,160,239,236
-1.9450000000000003e-10,160,160,242,236
-1.9540000000000002e-10,160,160,234,236
-1.9630000000000001e-10,160,160,240,236
-1.9720000000000003e-10,160,160,243,236
-1.9810000000000002e-10,158,160,246,236
-1.9900000000000001e-10,160,158,243,243
-1.999e-10,158,158,246,243
-2.0080000000000002e-10,158,158,241,243
-2.0170000000000001e-10,160,158,241,243
-2.026e-10,162,160,240,238
-2.0350000000000002e-10,160,160,247,238
-2.0440000000000001e-10,162,160,246,238
-2.053e-10,156,160,234,238
-2.0620000000000002e-10,152,160,232,247
-2.0710000000000001e-10,162,160,253,247
-2.0800000000000001e-10,156,160,242,247
-2.0890000000000002e-10,160,160,235,247
-2.0980000000000001e-10,160,154,234,235
-2.1070000000000001e-10,162,154,250,235
-2.1160000000000002e-10,162,154,246,235
-2.1250000000000002e-10,162,154,252,235
-2.1340000000000001e-10,160,160,244,248
-2.1430000000000003e-10,158,160,231,248
-2.1520000000000002e-10,160,160,240,248
-2.1610000000000001e-10,148,160,234,248
-2.1700000000000003e-10,162,160,240,247
-2.1790000000000002e-10,162,160,258,247
-2.1880000000000001e-10,160,160,234,247
-2.1970000000000003e-10,160,160,245,247
-2.2060000000000002e-10,158,156,235,228
-2.2150000000000001e-10,162,156,240,228
-2.2240000000000003e-10,160,156,225,228
-2.2330000000000002e-10,156,160,230,244
-2.2420000000000001e-10,162,160,239,244
-2.2510000000000003e-10,160,160,249,244
-2.2600000000000002e-10,162,160,239,244
-2.2690000000000001e-10,160,160,237,244
-2.2780000000000003e-10,162,160,254,241
-2.2870000000000002e-10,156,160,242,241
-2.2960000000000001e-10,158,160,229,241
-2.3050000000000003e-10,158,160,239,250
-2.3140000000000002e-10,162,160,252,250
-2.3230000000000001e-10,156,160,231,250
-2.3320000000000003e-10,162,160,242,250
-2.341e-10,158,160,242,250
-2.3500000000000002e-10,160,156,232,234
-2.3590000000000003e-10,158,156,234,234
-2.368e-10,152,158,223,240
-2.3770000000000002e-10,154,158,231,240
-2.3860000000000003e-10,162,158,241,240
-2.395e-10,160,158,244,240
-2.4040000000000002e-10,160,158,250,240
-2.4130000000000004e-10,160,158,239,240
-2.422e-10,160,158,249,235
-2.4310000000000002e-10,160,158,245,235
-2.4400000000000004e-10,158,156,238,238
-2.449e-10,160,156,249,238
-2.4580000000000002e-10,160,156,239,238
-2.4670000000000004e-10,160,156,249,238
-2.476e-10,160,156,239,238
-2.4850000000000002e-10,158,156,238,238
-2.4940000000000004e-10,160,152,248,220
-2.503e-10,162,152,243,220
-2.5120000000000002e-10,160,160,243,239
-2.5210000000000004e-10,158,160,245,239
-2.5300000000000001e-10,156,160,241,239
-2.5390000000000002e-10,156,160,240,239
-2.5480000000000004e-10,160,160,232,239
-2.5570000000000001e-10,162,158,244,237
-2.5660000000000002e-10,160,158,238,237
-2.5750000000000004e-10,156,158,236,237
-2.5840000000000001e-10,160,160,237,241
-2.5930000000000002e-10,160,160,244,241
-2.6020000000000004e-10,162,160,256,241
-2.6110000000000001e-10,158,160,232,241
-2.6200000000000003e-10,162,160,232,241
-2.6290000000000004e-10,160,154,242,226
-2.6380000000000001e-10,162,154,244,226
-2.6470000000000003e-10,162,154,244,226
-2.6560000000000004e-10,160,150,252,215
-2.6650000000000001e-10,142,150,220,215
-2.6740000000000003e-10,160,150,248,215
-2.6830000000000005e-10,160,150,233,215
-2.6920000000000001e-10,154,150,225,215
-2.7010000000000003e-10,160,160,236,257
-2.7100000000000005e-10,158,160,240,257
-2.7190000000000001e-10,154,154,220,230
-2.7280000000000003e-10,154,154,244,230
-2.7370000000000005e-10,160,154,241,230
-2.7460000000000001e-10,152,154,238,230
-2.7550000000000003e-10,160,154,245,230
-2.7640000000000005e-10,158,154,234,230
-2.7730000000000001e-10,160,154,238,230
-2.7820000000000003e-10,160,158,243,219
-2.7910000000000005e-10,158,156,237,234
-2.8000000000000002e-10,156,156,229,234
-2.8090000000000003e-10,160,156,238,234
-2.818e-10,160,156,241,234
-2.8270000000000002e-10,154,156,230,234
-2.8360000000000003e-10,154,156,230,234
-2.845e-10,160,160,241,240
-2.8540000000000002e-10,156,160,237,240
-2.8630000000000003e-10,158,156,240,234
-2.872e-10,160,156,245,234
-2.8810000000000002e-10,158,156,241,234
-2.8900000000000004e-10,158,156,248,234
-2.899e-10,162,156,244,234
-2.9080000000000002e-10,160,156,230,234
-2.9170000000000004e-10,158,160,241,233
-2.926e-10,160,158,247,241
-2.9350000000000002e-10,162,158,238,241
-2.9440000000000004e-10,156,158,243,241
-2.953e-10,158,158,228,241
-2.9620000000000002e-10,160,158,249,241
-2.9710000000000004e-10,160,158,243,241
-2.98e-10,158,158,231,241
-2.9890000000000002e-10,160,152,238,215
-2.9980000000000004e-10,158,152,230,232
-3.0070000000000001e-10,148,152,226,232
-3.0160000000000002e-10,158,152,241,232
-3.0250000000000004e-10,158,152,243,232
-3.0340000000000001e-10,160,152,230,232
-3.0430000000000002e-10,160,152,233,232
-3.0520000000000004e-10,154,152,235,232
-3.0610000000000001e-10,160,156,245,228
-3.0700000000000003e-10,160,154,245,241
-3.0790000000000004e-10,158,154,243,241
-3.0880000000000001e-10,160,154,236,241
-3.0970000000000003e-10,162,154,242,241
-3.1060000000000004e-10,160,154,237,241
-3.1150000000000001e-10,158,154,238,241
-3.1240000000000003e-10,152,154,232,238
-3.1330000000000005e-10,158,152,243,226
-3.1420000000000001e-10,160,152,247,226
-3.1510000000000003e-10,156,152,230,226
-3.1600000000000005e-10,154,152,224,226
-3.1690000000000001e-10,160,152,242,226
-3.1780000000000003e-10,162,152,255,226
-3.1870000000000005e-10,158,152,249,226
-3.1960000000000001e-10,156,158,234,229
-3.2050000000000003e-10,156,144,241,208
-3.2140000000000005e-10,160,144,241,208
-3.2230000000000001e-10,158,144,244,208
-3.2320000000000003e-10,158,144,235,208
-3.2410000000000005e-10,160,144,235,208
-3.2500000000000002e-10,156,144,234,208
-3.2590000000000003e-10,160,144,242,208
-3.2680000000000005e-10,154,144,231,208
-3.2770000000000002e-10,150,156,236,242
-3.2860000000000003e-10,160,156,242,242
-3.2950000000000005e-10,146,156,222,242
-3.3040000000000002e-10,160,156,256,242
-3.3130000000000003e-10,158,156,242,242
-3.3220000000000005e-10,160,156,239,242
-3.3310000000000002e-10,160,156,229,242
-3.3400000000000004e-10,154,156,222,242
-3.3490000000000005e-10,160,158,244,244
-3.3580000000000002e-10,156,158,231,244
-3.3670000000000004e-10,160,158,236,244
-3.3760000000000005e-10,160,158,231,244
-3.3850000000000002e-10,160,158,246,244
-3.3940000000000004e-10,158,158,228,244
-3.4030000000000006e-10,160,158,229,244
-3.4120000000000002e-10,160,160,248,241
-3.4210000000000004e-10,160,156,245,239
-3.4300000000000006e-10,160,156,244,239
-3.4390000000000002e-10,158,156,246,239
-3.4480000000000004e-10,156,156,237,239
-3.4570000000000006e-10,158,156,238,239
-3.4660000000000002e-10,156,156,238,239
-3.4750000000000004e-10,156,156,236,239
-3.4840000000000001e-10,160,154,254,228
-3.4930000000000002e-10,152,154,229,228
-3.5020000000000004e-10,160,154,248,228
-3.5110000000000001e-10,160,154,236,228
-3.5200000000000003e-10,160,154,238,228
-3.5290000000000004e-10,152,154,225,228
-3.5380000000000001e-10,160,154,241,228
-3.5470000000000003e-10,156,154,241,228
-3.5560000000000004e-10,156,156,242,237
-3.5650000000000001e-10,160,156,230,237
-3.5740000000000003e-10,160,156,241,237
-3.5830000000000004e-10,154,156,236,237
-3.5920000000000001e-10,158,156,237,237
-3.6010000000000003e-10,160,156,229,237
-3.6100000000000005e-10,160,156,249,237
-3.6190000000000001e-10,158,156,235,237
-3.6280000000000003e-10,160,158,243,238
-3.6370000000000005e-10,156,158,233,238
-3.6460000000000001e-10,158,158,246,238
-3.6550000000000003e-10,156,158,236,238
-3.6640000000000005e-10,160,158,253,238
-3.6730000000000001e-10,158,158,244,238
-3.6820000000000003e-10,160,158,256,238
-3.6910000000000005e-10,160,160,244,241
-3.7000000000000001e-10,160,160,240,241
-3.7090000000000003e-10,158,160,239,241
-3.7180000000000005e-10,158,160,233,241
-3.7270000000000002e-10,156,160,240,241
-3.7360000000000003e-10,156,160,240,241
-3.7450000000000005e-10,156,160,236,241
-3.7540000000000002e-10,156,160,230,241
-3.7630000000000003e-10,160,160,249,241
-3.7720000000000005e-10,154,152,233,224
-3.7810000000000002e-10,158,152,236,224
-3.7900000000000004e-10,152,152,234,224
-3.7990000000000005e-10,156,152,239,224
-3.8080000000000002e-10,156,152,223,224
-3.8170000000000004e-10,160,152,243,224
-3.8260000000000005e-10,158,152,233,224
-3.8350000000000002e-10,150,156,226,232
-3.8440000000000004e-10,158,156,241,232
-3.8530000000000005e-10,156,156,237,232
-3.8620000000000002e-10,160,156,236,232
-3.8710000000000004e-10,154,156,234,232
-3.8800000000000006e-10,160,156,241,232
-3.8890000000000002e-10,160,156,228,232
-3.8980000000000004e-10,158,156,232,232
-3.9070000000000006e-10,160,156,244,232
-3.9160000000000002e-10,156,156,237,236
-3.9250000000000004e-10,160,156,232,236
-3.9340000000000006e-10,160,156,236,236
-3.9430000000000002e-10,150,156,229,236
-3.9520000000000004e-10,160,156,242,236
-3.9610000000000006e-10,158,156,245,236
-3.9700000000000002e-10,150,156,217,236
-3.9790000000000004e-10,160,158,243,230
-3.9880000000000006e-10,158,158,241,230
-3.9970000000000003e-10,160,158,247,230
-4.0060000000000004e-10,158,158,243,230
-4.0150000000000006e-10,158,158,234,230
-4.0240000000000003e-10,152,158,225,230
-4.0330000000000004e-10,158,158,241,230
-4.0420000000000006e-10,160,158,250,230
-4.0510000000000003e-10,150,158,225,252
-4.0600000000000005e-10,156,158,241,252
-4.0690000000000006e-10,152,158,235,252
-4.0780000000000003e-10,160,158,238,252
-4.0870000000000005e-10,158,158,244,252
-4.0960000000000006e-10,158,158,236,252
-4.1050000000000003e-10,156,158,238,252
-4.1140000000000005e-10,156,156,232,241
-4.1230000000000007e-10,156,156,236,241
-4.1320000000000003e-10,154,156,229,241
-4.1410000000000005e-10,156,156,233,241
-4.1500000000000001e-10,160,156,247,241
-4.1590000000000003e-10,156,156,237,241
-4.1680000000000005e-10,158,156,242,241
-4.1770000000000002e-10,160,156,242,241
-4.1860000000000003e-10,160,156,238,241
-4.1950000000000005e-10,156,154,233,231
-4.2040000000000002e-10,160,154,246,231
-4.2130000000000003e-10,158,154,247,231
-4.2220000000000005e-10,154,154,235,231
-4.2310000000000002e-10,158,154,240,231
-4.2400000000000004e-10,152,154,236,231
-4.2490000000000005e-10,156,150,232,244
-4.2580000000000002e-10,142,150,225,244
-4.2670000000000004e-10,152,150,221,244
-4.2760000000000005e-10,160,150,243,244
-4.2850000000000002e-10,160,150,237,244
-4.2940000000000004e-10,160,150,248,244
-4.3030000000000005e-10,152,150,223,244
-4.3120000000000002e-10,154,150,236,244
-4.3210000000000004e-10,156,150,232,244
-4.3300000000000006e-10,154,150,252,244
-4.3390000000000002e-10,156,154,231,233
-4.3480000000000004e-10,158,154,227,233
-4.3570000000000006e-10,154,154,227,233
-4.3660000000000002e-10,160,154,247,233
-4.3750000000000004e-10,158,154,243,233
-4.3840000000000006e-10,158,154,249,233
-4.3930000000000002e-10,160,158,231,253
-4.4020000000000004e-10,158,158,248,253
-4.4110000000000006e-10,156,158,222,253
-4.4200000000000002e-10,158,158,241,253
-4.4290000000000004e-10,156,158,228,253
-4.4380000000000006e-10,154,158,232,253
-4.4470000000000003e-10,160,158,249,253
-4.4560000000000004e-10,156,158,249,253
-4.4650000000000006e-10,156,158,238,253
-4.4740000000000003e-10,158,158,228,253
-4.4830000000000004e-10,156,152,242,230
-4.4920000000000006e-10,160,152,249,230
-4.5010000000000003e-10,160,152,244,230
-4.5100000000000005e-10,156,152,250,230
-4.5190000000000006e-10,150,152,221,230
-4.5280000000000003e-10,160,156,244,242
-4.5370000000000005e-10,158,156,243,242
-4.5460000000000006e-10,154,156,241,242
-4.5550000000000003e-10,158,156,240,242
-4.5640000000000005e-10,158,156,229,242
-4.5730000000000006e-10,160,156,241,242
-4.5820000000000003e-10,156,156,241,242
-4.5910000000000005e-10,160,156,245,242
-4.6000000000000007e-10,160,156,227,242
-4.6090000000000003e-10,156,156,236,242
-4.6180000000000005e-10,160,156,235,242
-4.6270000000000007e-10,154,154,229,227
-4.6360000000000003e-10,160,154,241,227
-4.6450000000000005e-10,160,154,250,227
-4.6540000000000007e-10,160,154,237,227
-4.6630000000000003e-10,158,154,237,227
-4.672e-10,152,150,221,231
-4.6810000000000007e-10,158,150,244,231
-4.6900000000000003e-10,160,150,247,231
-4.699e-10,152,150,236,231
-4.7080000000000007e-10,156,150,234,231
-4.7170000000000004e-10,156,150,235,231
-4.726e-10,160,150,227,231
-4.7350000000000007e-10,158,150,251,231
-4.7440000000000004e-10,150,150,221,231
-4.753e-10,148,150,227,231
-4.7620000000000007e-10,158,154,241,233
-4.7710000000000004e-10,158,154,255,233
-4.78e-10,158,154,240,233
-4.7890000000000007e-10,156,154,230,233
-4.7980000000000004e-10,150,154,228,233
-4.807e-10,160,154,243,231
-4.8160000000000007e-10,156,154,228,231
-4.8250000000000004e-10,156,154,248,231
-4.8340000000000001e-10,156,154,234,231
-4.8430000000000008e-10,156,154,228,231
-4.8520000000000004e-10,158,154,235,231
-4.8610000000000001e-10,158,154,240,231
-4.8700000000000008e-10,160,154,226,231
-4.8790000000000004e-10,160,154,227,231
-4.8880000000000001e-10,158,154,243,231
-4.8970000000000008e-10,158,154,238,231
-4.9060000000000004e-10,158,156,239,228
-4.9150000000000001e-10,158,156,241,228
-4.9240000000000008e-10,156,156,238,228
-4.9330000000000004e-10,158,156,240,228
-4.9420000000000001e-10,156,156,233,228
-4.9510000000000008e-10,158,156,229,228
-4.9600000000000004e-10,158,156,247,228
-4.9690000000000001e-10,160,156,243,228
-4.9780000000000008e-10,158,156,248,228
-4.9870000000000005e-10,152,156,220,228
-4.9960000000000001e-10,160,156,252,228
-5.0050000000000008e-10,156,140,225,219
-5.0140000000000005e-10,158,140,241,219
-5.0230000000000001e-10,158,140,232,219
-5.0320000000000008e-10,158,140,232,219
-5.0410000000000005e-10,158,140,234,219
-5.0500000000000001e-10,160,140,241,219
-5.0590000000000008e-10,160,146,239,219
-5.0680000000000005e-10,160,146,243,219
-5.0770000000000001e-10,158,146,242,219
-5.0860000000000008e-10,158,150,243,225
-5.0950000000000005e-10,156,150,224,225
-5.1040000000000002e-10,158,150,247,225
-5.1130000000000009e-10,158,150,245,225
-5.1220000000000005e-10,156,150,235,225
-5.1310000000000002e-10,158,150,237,225
-5.1400000000000009e-10,154,150,235,225
-5.1490000000000005e-10,156,150,233,225
-5.1580000000000002e-10,154,150,230,225
-5.1670000000000009e-10,156,150,242,225
-5.1760000000000005e-10,156,150,237,225
-5.1850000000000002e-10,158,150,246,225
-5.1940000000000009e-10,152,148,224,214
-5.2030000000000005e-10,160,148,241,214
-5.2120000000000002e-10,158,148,238,214
-5.2210000000000009e-10,158,148,243,214
-5.2300000000000006e-10,158,148,229,214
-5.2390000000000002e-10,160,148,244,214
-5.2480000000000009e-10,156,148,248,214
-5.2570000000000006e-10,158,148,243,214
-5.2660000000000002e-10,154,150,235,237
-5.2750000000000009e-10,154,150,226,237
-5.2840000000000006e-10,160,150,244,237
-5.2930000000000002e-10,160,150,235,237
-5.3020000000000009e-10,154,150,227,237
-5.3110000000000006e-10,158,150,232,237
-5.3200000000000002e-10,158,150,234,237
-5.3290000000000009e-10,160,150,244,237
-5.3380000000000006e-10,156,150,232,237
-5.3470000000000003e-10,150,150,215,237
-5.3560000000000009e-10,156,150,232,237
-5.3650000000000006e-10,156,150,227,237
-5.3740000000000003e-10,160,148,257,232
-5.383000000000001e-10,160,148,237,232
-5.3920000000000006e-10,158,148,232,232
-5.4010000000000003e-10,156,148,228,232
-5.410000000000001e-10,152,148,237,232
-5.4190000000000006e-10,160,148,257,232
-5.4280000000000003e-10,150,148,221,232
-5.437000000000001e-10,160,148,246,232
-5.4460000000000006e-10,154,144,226,214
-5.4550000000000003e-10,160,144,238,214
-5.464000000000001e-10,156,144,237,214
-5.4730000000000006e-10,160,144,249,214
-5.4820000000000003e-10,160,144,239,214
-5.491000000000001e-10,154,144,230,214
-5.5000000000000007e-10,152,144,237,214
-5.5090000000000003e-10,158,144,244,214
-5.518000000000001e-10,154,144,228,214
-5.5270000000000007e-10,158,144,244,214
-5.5360000000000003e-10,158,144,229,214
-5.545000000000001e-10,158,144,244,214
-5.5540000000000007e-10,158,150,219,222
-5.5630000000000003e-10,158,150,244,222
-5.572000000000001e-10,154,150,234,222
-5.5810000000000007e-10,158,150,245,222
-5.5900000000000003e-10,156,150,236,222
-5.599000000000001e-10,154,150,235,222
-5.6080000000000007e-10,160,150,258,222
-5.6170000000000004e-10,154,150,237,222
-5.626000000000001e-10,156,152,234,221
-5.6350000000000007e-10,158,152,245,221
-5.6440000000000004e-10,154,152,238,221
-5.6530000000000011e-10,158,152,235,221
-5.6620000000000007e-10,158,152,240,221
-5.6710000000000004e-10,160,152,238,221
-5.6800000000000011e-10,156,152,239,221
-5.6890000000000007e-10,158,152,232,221
-5.6980000000000004e-10,160,152,240,221
-5.7070000000000011e-10,160,152,237,221
-5.7160000000000007e-10,156,152,232,221
-5.7250000000000004e-10,158,152,236,221
-5.7340000000000011e-10,158,150,244,226
-5.7430000000000007e-10,158,150,232,226
-5.7520000000000004e-10,158,150,241,226
-5.7610000000000011e-10,154,150,232,226
-5.7700000000000008e-10,156,150,234,226
-5.7790000000000004e-10,160,150,241,226
-5.7880000000000001e-10,158,150,241,226
-5.7970000000000008e-10,158,150,242,226
-5.8060000000000004e-10,158,148,239,220
-5.8150000000000001e-10,158,148,235,220
-5.8240000000000008e-10,152,148,222,220
-5.8330000000000004e-10,160,148,233,220
-5.8420000000000001e-10,154,148,230,220
-5.8510000000000008e-10,158,148,239,220
-5.8600000000000004e-10,160,148,236,220
-5.8690000000000001e-10,156,148,232,220
-5.8780000000000008e-10,150,148,225,220
-5.8870000000000005e-10,156,148,238,220
-5.8960000000000001e-10,154,148,229,220
-5.9050000000000008e-10,158,148,241,220
-5.9140000000000005e-10,160,148,238,220
-5.9230000000000001e-10,156,148,224,229
-5.9320000000000008e-10,156,148,243,229
-5.9410000000000005e-10,156,148,239,229
-5.9500000000000001e-10,152,148,242,229
-5.9590000000000008e-10,160,148,238,229
-5.9680000000000005e-10,156,148,228,229
-5.9770000000000001e-10,152,146,215,233
-5.9860000000000008e-10,158,146,246,233
-5.9950000000000005e-10,158,146,223,233
-6.0040000000000002e-10,158,146,228,233
-6.0130000000000008e-10,160,146,245,233
-6.0220000000000005e-10,154,146,228,233
-6.0310000000000002e-10,158,146,234,233
-6.0400000000000009e-10,156,146,230,233
-6.0490000000000005e-10,152,146,232,233
-6.0580000000000002e-10,152,146,220,233
-6.0670000000000009e-10,156,146,235,233
-6.0760000000000005e-10,156,146,244,233
-6.0850000000000002e-10,158,146,242,233
-6.0940000000000009e-10,160,146,244,233
-6.1030000000000005e-10,158,150,249,224
-6.1120000000000002e-10,156,150,228,224
-6.1210000000000009e-10,156,150,232,224
-6.1300000000000005e-10,150,150,224,224
-6.1390000000000002e-10,160,150,236,224
-6.1480000000000009e-10,158,150,239,224
-6.1570000000000006e-10,146,148,219,219
-6.1660000000000002e-10,158,148,241,219
-6.1750000000000009e-10,160,148,230,219
-6.1840000000000006e-10,154,148,241,219
-6.1930000000000002e-10,154,148,233,219
-6.2020000000000009e-10,154,148,239,219
-6.2110000000000006e-10,158,148,245,219
-6.2200000000000002e-10,152,148,235,219
-6.2290000000000009e-10,158,148,238,219
-6.2380000000000006e-10,154,148,226,219
-6.2470000000000002e-10,156,148,237,219
-6.2560000000000009e-10,154,148,238,219
-6.2650000000000006e-10,156,148,222,219
-6.2740000000000003e-10,158,148,244,219
-6.2830000000000009e-10,160,148,238,221
-6.2920000000000006e-10,160,148,237,221
-6.3010000000000003e-10,152,148,228,221
-6.310000000000001e-10,158,148,234,221
-6.3190000000000006e-10,158,148,245,221
-6.3280000000000003e-10,152,148,226,221
-6.337000000000001e-10,156,142,235,223
-6.3460000000000006e-10,146,142,223,223
-6.3550000000000003e-10,156,142,236,223
-6.364000000000001e-10,158,142,243,223
-6.3730000000000006e-10,160,142,239,223
-6.3820000000000003e-10,160,142,243,223
-6.391000000000001e-10,160,142,241,223
-6.4000000000000006e-10,158,142,229,223
-6.4090000000000003e-10,156,142,239,223
-6.418000000000001e-10,146,142,227,223
-6.4270000000000007e-10,156,142,238,223
-6.4360000000000003e-10,152,142,234,223
-6.445000000000001e-10,158,142,246,223
-6.4540000000000007e-10,158,142,232,223
-6.4630000000000003e-10,160,138,236,207
-6.472000000000001e-10,144,148,208,232
-6.4810000000000007e-10,158,148,240,232
-6.4900000000000003e-10,160,148,238,232
-6.499000000000001e-10,156,148,236,232
-6.5080000000000007e-10,154,148,235,232
-6.5170000000000003e-10,156,148,234,232
-6.526000000000001e-10,154,148,231,232
-6.5350000000000007e-10,156,148,237,232
-6.5440000000000004e-10,160,148,246,232
-6.553000000000001e-10,154,148,240,232
-6.5620000000000007e-10,154,148,238,232
-6.5710000000000004e-10,154,148,226,232
-6.5800000000000011e-10,154,148,230,232
-6.5890000000000007e-10,156,148,235,232
-6.5980000000000004e-10,158,146,231,226
-6.6070000000000011e-10,150,146,229,226
-6.6160000000000007e-10,156,146,242,226
-6.6250000000000004e-10,154,146,235,226
-6.6340000000000011e-10,150,146,210,226
-6.6430000000000007e-10,160,146,238,226
-6.6520000000000004e-10,156,148,236,223
-6.6610000000000011e-10,156,148,238,223
-6.6700000000000007e-10,158,148,229,223
-6.6790000000000004e-10,152,148,225,223
-6.6880000000000011e-10,160,148,250,223
-6.6970000000000008e-10,158,148,236,223
-6.7060000000000004e-10,158,148,242,223
-6.7150000000000011e-10,158,148,243,223
-6.7240000000000008e-10,156,148,233,223
-6.7330000000000004e-10,160,148,248,223
-6.7420000000000011e-10,160,148,248,223
-6.7510000000000008e-10,158,148,244,223
-6.7600000000000004e-10,160,148,249,223
-6.7690000000000011e-10,156,148,227,223
-6.7780000000000008e-10,160,150,232,221
-6.7870000000000004e-10,158,150,234,221
-6.7960000000000011e-10,160,150,239,221
-6.8050000000000008e-10,160,150,234,221
-6.8140000000000005e-10,152,150,238,221
-6.8230000000000012e-10,160,150,241,234
-6.8320000000000008e-10,158,150,248,234
-6.8410000000000005e-10,158,150,240,234
-6.8500000000000012e-10,160,150,248,234
-6.8590000000000008e-10,150,150,227,234
-6.8680000000000005e-10,158,150,241,234
-6.8770000000000012e-10,156,150,236,234
-6.8860000000000008e-10,150,150,231,234
-6.8950000000000005e-10,156,150,239,234
-6.9040000000000012e-10,160,150,236,234
-6.9130000000000008e-10,154,150,225,234
-6.9220000000000005e-10,152,150,232,234
-6.9310000000000012e-10,152,150,229,234
-6.9400000000000008e-10,154,150,228,234
-6.9490000000000005e-10,154,150,227,234
-6.9580000000000012e-10,156,150,227,234
-6.9670000000000009e-10,154,146,232,229
-6.9760000000000005e-10,154,146,225,229
-6.9850000000000012e-10,158,146,237,229
-6.9940000000000009e-10,156,146,235,229
-7.0030000000000005e-10,160,142,252,219
-7.0120000000000012e-10,154,142,226,219
-7.0210000000000009e-10,148,142,216,219
-7.0300000000000005e-10,154,142,228,219
-7.0390000000000012e-10,156,142,239,219
-7.0480000000000009e-10,156,142,245,219
-7.0570000000000005e-10,158,142,234,219
-7.0660000000000012e-10,156,142,237,219
-7.0750000000000009e-10,148,142,228,219
-7.0840000000000006e-10,158,142,234,219
-7.0930000000000002e-10,158,142,244,219
-7.1020000000000009e-10,158,142,235,219
-7.1110000000000006e-10,152,142,225,219
-7.1200000000000002e-10,152,142,227,219
-7.1290000000000009e-10,160,142,242,219
-7.1380000000000006e-10,156,142,236,219
-7.1470000000000002e-10,150,150,226,220
-7.1560000000000009e-10,156,150,236,220
-7.1650000000000006e-10,152,150,236,220
-7.1740000000000002e-10,156,150,237,220
-7.1830000000000009e-10,160,148,237,217
-7.1920000000000006e-10,152,148,224,217
-7.2010000000000003e-10,150,148,216,217
-7.210000000000001e-10,152,148,234,217
-7.2190000000000006e-10,158,148,235,217
-7.2280000000000003e-10,158,148,237,217
-7.237000000000001e-10,160,148,244,217
-7.2460000000000006e-10,150,148,222,217
-7.2550000000000003e-10,158,148,248,217
-7.264000000000001e-10,160,148,233,217
-7.2730000000000006e-10,152,148,229,217
-7.2820000000000003e-10,154,148,227,217
-7.291000000000001e-10,152,148,235,217
-7.3000000000000006e-10,154,148,233,217
-7.3090000000000003e-10,158,148,238,217
-7.318000000000001e-10,152,148,230,217
-7.3270000000000007e-10,156,146,239,218
-7.3360000000000003e-10,154,146,219,218
-7.345000000000001e-10,156,146,241,218
-7.3540000000000007e-10,154,146,230,218
-7.3630000000000003e-10,156,142,233,229
-7.372000000000001e-10,156,142,235,229
-7.3810000000000007e-10,156,142,227,229
-7.3900000000000003e-10,158,142,250,229
-7.399000000000001e-10,156,142,238,229
-7.4080000000000007e-10,152,142,234,229
-7.4170000000000003e-10,154,142,231,229
-7.426000000000001e-10,156,142,242,229
-7.4350000000000007e-10,154,142,238,229
-7.4440000000000004e-10,156,142,227,229
-7.453000000000001e-10,160,142,241,229
-7.4620000000000007e-10,148,142,244,229
-7.4710000000000004e-10,148,142,223,229
-7.4800000000000011e-10,148,142,224,229
-7.4890000000000007e-10,146,142,233,229
-7.4980000000000004e-10,148,142,226,229
-7.5070000000000011e-10,156,148,246,225
-7.5160000000000007e-10,154,148,236,225
-7.5250000000000004e-10,158,148,228,225
-7.5340000000000011e-10,150,148,232,225
-7.5430000000000007e-10,156,144,246,215
-7.5520000000000004e-10,156,144,242,215
-7.5610000000000011e-10,158,144,238,215
-7.5700000000000007e-10,156,144,230,215
-7.5790000000000004e-10,158,144,241,215
-7.5880000000000011e-10,156,144,237,215
-7.5970000000000008e-10,152,144,224,215
-7.6060000000000004e-10,158,144,237,215
-7.6150000000000011e-10,160,144,231,215
-7.6240000000000008e-10,152,144,249,215
-7.6330000000000004e-10,152,144,223,215
-7.6420000000000011e-10,160,144,242,215
-7.6510000000000008e-10,156,144,239,215
-7.6600000000000004e-10,156,144,221,215
-7.6690000000000011e-10,156,144,232,215
-7.6780000000000008e-10,152,144,235,215
-7.6870000000000004e-10,154,144,238,207
-7.6960000000000011e-10,158,144,231,207
-7.7050000000000008e-10,142,144,221,207
-7.7140000000000005e-10,158,144,254,229
-7.7230000000000011e-10,154,144,231,229
-7.7320000000000008e-10,154,144,238,229
-7.7410000000000005e-10,156,144,232,229
-7.7500000000000012e-10,156,144,235,229
-7.7590000000000008e-10,158,144,233,229
-7.7680000000000005e-10,148,144,236,229
-7.7770000000000012e-10,158,144,238,229
-7.7860000000000008e-10,156,144,234,229
-7.7950000000000005e-10,150,144,228,229
-7.8040000000000012e-10,156,144,228,229
-7.8130000000000008e-10,152,144,230,229
-7.8220000000000005e-10,158,144,238,229
-7.8310000000000012e-10,154,144,240,229
-7.8400000000000008e-10,158,144,242,229
-7.8490000000000005e-10,156,144,240,229
-7.8580000000000012e-10,152,144,229,229
-7.8670000000000009e-10,152,144,223,229
-7.8760000000000005e-10,156,148,236,210
-7.8850000000000012e-10,158,148,235,210
-7.8940000000000009e-10,158,148,242,210
-7.9030000000000005e-10,154,148,237,210
-7.9120000000000012e-10,160,148,241,210
-7.9210000000000009e-10,158,148,232,210
-7.9300000000000005e-10,158,148,234,210
-7.9390000000000012e-10,158,148,243,210
-7.9480000000000009e-10,156,148,233,210
-7.9570000000000005e-10,154,148,230,210
-7.9660000000000012e-10,158,148,232,210
-7.9750000000000009e-10,156,148,230,210
-7.9840000000000006e-10,152,148,230,210
-7.9930000000000012e-10,152,148,236,210
-8.0020000000000009e-10,156,148,241,210
-8.0110000000000006e-10,158,148,241,231
-8.0200000000000013e-10,158,148,230,231
-8.0290000000000009e-10,154,150,231,223
-8.0380000000000006e-10,156,150,226,223
-8.0470000000000013e-10,156,150,230,223
-8.0560000000000009e-10,158,150,233,223
-8.0650000000000006e-10,158,150,231,223
-8.0740000000000013e-10,158,150,229,223
-8.0830000000000009e-10,156,150,235,223
-8.0920000000000006e-10,152,150,228,223
-8.1010000000000013e-10,150,150,218,223
-8.1100000000000009e-10,158,150,241,223
-8.1190000000000006e-10,158,150,240,223
-8.1280000000000013e-10,158,150,227,223
-8.137000000000001e-10,158,150,238,223
-8.1460000000000006e-10,156,150,226,223
-8.1550000000000013e-10,158,150,252,223
-8.164000000000001e-10,156,150,229,223
-8.1730000000000006e-10,146,150,216,223
-8.1820000000000013e-10,158,150,244,223
-8.191000000000001e-10,158,148,234,224
-8.2000000000000006e-10,158,148,248,224
-8.2090000000000013e-10,156,148,246,232
-8.218000000000001e-10,156,148,231,232
-8.2270000000000006e-10,156,148,233,232
-8.2360000000000013e-10,158,148,242,232
-8.245000000000001e-10,158,148,237,232
-8.2540000000000007e-10,160,148,239,232
-8.2630000000000013e-10,158,148,243,232
-8.272000000000001e-10,154,148,232,232
-8.2810000000000007e-10,154,148,221,232
-8.2900000000000014e-10,158,148,232,232
-8.299000000000001e-10,156,148,241,232
-8.3080000000000007e-10,154,148,229,232
-8.3170000000000014e-10,152,148,224,232
-8.326000000000001e-10,154,148,229,232
-8.3350000000000007e-10,156,148,228,232
-8.3440000000000014e-10,152,148,237,232
-8.353000000000001e-10,156,148,238,232
-8.3620000000000007e-10,160,148,241,232
-8.3710000000000014e-10,158,148,238,220
-8.380000000000001e-10,158,148,249,220
-8.3890000000000007e-10,158,150,236,221
-8.3980000000000014e-10,154,150,238,221
-8.4070000000000011e-10,154,150,229,221
-8.4160000000000007e-10,158,150,243,221
-8.4250000000000004e-10,156,150,232,221
-8.4340000000000011e-10,154,150,231,221
-8.4430000000000007e-10,158,150,234,221
-8.4520000000000004e-10,156,150,240,221
-8.4610000000000011e-10,152,150,233,221
-8.4700000000000007e-10,154,150,225,221
-8.4790000000000004e-10,154,150,233,221
-8.4880000000000011e-10,150,150,227,221
-8.4970000000000007e-10,152,150,235,221
-8.5060000000000004e-10,156,150,236,221
-8.5150000000000011e-10,150,150,224,221
-8.5240000000000008e-10,152,150,236,221
-8.5330000000000004e-10,158,150,232,221
-8.5420000000000011e-10,156,150,235,221
-8.5510000000000008e-10,154,146,234,223
-8.5600000000000004e-10,148,144,227,212
-8.5690000000000011e-10,154,144,232,212
-8.5780000000000008e-10,150,144,244,212
-8.5870000000000004e-10,154,144,227,212
-8.5960000000000011e-10,158,144,232,212
-8.6050000000000008e-10,156,144,234,212
-8.6140000000000004e-10,154,144,236,212
-8.6230000000000011e-10,156,144,232,212
-8.6320000000000008e-10,160,144,246,212
-8.6410000000000005e-10,154,144,237,212
-8.6500000000000011e-10,154,144,241,212
-8.6590000000000008e-10,156,144,243,212
-8.6680000000000005e-10,158,144,235,212
-8.6770000000000012e-10,152,144,240,212
-8.6860000000000008e-10,154,144,240,212
-8.6950000000000005e-10,158,144,235,212
-8.7040000000000012e-10,158,144,243,212
-8.7130000000000008e-10,158,144,245,212
-8.7220000000000005e-10,154,144,233,212
-8.7310000000000012e-10,156,144,235,212
-8.7400000000000008e-10,156,148,239,213
-8.7490000000000005e-10,156,148,241,213
-8.7580000000000012e-10,156,148,244,213
-8.7670000000000008e-10,156,148,227,213
-8.7760000000000005e-10,154,148,235,213
-8.7850000000000012e-10,154,148,239,213
-8.7940000000000009e-10,156,148,238,213
-8.8030000000000005e-10,152,148,220,213
-8.8120000000000012e-10,156,148,230,213
-8.8210000000000009e-10,158,148,238,213
-8.8300000000000005e-10,152,148,232,213
-8.8390000000000012e-10,158,148,236,213
-8.8480000000000009e-10,154,148,236,213
-8.8570000000000005e-10,150,148,228,213
-8.8660000000000012e-10,158,148,253,213
-8.8750000000000009e-10,156,148,238,213
-8.8840000000000005e-10,154,148,236,213
-8.8930000000000012e-10,156,148,233,213
-8.9020000000000009e-10,158,148,242,213
-8.9110000000000006e-10,158,148,238,213
-8.9200000000000013e-10,156,146,236,226
-8.9290000000000009e-10,158,146,250,226
-8.9380000000000006e-10,156,146,231,226
-8.9470000000000013e-10,156,146,241,226
-8.9560000000000009e-10,158,146,242,226
-8.9650000000000006e-10,154,146,230,226
-8.9740000000000013e-10,156,146,226,226
-8.9830000000000009e-10,154,146,213,226
-8.9920000000000006e-10,158,146,241,226
-9.0010000000000013e-10,152,146,230,226
-9.0100000000000009e-10,158,146,232,226
-9.0190000000000006e-10,158,146,235,226
-9.0280000000000013e-10,158,146,247,226
-9.0370000000000009e-10,158,146,229,226
-9.0460000000000006e-10,150,146,224,226
-9.0550000000000013e-10,152,146,228,226
-9.064000000000001e-10,156,146,233,226
-9.0730000000000006e-10,154,146,227,226
-9.0820000000000013e-10,156,146,246,226
-9.091000000000001e-10,154,146,239,226
-9.1000000000000006e-10,152,148,229,226
-9.1090000000000013e-10,158,148,247,226
-9.118000000000001e-10,154,148,226,226
-9.1270000000000006e-10,158,148,237,226
-9.1360000000000013e-10,152,148,228,226
-9.145000000000001e-10,156,148,242,226
-9.1540000000000006e-10,158,148,253,226
-9.1630000000000013e-10,158,148,243,226
-9.172000000000001e-10,152,148,225,226
-9.1810000000000007e-10,158,148,233,226
-9.1900000000000014e-10,154,148,231,226
-9.199000000000001e-10,158,148,243,226
-9.2080000000000007e-10,150,148,225,226
-9.2170000000000014e-10,154,148,234,226
-9.226000000000001e-10,146,148,226,226
-9.2350000000000007e-10,158,148,230,226
-9.2440000000000014e-10,158,148,234,226
-9.253000000000001e-10,150,148,217,226
-9.2620000000000007e-10,158,148,239,226
-9.2710000000000014e-10,158,148,244,226
-9.280000000000001e-10,154,148,227,232
-9.2890000000000007e-10,158,148,250,232
-9.2980000000000014e-10,158,148,234,232
-9.3070000000000011e-10,152,148,236,232
-9.3160000000000017e-10,152,148,241,232
-9.3250000000000004e-10,158,148,241,232
-9.3340000000000011e-10,158,148,226,232
-9.3430000000000018e-10,146,148,217,232
-9.3520000000000004e-10,156,148,232,232
-9.3610000000000011e-10,152,148,236,232
-9.3700000000000018e-10,148,148,221,232
-9.3790000000000004e-10,156,148,243,232
-9.3880000000000011e-10,156,148,241,232
-9.3970000000000018e-10,156,148,240,232
-9.4060000000000004e-10,156,150,250,232
-9.4150000000000011e-10,152,150,234,232
-9.4240000000000018e-10,150,150,231,232
-9.4330000000000004e-10,158,150,245,232
-9.4420000000000011e-10,154,150,229,232
-9.4510000000000018e-10,158,150,224,232
-9.4600000000000004e-10,156,150,227,232
-9.4690000000000011e-10,156,150,236,232
-9.4780000000000018e-10,150,150,219,232
-9.4870000000000004e-10,154,150,244,232
-9.4960000000000011e-10,158,150,237,232
-9.5050000000000018e-10,158,150,236,232
-9.5140000000000004e-10,154,150,235,232
-9.5230000000000011e-10,156,150,238,232
-9.5320000000000018e-10,158,150,247,232
-9.5410000000000005e-10,158,150,231,232
-9.5500000000000011e-10,158,150,231,232
-9.5590000000000018e-10,154,150,233,232
-9.5680000000000005e-10,156,150,234,232
-9.5770000000000012e-10,158,150,242,232
-9.5860000000000018e-10,156,150,230,232
-9.5950000000000005e-10,154,150,223,232
-9.6040000000000012e-10,156,144,235,224
-9.6130000000000019e-10,154,144,232,224
-9.6220000000000005e-10,146,144,226,224
-9.6310000000000012e-10,158,144,233,224
-9.6400000000000019e-10,156,144,232,224
-9.6490000000000005e-10,158,144,245,224
-9.6580000000000012e-10,152,144,232,224
-9.6670000000000019e-10,152,144,235,224
-9.6760000000000005e-10,152,144,249,224
-9.6850000000000012e-10,158,144,220,224
-9.6940000000000019e-10,158,144,237,224
-9.7030000000000005e-10,154,144,231,224
-9.7120000000000012e-10,156,144,238,224
-9.7210000000000019e-10,152,144,227,224
-9.7300000000000005e-10,156,144,237,224
-9.7390000000000012e-10,156,144,246,224
-9.7480000000000019e-10,158,144,238,224
-9.7570000000000005e-10,156,144,234,224
-9.7660000000000012e-10,156,148,241,230
-9.7750000000000019e-10,158,148,234,230
-9.7840000000000005e-10,158,148,237,230
-9.7930000000000012e-10,154,148,224,230
-9.8020000000000019e-10,156,148,232,230
-9.8110000000000006e-10,154,148,244,230
-9.8200000000000012e-10,158,148,237,230
-9.8290000000000019e-10,150,148,233,230
-9.8380000000000006e-10,156,148,227,230
-9.8470000000000013e-10,156,148,228,230
-9.8560000000000019e-10,156,148,231,230
-9.8650000000000006e-10,154,148,234,230
-9.8740000000000013e-10,150,148,221,230
-9.883000000000002e-10,154,148,241,230
-9.8920000000000006e-10,158,148,233,230
-9.9010000000000013e-10,152,148,224,230
-9.910000000000002e-10,144,148,207,230
-9.9190000000000006e-10,158,148,228,230
-9.9280000000000013e-10,156,148,241,230
-9.937000000000002e-10,158,148,230,230
-9.9460000000000006e-10,156,148,231,230
-9.9550000000000013e-10,156,148,243,230
-9.964000000000002e-10,154,144,240,224
-9.9730000000000006e-10,154,144,227,224
-9.9820000000000013e-10,152,144,234,224
-9.991000000000002e-10,156,144,228,224
9.9999999999999994e-12,178,172,267,254
1.0089999999999999e-11,174,172,259,254
1.0179999999999999e-11,172,172,270,255
1.0269999999999999e-11,176,172,263,255
1.0359999999999999e-11,176,168,258,257
1.045e-11,170,168,262,257
1.054e-11,174,172,260,252
1.063e-11,174,172,272,252
1.072e-11,176,174,266,259
1.0809999999999999e-11,174,172,256,259
1.0899999999999999e-11,176,172,276,259
1.0989999999999999e-11,176,172,268,259
1.1079999999999999e-11,166,172,256,261
1.1169999999999999e-11,172,170,262,258
1.126e-11,176,170,266,258
1.135e-11,176,170,269,258
1.144e-11,176,176,271,251
1.153e-11,174,168,258,251
1.1619999999999999e-11,176,168,255,251
1.1709999999999999e-11,174,168,256,251
1.1799999999999999e-11,178,170,283,256
1.1889999999999999e-11,176,170,263,253
1.1979999999999999e-11,178,170,263,253
1.207e-11,174,170,263,253
1.216e-11,172,172,249,262
1.225e-11,178,172,263,262
1.234e-11,174,172,278,262
1.2429999999999999e-11,172,168,272,250
1.2519999999999999e-11,176,168,267,250
1.2609999999999999e-11,176,170,261,271
1.2699999999999999e-11,174,170,281,271
1.2789999999999999e-11,166,176,249,261
1.2879999999999998e-11,172,176,259,261
1.297e-11,172,156,255,238
1.306e-11,176,156,264,238
1.315e-11,174,174,274,258
1.3239999999999999e-11,178,170,266,273
1.3329999999999999e-11,174,170,270,273
1.3419999999999999e-11,174,170,269,273
1.3509999999999999e-11,176,174,264,261
1.3599999999999999e-11,178,168,260,247
1.3689999999999998e-11,174,168,274,247
1.378e-11,176,168,262,247
1.387e-11,174,170,264,265
1.3959999999999999e-11,172,172,262,271
1.4049999999999999e-11,166,172,250,271
1.4139999999999999e-11,176,172,275,271
1.4229999999999999e-11,176,158,258,254
1.4319999999999999e-11,170,176,250,262
1.4409999999999999e-11,172,176,256,262
1.4499999999999998e-11,174,176,264,262
1.4589999999999998e-11,174,170,265,240
1.4679999999999998e-11,176,170,272,255
1.4769999999999998e-11,172,170,258,255
1.4859999999999998e-11,176,170,262,255
1.4950000000000001e-11,174,172,262,266
1.5040000000000001e-11,170,172,255,253
1.513e-11,174,172,257,253
1.522e-11,176,172,261,253
1.531e-11,172,170,259,256
1.54e-11,174,170,266,266
1.549e-11,174,170,266,266
1.5579999999999999e-11,174,170,269,266
1.5669999999999999e-11,172,164,264,237
1.5759999999999999e-11,172,168,263,237
1.5849999999999999e-11,176,168,269,237
1.5939999999999999e-11,172,168,262,237
1.6029999999999999e-11,174,174,265,252
1.6119999999999998e-11,176,176,277,276
1.6209999999999998e-11,174,176,254,276
1.6299999999999998e-11,176,176,275,276
1.6389999999999998e-11,176,162,265,237
1.6479999999999998e-11,176,162,268,237
1.6569999999999997e-11,174,162,263,237
1.6660000000000001e-11,174,162,266,237
1.675e-11,174,176,264,263
1.684e-11,172,176,263,263
1.693e-11,170,176,255,263
1.702e-11,174,176,262,263
1.711e-11,154,166,235,244
1.7199999999999999e-11,172,166,250,244
1.7289999999999999e-11,168,166,255,244
1.7379999999999999e-11,176,166,261,244
1.7469999999999999e-11,174,170,251,256
1.7559999999999999e-11,170,170,249,256
1.7649999999999999e-11,174,170,260,256
1.7739999999999998e-11,176,170,276,256
1.7829999999999998e-11,176,162,278,253
1.7919999999999998e-11,174,162,269,253
1.8009999999999998e-11,174,162,261,253
1.8099999999999998e-11,176,170,270,244
1.8189999999999997e-11,168,170,262,244
1.828e-11,174,170,253,244
1.837e-11,176,170,273,244
1.846e-11,174,166,252,258
1.855e-11,174,166,258,258
1.864e-11,172,166,252,258
1.873e-11,174,166,255,258
1.8819999999999999e-11,168,172,253,262
1.8909999999999999e-11,172,172,270,262
1.8999999999999999e-11,172,172,255,262
1.9089999999999999e-11,174,172,254,262
1.9179999999999999e-11,174,172,262,262
1.9269999999999998e-11,170,174,256,248
1.9359999999999998e-11,164,174,252,248
1.9449999999999998e-11,172,174,260,248
1.9539999999999998e-11,164,174,242,270
1.9629999999999998e-11,174,174,253,270
1.9719999999999998e-11,170,174,253,270
1.9809999999999997e-11,172,174,272,270
1.99e-11,174,150,263,223
1.999e-11,170,150,252,223
2.008e-11,172,150,254,223
2.017e-11,174,150,261,223
2.026e-11,168,172,259,254
2.035e-11,170,172,263,254
2.0439999999999999e-11,172,172,255,254
2.0529999999999999e-11,174,172,262,254
2.0619999999999999e-11,174,168,264,257
2.0709999999999999e-11,174,168,260,257
2.0799999999999999e-11,168,168,257,257
2.0889999999999998e-11,172,168,260,257
2.0979999999999998e-11,172,164,268,245
2.1069999999999998e-11,174,164,256,245
2.1159999999999998e-11,172,164,252,245
2.1249999999999998e-11,176,164,277,245
2.1339999999999998e-11,174,174,256,260
2.1429999999999997e-11,174,174,259,260
2.152e-11,176,174,272,260
2.161e-11,174,174,266,260
2.17e-11,160,172,253,256
2.179e-11,172,172,259,256
2.188e-11,174,172,259,256
2.1969999999999999e-11,172,172,257,256
2.2059999999999999e-11,166,168,250,254
2.2149999999999999e-11,172,168,261,254
2.2239999999999999e-11,174,168,275,254
2.2329999999999999e-11,172,168,249,252
2.2419999999999999e-11,174,168,255,252
2.2509999999999998e-11,170,168,258,252
2.2599999999999998e-11,174,168,257,252
2.2689999999999998e-11,176,168,272,252
2.2779999999999998e-11,168,170,243,253
2.2869999999999998e-11,176,170,251,253
2.2959999999999997e-11,162,170,236,253
2.3049999999999997e-11,176,170,263,248
2.3139999999999997e-11,172,170,260,248
2.323e-11,168,170,251,248
2.332e-11,172,170,252,248
2.341e-11,170,170,271,248
2.35e-11,170,162,265,258
2.3589999999999999e-11,170,162,256,258
2.3679999999999999e-11,174,174,259,258
2.3769999999999999e-11,174,174,267,258
2.3859999999999999e-11,174,174,264,258
2.3949999999999999e-11,170,174,253,258
2.4039999999999999e-11,176,174,270,258
2.4129999999999998e-11,172,174,251,258
2.4219999999999998e-11,172,170,262,258
2.4309999999999998e-11,172,170,258,258
2.4399999999999998e-11,172,172,257,257
2.4489999999999998e-11,174,172,259,257
2.4579999999999997e-11,172,172,262,257
2.4669999999999997e-11,172,172,259,257
2.4759999999999997e-11,174,172,253,257
2.485e-11,172,172,265,257
2.494e-11,168,168,250,259
2.503e-11,176,168,262,259
2.512e-11,172,170,257,256
2.5209999999999999e-11,176,170,257,256
2.5299999999999999e-11,170,170,271,256
2.5389999999999999e-11,174,170,257,256
2.5479999999999999e-11,172,170,273,256
2.5569999999999999e-11,174,170,274,249
2.5659999999999999e-11,176,170,261,249
2.5749999999999998e-11,174,170,265,249
2.5839999999999998e-11,170,172,256,264
2.5929999999999998e-11,170,172,253,264
2.6019999999999998e-11,156,172,238,264
2.6109999999999998e-11,172,172,258,264
2.6199999999999997e-11,168,172,246,264
2.6289999999999997e-11,176,172,262,264
2.6379999999999997e-11,174,172,258,264
2.647e-11,166,172,260,264
2.656e-11,172,168,268,251
2.665e-11,174,168,253,251
2.674e-11,170,168,273,251
2.6829999999999999e-11,174,168,255,251
2.6919999999999999e-11,176,168,268,251
2.7009999999999999e-11,174,166,261,245
2.7099999999999999e-11,170,166,256,245
2.7189999999999999e-11,174,166,246,252
2.7279999999999998e-11,172,166,245,252
2.7369999999999998e-11,168,166,247,252
2.7459999999999998e-11,172,166,270,252
2.7549999999999998e-11,172,166,246,252
2.7639999999999998e-11,174,166,266,252
2.7729999999999998e-11,170,166,265,252
2.7819999999999997e-11,172,172,268,262
2.7909999999999997e-11,172,172,254,266
2.7999999999999997e-11,172,172,250,266
2.8089999999999997e-11,172,172,271,266
2.818e-11,170,172,254,266
2.827e-11,174,172,263,266
2.836e-11,174,172,269,266
2.8449999999999999e-11,158,170,254,260
2.8539999999999999e-11,176,170,261,260
2.8629999999999999e-11,170,170,252,254
2.8719999999999999e-11,174,170,265,254
2.8809999999999999e-11,176,170,262,254
2.8899999999999998e-11,174,170,268,254
2.8989999999999998e-11,174,170,250,254
2.9079999999999998e-11,170,170,244,254
2.9170000000000001e-11,170,168,240,259
2.9259999999999998e-11,176,170,266,265
2.9350000000000001e-11,172,170,269,265
2.9439999999999997e-11,176,170,273,265
2.953e-11,170,170,255,265
2.9619999999999997e-11,166,170,265,265
2.971e-11,174,170,273,265
2.9799999999999997e-11,174,170,262,265
2.989e-11,172,170,266,249
2.9979999999999996e-11,172,170,259,254
3.0069999999999999e-11,172,170,260,254
3.0159999999999996e-11,168,170,253,254
3.0249999999999999e-11,172,170,253,254
3.0339999999999996e-11,174,170,264,254
3.0429999999999999e-11,174,170,268,254
3.0519999999999995e-11,172,170,269,254
3.0609999999999998e-11,170,168,256,250
3.0700000000000001e-11,166,172,251,251
3.0789999999999998e-11,174,172,268,251
3.0880000000000001e-11,170,172,249,251
3.0969999999999997e-11,170,172,266,251
3.1060000000000001e-11,176,172,266,251
3.1149999999999997e-11,172,172,257,251
3.124e-11,172,162,256,249
3.1329999999999997e-11,164,168,237,264
3.142e-11,174,168,261,264
3.1509999999999996e-11,174,168,274,264
3.1599999999999999e-11,168,168,249,264
3.1689999999999996e-11,168,168,237,264
3.1779999999999999e-11,172,168,254,264
3.1869999999999996e-11,166,168,262,264
3.1959999999999999e-11,174,172,250,260
3.2049999999999995e-11,174,170,252,250
3.2139999999999998e-11,174,170,253,250
3.2230000000000001e-11,172,170,258,250
3.2319999999999998e-11,174,170,254,250
3.2410000000000001e-11,176,170,276,250
3.2499999999999998e-11,172,170,267,250
3.2590000000000001e-11,176,170,277,250
3.2679999999999997e-11,174,170,258,250
3.277e-11,170,170,244,259
3.2859999999999997e-11,174,170,259,259
3.295e-11,174,170,261,259
3.3039999999999997e-11,162,170,237,259
3.313e-11,172,170,262,259
3.3219999999999996e-11,172,170,259,259
3.3309999999999999e-11,172,170,253,259
3.3399999999999996e-11,162,170,245,259
3.3489999999999999e-11,174,168,268,242
3.3579999999999995e-11,172,168,250,242
3.3669999999999999e-11,172,168,265,242
3.3759999999999995e-11,176,168,263,242
3.3849999999999998e-11,170,168,261,242
3.3940000000000001e-11,170,168,251,242
3.4029999999999998e-11,168,168,254,242
3.4120000000000001e-11,170,170,259,246
3.4209999999999997e-11,172,170,260,244
3.43e-11,166,170,254,244
3.4389999999999997e-11,176,170,253,244
3.448e-11,166,170,244,244
3.4569999999999997e-11,170,170,261,244
3.466e-11,174,170,261,244
3.4749999999999996e-11,174,170,265,244
3.4839999999999999e-11,166,162,257,236
3.4929999999999996e-11,164,162,252,236
3.5019999999999999e-11,172,162,259,236
3.5109999999999996e-11,174,162,255,236
3.5199999999999999e-11,170,162,256,236
3.5289999999999995e-11,174,162,264,236
3.5379999999999998e-11,172,162,251,236
3.5469999999999995e-11,174,162,253,236
3.5559999999999998e-11,172,164,265,261
3.5650000000000001e-11,172,164,276,261
3.5739999999999998e-11,174,164,265,261
3.5830000000000001e-11,162,164,253,261
3.5919999999999997e-11,172,164,270,261
3.601e-11,174,164,264,261
3.6099999999999997e-11,174,164,269,261
3.619e-11,174,164,262,261
3.6279999999999996e-11,170,170,263,266
3.637e-11,168,170,244,266
3.6459999999999996e-11,176,170,268,266
3.6549999999999999e-11,170,170,244,266
3.6639999999999996e-11,174,170,270,266
3.6729999999999999e-11,174,170,262,266
3.6819999999999995e-11,170,170,263,266
3.6909999999999998e-11,174,172,263,258
3.6999999999999995e-11,170,172,253,258
3.7089999999999998e-11,172,172,265,258
3.7180000000000001e-11,162,172,261,258
3.7269999999999998e-11,166,172,258,258
3.7360000000000001e-11,160,172,232,258
3.7449999999999997e-11,172,172,263,258
3.754e-11,174,172,271,258
3.7629999999999997e-11,170,172,264,258
3.772e-11,170,170,249,269
3.7809999999999997e-11,174,170,267,269
3.79e-11,174,170,273,269
3.7989999999999996e-11,172,170,262,269
3.8079999999999999e-11,172,170,256,269
3.8169999999999996e-11,172,170,265,269
3.8259999999999999e-11,170,170,249,269
3.8349999999999996e-11,172,162,271,245
3.8439999999999999e-11,174,162,264,245
3.8529999999999995e-11,172,162,251,245
3.8619999999999998e-11,174,162,248,245
3.8709999999999995e-11,174,162,258,245
3.8799999999999998e-11,168,162,253,245
3.8890000000000001e-11,174,162,271,245
3.8979999999999997e-11,174,162,268,245
3.9070000000000001e-11,168,162,259,245
3.9159999999999997e-11,174,166,268,256
3.925e-11,172,166,264,256
3.9339999999999997e-11,174,166,270,256
3.943e-11,168,166,263,256
3.9519999999999996e-11,172,166,254,256
3.9609999999999999e-11,160,166,255,256
3.9699999999999996e-11,170,166,270,256
3.9789999999999999e-11,174,170,265,255
3.9879999999999996e-11,172,170,260,255
3.9969999999999999e-11,168,170,248,255
4.0059999999999995e-11,150,170,223,255
4.0149999999999998e-11,168,170,253,255
4.0239999999999995e-11,164,170,245,255
4.0329999999999998e-11,170,170,261,255
4.0419999999999995e-11,172,170,259,255
4.0509999999999998e-11,172,162,268,253
4.0600000000000001e-11,172,162,246,253
4.0689999999999997e-11,170,162,253,253
4.078e-11,172,162,254,253
4.0869999999999997e-11,174,162,254,253
4.096e-11,174,162,271,253
4.1049999999999997e-11,172,162,267,253
4.114e-11,170,164,254,257
4.1229999999999996e-11,170,164,259,257
4.1319999999999999e-11,172,164,265,257
4.1409999999999996e-11,174,164,265,257
4.1499999999999999e-11,168,164,257,257
4.1589999999999995e-11,174,164,250,257
4.1679999999999998e-11,172,164,259,257
4.1769999999999995e-11,174,164,266,257
4.1859999999999998e-11,170,164,263,257
4.1949999999999995e-11,172,170,251,253
4.2039999999999998e-11,166,170,255,253
4.2130000000000001e-11,170,170,252,253
4.2219999999999997e-11,164,170,245,253
4.231e-11,172,170,263,253
4.2399999999999997e-11,170,170,255,253
4.249e-11,162,164,250,257
4.2579999999999997e-11,168,164,235,257
4.267e-11,170,164,258,257
4.2759999999999996e-11,172,164,264,257
4.2849999999999999e-11,172,164,253,257
4.2939999999999996e-11,174,164,260,257
4.3029999999999999e-11,172,164,260,257
4.3119999999999996e-11,166,164,252,257
4.3209999999999999e-11,172,164,258,257
4.3299999999999995e-11,172,164,265,257
4.3389999999999998e-11,170,170,247,246
4.3479999999999995e-11,172,170,272,246
4.3569999999999998e-11,170,170,255,246
4.3659999999999995e-11,172,170,256,246
4.3749999999999998e-11,172,170,253,246
4.3840000000000001e-11,170,170,247,246
4.3929999999999997e-11,168,172,252,265
4.402e-11,174,172,261,265
4.4109999999999997e-11,172,172,263,265
4.42e-11,172,172,264,265
4.4289999999999996e-11,168,172,254,265
4.438e-11,170,172,265,265
4.4469999999999996e-11,164,172,252,265
4.4559999999999999e-11,162,172,250,265
4.4649999999999996e-11,170,172,255,265
4.4739999999999999e-11,172,172,256,265
4.4829999999999995e-11,168,172,261,261
4.4919999999999998e-11,170,172,255,261
4.5009999999999995e-11,168,172,252,261
4.5099999999999998e-11,170,172,252,261
4.5189999999999995e-11,174,172,262,261
4.5279999999999998e-11,172,160,258,241
4.5369999999999994e-11,172,160,252,241
4.5459999999999997e-11,172,160,254,241
4.555e-11,174,160,252,241
4.5639999999999997e-11,172,160,262,241
4.573e-11,170,160,253,241
4.5819999999999997e-11,170,160,265,241
4.591e-11,172,160,265,241
4.5999999999999996e-11,168,160,260,241
4.6089999999999999e-11,174,160,260,241
4.6179999999999996e-11,174,160,267,241
4.6269999999999999e-11,170,170,262,250
4.6359999999999996e-11,170,170,255,250
4.6449999999999999e-11,170,170,248,250
4.6539999999999995e-11,172,170,262,250
4.6629999999999998e-11,166,170,243,250
4.6719999999999995e-11,170,162,256,246
4.6809999999999998e-11,160,162,238,246
4.6899999999999994e-11,162,162,238,246
4.6989999999999997e-11,160,162,255,246
4.7080000000000001e-11,162,162,258,246
4.7169999999999997e-11,172,162,260,246
4.726e-11,170,162,257,246
4.7349999999999997e-11,170,162,249,246
4.744e-11,168,162,247,246
4.7529999999999996e-11,166,162,255,246
4.7619999999999999e-11,172,170,257,253
4.7709999999999996e-11,172,170,251,253
4.7799999999999999e-11,174,170,258,253
4.7889999999999996e-11,172,170,264,253
4.7979999999999999e-11,164,170,240,253
4.8069999999999995e-11,172,168,262,252
4.8159999999999998e-11,174,168,261,252
4.8249999999999995e-11,164,168,235,252
4.8339999999999998e-11,172,168,273,252
4.8429999999999995e-11,168,168,245,252
4.8519999999999998e-11,170,168,258,252
4.8609999999999994e-11,172,168,250,252
4.8699999999999997e-11,174,168,250,252
4.879e-11,174,168,262,252
4.8879999999999997e-11,172,168,250,252
4.897e-11,172,168,253,252
4.9059999999999997e-11,172,170,260,255
4.915e-11,170,170,254,255
4.9239999999999996e-11,172,170,257,255
4.9329999999999999e-11,170,170,246,255
4.9419999999999996e-11,170,170,256,255
4.9509999999999999e-11,166,166,251,241
4.9599999999999995e-11,172,166,252,241
4.9689999999999998e-11,168,166,254,241
4.9779999999999995e-11,166,166,255,241
4.9869999999999998e-11,168,166,259,241
4.9959999999999995e-11,166,166,259,241
5.0049999999999998e-11,170,158,268,244
5.0139999999999994e-11,172,158,265,244
5.0229999999999997e-11,170,158,262,244
5.032e-11,172,158,258,244
5.0409999999999997e-11,170,158,254,244
5.05e-11,172,158,263,244
5.0589999999999997e-11,170,164,256,253
5.068e-11,160,164,240,253
5.0769999999999996e-11,172,164,266,253
5.0859999999999999e-11,170,158,248,246
5.0949999999999996e-11,172,158,258,246
5.1039999999999999e-11,172,158,266,246
5.1129999999999996e-11,170,158,245,246
5.1219999999999999e-11,174,158,278,246
5.1309999999999995e-11,170,158,249,246
5.1399999999999998e-11,172,158,261,246
5.1489999999999995e-11,172,158,261,246
5.1579999999999998e-11,168,158,251,246
5.1669999999999995e-11,172,158,265,246
5.1759999999999998e-11,170,158,256,246
5.1849999999999994e-11,164,158,252,246
5.1939999999999997e-11,170,156,252,229
5.203e-11,172,156,264,229
5.2119999999999997e-11,168,156,261,229
5.221e-11,166,156,247,229
5.2299999999999996e-11,170,156,259,229
5.239e-11,172,156,252,229
5.2479999999999996e-11,170,156,260,229
5.2569999999999999e-11,168,156,266,229
5.2659999999999996e-11,172,160,257,238
5.2749999999999999e-11,172,160,264,238
5.2839999999999995e-11,172,160,247,238
5.2929999999999998e-11,172,160,260,238
5.3019999999999995e-11,168,160,261,238
5.3109999999999998e-11,170,160,248,238
5.3199999999999995e-11,172,160,262,238
5.3289999999999998e-11,170,160,260,238
5.3379999999999994e-11,172,160,261,238
5.3469999999999997e-11,168,160,251,238
5.3559999999999994e-11,170,160,252,238
5.3649999999999997e-11,168,160,243,238
5.374e-11,172,162,256,256
5.3829999999999997e-11,172,162,269,256
5.392e-11,172,162,266,256
5.4009999999999996e-11,168,162,245,256
5.4099999999999999e-11,172,162,255,256
5.4189999999999996e-11,166,162,245,256
5.4279999999999999e-11,170,162,256,256
5.4369999999999996e-11,170,162,257,256
5.4459999999999999e-11,170,160,255,231
5.4549999999999995e-11,170,160,261,231
5.4639999999999998e-11,164,160,248,231
5.4729999999999995e-11,170,160,264,231
5.4819999999999998e-11,166,160,255,231
5.4909999999999994e-11,166,160,252,231
5.4999999999999997e-11,172,160,258,231
5.5089999999999994e-11,172,160,258,231
5.5179999999999997e-11,172,160,259,231
5.527e-11,170,160,256,231
5.5359999999999997e-11,172,160,269,231
5.545e-11,172,160,271,231
5.5539999999999996e-11,172,166,262,258
5.5629999999999999e-11,166,166,250,258
5.5719999999999996e-11,168,166,251,258
5.5809999999999999e-11,170,166,259,258
5.5899999999999996e-11,168,166,272,258
5.5989999999999999e-11,168,166,256,258
5.6079999999999995e-11,170,166,259,258
5.6169999999999998e-11,170,166,256,258
5.6259999999999995e-11,172,162,266,248
5.6349999999999998e-11,166,162,256,248
5.6439999999999995e-11,170,162,250,248
5.6529999999999998e-11,172,162,253,248
5.6619999999999994e-11,166,162,247,248
5.6709999999999997e-11,162,162,244,248
5.6799999999999994e-11,166,162,262,248
5.6889999999999997e-11,172,162,247,248
5.698e-11,170,162,260,248
5.7069999999999997e-11,166,162,253,248
5.716e-11,168,162,255,248
5.7249999999999996e-11,172,162,265,248
5.7339999999999999e-11,166,164,255,241
5.7429999999999996e-11,172,164,259,241
5.7519999999999999e-11,172,164,262,241
5.7609999999999995e-11,160,164,240,241
5.7699999999999998e-11,170,164,254,241
5.7789999999999995e-11,172,164,264,241
5.7879999999999998e-11,172,164,256,241
5.7969999999999995e-11,170,164,259,241
5.8059999999999998e-11,166,160,246,239
5.8149999999999994e-11,172,160,268,239
5.8239999999999997e-11,168,160,262,239
5.8329999999999994e-11,168,160,259,239
5.8419999999999991e-11,170,160,256,239
5.851e-11,172,160,267,239
5.8599999999999997e-11,164,160,244,239
5.8689999999999993e-11,170,160,261,239
5.8780000000000003e-11,166,160,250,239
5.8869999999999999e-11,170,160,251,239
5.8959999999999996e-11,172,160,263,239
5.9049999999999993e-11,170,160,265,239
5.9140000000000002e-11,170,160,265,239
5.9229999999999999e-11,150,162,227,246
5.9319999999999995e-11,172,162,253,246
5.9409999999999992e-11,172,162,254,246
5.9500000000000001e-11,166,162,246,246
5.9589999999999998e-11,168,162,244,246
5.9679999999999995e-11,172,162,267,246
5.9769999999999991e-11,170,164,249,255
5.9860000000000001e-11,164,164,237,255
5.9949999999999997e-11,172,164,257,255
6.0039999999999994e-11,170,164,259,255
6.012999999999999e-11,164,164,250,255
6.022e-11,172,164,245,255
6.0309999999999996e-11,172,164,266,255
6.0399999999999993e-11,168,164,252,255
6.0490000000000003e-11,170,164,254,255
6.0579999999999999e-11,168,164,254,255
6.0669999999999996e-11,168,164,251,255
6.0759999999999992e-11,168,164,251,255
6.0850000000000002e-11,168,164,263,255
6.0939999999999998e-11,172,164,260,255
6.1029999999999995e-11,164,156,253,241
6.1119999999999992e-11,168,156,250,241
6.1210000000000001e-11,170,156,260,241
6.1299999999999998e-11,170,156,252,241
6.1389999999999994e-11,172,156,258,241
6.1479999999999991e-11,172,156,260,241
6.157e-11,164,164,243,245
6.1659999999999997e-11,172,164,258,245
6.1749999999999994e-11,170,164,258,245
6.183999999999999e-11,172,164,251,245
6.193e-11,170,164,259,245
6.2019999999999996e-11,170,164,257,245
6.2109999999999993e-11,164,164,245,245
6.2200000000000002e-11,170,164,258,245
6.2289999999999999e-11,170,164,250,245
6.2379999999999996e-11,172,164,265,245
6.2469999999999992e-11,170,164,252,245
6.2560000000000002e-11,162,164,249,245
6.2649999999999998e-11,172,164,256,245
6.2739999999999995e-11,172,164,256,245
6.2829999999999991e-11,172,162,260,241
6.2920000000000001e-11,170,162,259,241
6.3009999999999997e-11,172,162,264,241
6.3099999999999994e-11,170,162,257,241
6.3189999999999991e-11,168,162,262,241
6.328e-11,168,162,264,241
6.3369999999999997e-11,164,158,248,236
6.3459999999999993e-11,170,158,269,236
6.3550000000000003e-11,170,158,243,236
6.3639999999999999e-11,170,158,261,236
6.3729999999999996e-11,170,158,249,236
6.3819999999999993e-11,172,158,252,236
6.3910000000000002e-11,170,158,253,236
6.3999999999999999e-11,172,158,260,236
6.4089999999999995e-11,172,158,261,236
6.4179999999999992e-11,168,158,245,236
6.4270000000000001e-11,172,158,259,236
6.4359999999999998e-11,170,158,241,236
6.4449999999999995e-11,172,158,265,236
6.4539999999999991e-11,172,158,261,236
6.4630000000000001e-11,170,158,256,228
6.4719999999999997e-11,170,164,250,247
6.4809999999999994e-11,170,164,263,247
6.489999999999999e-11,170,164,255,247
6.499e-11,166,164,242,247
6.5079999999999997e-11,170,164,269,247
6.5169999999999993e-11,170,164,258,247
6.5260000000000003e-11,170,164,254,247
6.5349999999999999e-11,160,164,250,247
6.5439999999999996e-11,172,164,267,247
6.5529999999999992e-11,170,164,270,247
6.5620000000000002e-11,168,164,252,247
6.5709999999999998e-11,172,164,260,247
6.5799999999999995e-11,166,164,253,247
6.5889999999999992e-11,170,164,240,247
6.5980000000000001e-11,168,160,258,247
6.6069999999999998e-11,164,160,260,247
6.6159999999999994e-11,170,160,259,247
6.6249999999999991e-11,170,160,253,247
6.634e-11,168,160,241,247
6.6429999999999997e-11,168,160,254,247
6.6519999999999994e-11,168,164,253,247
6.660999999999999e-11,168,164,248,247
6.67e-11,172,164,260,247
6.6789999999999996e-11,164,164,251,247
6.6879999999999993e-11,172,164,266,247
6.6970000000000002e-11,168,164,249,247
6.7059999999999999e-11,170,164,261,247
6.7149999999999996e-11,162,164,246,247
6.7239999999999992e-11,170,164,261,247
6.7330000000000002e-11,170,164,248,247
6.7419999999999998e-11,172,164,264,247
6.7509999999999995e-11,168,164,242,247
6.7599999999999991e-11,162,164,247,247
6.7690000000000001e-11,170,164,264,247
6.7779999999999998e-11,170,164,266,247
6.7869999999999994e-11,166,164,251,247
6.7959999999999991e-11,172,164,264,247
6.805e-11,168,164,267,247
6.8139999999999997e-11,168,164,256,247
6.8229999999999993e-11,170,162,246,255
6.831999999999999e-11,172,162,264,255
6.841e-11,170,162,264,255
6.8499999999999996e-11,162,162,241,255
6.8589999999999993e-11,172,162,256,255
6.8680000000000002e-11,168,162,242,255
6.8769999999999999e-11,168,162,251,255
6.8859999999999995e-11,172,162,259,255
6.8949999999999992e-11,170,162,244,255
6.9040000000000001e-11,170,162,259,255
6.9129999999999998e-11,170,162,258,255
6.9219999999999995e-11,172,162,257,255
6.9309999999999991e-11,172,162,257,255
6.9400000000000001e-11,170,162,261,255
6.9489999999999997e-11,172,162,253,255
6.9579999999999994e-11,166,162,243,255
6.9669999999999991e-11,170,160,255,238
6.976e-11,164,160,247,238
6.9849999999999997e-11,172,160,247,238
6.9939999999999993e-11,168,160,255,238
7.002999999999999e-11,170,162,260,249
7.0119999999999999e-11,170,162,257,249
7.0209999999999996e-11,166,162,257,249
7.0299999999999992e-11,162,162,236,249
7.0390000000000002e-11,172,162,259,249
7.0479999999999999e-11,172,162,260,249
7.0569999999999995e-11,166,162,245,249
7.0659999999999992e-11,162,162,236,249
7.0750000000000001e-11,172,162,267,249
7.0839999999999998e-11,172,162,262,249
7.0929999999999994e-11,166,162,240,249
7.1019999999999991e-11,166,162,250,249
7.1110000000000001e-11,168,162,246,249
7.1199999999999997e-11,170,162,266,249
7.1289999999999994e-11,168,162,259,249
7.137999999999999e-11,170,162,259,249
7.147e-11,168,164,259,246
7.1559999999999996e-11,160,164,225,246
7.1649999999999993e-11,168,164,253,246
7.1740000000000002e-11,164,164,261,246
7.1829999999999999e-11,170,162,243,239
7.1919999999999996e-11,172,162,273,239
7.2009999999999992e-11,170,162,264,239
7.2100000000000002e-11,170,162,250,239
7.2189999999999998e-11,172,162,257,239
7.2279999999999995e-11,170,162,260,239
7.2369999999999992e-11,172,162,251,239
7.2460000000000001e-11,166,162,265,239
7.2549999999999998e-11,170,162,256,239
7.2639999999999994e-11,170,162,254,239
7.2729999999999991e-11,170,162,269,239
7.282e-11,172,162,265,239
7.2909999999999997e-11,150,162,237,239
7.2999999999999993e-11,170,162,250,239
7.308999999999999e-11,170,162,266,239
7.318e-11,170,162,255,239
7.3269999999999996e-11,170,160,260,244
7.3359999999999993e-11,170,160,259,244
7.3450000000000002e-11,170,160,255,244
7.3539999999999999e-11,172,160,260,244
7.3629999999999995e-11,170,162,258,252
7.3719999999999992e-11,168,162,246,252
7.3810000000000002e-11,170,162,263,252
7.3899999999999998e-11,164,162,240,252
7.3989999999999995e-11,166,162,257,252
7.4079999999999991e-11,168,162,259,252
7.4170000000000001e-11,170,162,267,252
7.4259999999999997e-11,168,162,250,252
7.4349999999999994e-11,168,162,251,252
7.4439999999999991e-11,168,162,241,252
7.453e-11,172,162,258,252
7.4619999999999997e-11,172,162,270,252
7.4709999999999993e-11,170,162,260,252
7.479999999999999e-11,172,162,262,252
7.4889999999999999e-11,170,162,254,252
7.4979999999999996e-11,170,162,259,252
7.5069999999999993e-11,172,164,264,243
7.5160000000000002e-11,170,164,258,243
7.5249999999999999e-11,166,164,252,243
7.5339999999999995e-11,170,164,242,243
7.5429999999999992e-11,162,160,259,246
7.5520000000000001e-11,172,160,263,246
7.5609999999999998e-11,168,160,247,246
7.5699999999999994e-11,162,160,248,246
7.5789999999999991e-11,170,160,247,246
7.5880000000000001e-11,170,160,255,246
7.5969999999999997e-11,170,160,269,246
7.6059999999999994e-11,168,160,264,246
7.614999999999999e-11,170,160,261,246
7.624e-11,172,160,264,246
7.6329999999999996e-11,170,160,258,246
7.6419999999999993e-11,172,160,262,246
7.650999999999999e-11,168,160,244,246
7.6599999999999999e-11,170,160,259,246
7.6689999999999996e-11,172,160,256,246
7.6779999999999992e-11,170,160,259,246
7.6870000000000002e-11,172,164,260,258
7.6959999999999998e-11,168,164,248,258
7.7049999999999995e-11,170,164,263,258
7.7139999999999992e-11,168,164,242,249
7.7230000000000001e-11,164,164,240,249
7.7319999999999998e-11,168,164,252,249
7.7409999999999994e-11,162,164,245,249
7.7499999999999991e-11,168,164,255,249
7.759e-11,172,164,258,249
7.7679999999999997e-11,164,164,245,249
7.7769999999999994e-11,170,164,260,249
7.785999999999999e-11,170,164,255,249
7.795e-11,170,164,248,249
7.8039999999999996e-11,170,164,255,249
7.8129999999999993e-11,150,164,227,249
7.8219999999999989e-11,170,164,264,249
7.8309999999999999e-11,166,164,265,249
7.8399999999999996e-11,170,164,268,249
7.8489999999999992e-11,168,164,256,249
7.8580000000000002e-11,168,164,250,249
7.8669999999999998e-11,172,164,266,249
7.8759999999999995e-11,166,162,256,232
7.8849999999999991e-11,172,162,259,232
7.8940000000000001e-11,172,162,264,232
7.9029999999999997e-11,160,162,248,232
7.9119999999999994e-11,170,162,254,232
7.9209999999999991e-11,170,162,260,232
7.93e-11,168,162,251,232
7.9389999999999997e-11,170,162,259,232
7.9479999999999993e-11,168,162,251,232
7.956999999999999e-11,168,162,251,232
7.9659999999999999e-11,162,162,254,232
7.9749999999999996e-11,170,162,256,232
7.9839999999999993e-11,170,162,248,232
7.9929999999999989e-11,168,162,253,232
8.0019999999999999e-11,168,162,251,232
8.0109999999999995e-11,170,164,254,246
8.0199999999999992e-11,170,164,255,246
8.0290000000000001e-11,170,156,257,226
8.0379999999999998e-11,168,156,245,226
8.0469999999999995e-11,168,156,249,226
8.0559999999999991e-11,166,156,253,226
8.0650000000000001e-11,170,156,255,226
8.0739999999999997e-11,172,156,260,226
8.0829999999999994e-11,170,156,263,226
8.091999999999999e-11,166,156,258,226
8.101e-11,170,156,249,226
8.1099999999999997e-11,158,156,238,226
8.1189999999999993e-11,170,156,258,226
8.127999999999999e-11,170,156,266,226
8.1369999999999999e-11,170,156,250,226
8.1459999999999996e-11,170,156,251,226
8.1549999999999992e-11,162,156,253,226
8.1640000000000002e-11,168,156,256,226
8.1729999999999998e-11,168,156,258,226
8.1819999999999995e-11,170,156,260,226
8.1909999999999992e-11,170,164,262,251
8.2000000000000001e-11,164,164,251,251
8.2089999999999998e-11,166,162,245,234
8.2179999999999994e-11,170,162,256,234
8.2269999999999991e-11,164,162,250,234
8.236e-11,170,162,252,234
8.2449999999999997e-11,170,162,255,234
8.2539999999999994e-11,170,162,254,234
8.262999999999999e-11,168,162,260,234
8.272e-11,170,162,261,234
8.2809999999999996e-11,170,162,255,234
8.2899999999999993e-11,170,162,249,234
8.2989999999999989e-11,164,162,257,234
8.3079999999999999e-11,168,162,253,234
8.3169999999999996e-11,170,162,257,234
8.3259999999999992e-11,170,162,252,234
8.3350000000000002e-11,166,162,258,234
8.3439999999999998e-11,166,162,252,234
8.3529999999999995e-11,170,162,253,234
8.3619999999999991e-11,172,162,264,234
8.3710000000000001e-11,170,160,252,251
8.3799999999999998e-11,166,160,247,251
8.3889999999999994e-11,170,162,253,246
8.3979999999999991e-11,170,162,264,246
8.407e-11,170,162,250,246
8.4159999999999997e-11,172,162,266,246
8.4249999999999993e-11,168,162,246,246
8.433999999999999e-11,170,162,253,246
8.443e-11,166,162,251,246
8.4519999999999996e-11,172,162,262,246
8.4609999999999993e-11,168,162,254,246
8.4699999999999989e-11,172,162,264,246
8.4789999999999999e-11,164,162,249,246
8.4879999999999995e-11,168,162,253,246
8.4969999999999992e-11,170,162,257,246
8.5060000000000001e-11,168,162,238,246
8.5149999999999998e-11,170,162,257,246
8.5239999999999995e-11,168,162,253,246
8.5329999999999991e-11,166,162,245,246
8.5420000000000001e-11,170,162,246,246
8.5509999999999997e-11,170,162,256,241
8.5599999999999994e-11,170,160,263,237
8.5689999999999991e-11,170,160,257,237
8.578e-11,164,160,257,237
8.5869999999999997e-11,164,160,250,237
8.5959999999999993e-11,170,160,247,237
8.604999999999999e-11,170,160,246,237
8.6139999999999999e-11,168,160,255,237
8.6229999999999996e-11,166,160,260,237
8.6319999999999992e-11,170,160,247,237
8.6409999999999989e-11,170,160,263,237
8.6499999999999999e-11,170,160,238,237
8.6589999999999995e-11,170,160,261,237
8.6679999999999992e-11,162,160,251,237
8.6770000000000001e-11,170,160,248,237
8.6859999999999998e-11,170,160,248,237
8.6949999999999994e-11,170,160,257,237
8.7039999999999991e-11,170,160,268,237
8.7130000000000001e-11,170,160,258,237
8.7219999999999997e-11,170,160,246,237
8.7309999999999994e-11,168,160,251,237
8.739999999999999e-11,170,162,252,241
8.749e-11,168,162,251,241
8.7579999999999996e-11,168,162,246,241
8.7669999999999993e-11,172,162,256,241
8.775999999999999e-11,166,162,254,241
8.7849999999999999e-11,170,162,251,241
8.7939999999999996e-11,164,162,240,241
8.8029999999999992e-11,170,162,248,241
8.8119999999999989e-11,170,162,255,241
8.8209999999999998e-11,172,162,243,241
8.8299999999999995e-11,172,162,260,241
8.8389999999999992e-11,168,162,250,241
8.8480000000000001e-11,168,162,249,241
8.8569999999999998e-11,166,162,244,241
8.8659999999999994e-11,172,162,265,241
8.8749999999999991e-11,172,162,259,241
8.884e-11,170,162,256,241
8.8929999999999997e-11,170,162,274,241
8.9019999999999993e-11,162,162,243,241
8.910999999999999e-11,170,162,245,241
8.92e-11,166,162,242,238
8.9289999999999996e-11,166,162,248,238
8.9379999999999993e-11,168,162,256,238
8.9469999999999989e-11,170,162,260,238
8.9559999999999999e-11,170,162,239,238
8.9649999999999995e-11,162,162,250,238
8.9739999999999992e-11,166,162,251,238
8.9830000000000002e-11,168,162,247,238
8.9919999999999998e-11,168,162,250,238
9.0009999999999995e-11,172,162,261,238
9.0099999999999991e-11,170,162,260,238
9.0190000000000001e-11,172,162,260,238
9.0279999999999997e-11,170,162,259,238
9.0369999999999994e-11,166,162,248,238
9.0459999999999991e-11,168,162,258,238
9.055e-11,168,162,253,238
9.0639999999999997e-11,170,162,256,238
9.0729999999999993e-11,168,162,247,238
9.081999999999999e-11,170,162,263,238
9.0909999999999999e-11,170,162,259,238
9.0999999999999996e-11,164,162,249,257
9.1089999999999993e-11,168,162,252,257
9.1179999999999989e-11,162,162,248,257
9.1269999999999999e-11,168,162,243,257
9.1359999999999995e-11,172,162,262,257
9.1449999999999992e-11,160,162,241,257
9.1540000000000001e-11,164,162,238,257
9.1629999999999998e-11,170,162,248,257
9.1719999999999994e-11,168,162,249,257
9.1809999999999991e-11,168,162,251,257
9.1900000000000001e-11,170,162,261,257
9.1989999999999997e-11,168,162,263,257
9.2079999999999994e-11,168,162,262,257
9.216999999999999e-11,170,162,248,257
9.226e-11,164,162,240,257
9.2349999999999996e-11,166,162,241,257
9.2439999999999993e-11,170,162,265,257
9.252999999999999e-11,170,162,254,257
9.2619999999999999e-11,170,162,267,257
9.2709999999999996e-11,170,162,257,257
9.2799999999999992e-11,170,160,250,244
9.2889999999999989e-11,170,160,249,244
9.2979999999999998e-11,172,160,272,244
9.3069999999999995e-11,168,160,248,244
9.3159999999999992e-11,170,160,246,244
9.3250000000000001e-11,168,160,247,244
9.3339999999999998e-11,168,160,263,244
9.3429999999999994e-11,166,160,249,244
9.3519999999999991e-11,170,160,259,244
9.361e-11,162,160,237,244
9.3699999999999997e-11,168,160,264,244
9.3789999999999994e-11,168,160,258,244
9.387999999999999e-11,168,160,254,244
9.397e-11,172,160,266,244
9.4059999999999996e-11,170,162,260,239
9.4149999999999993e-11,170,162,251,239
9.4239999999999989e-11,162,162,246,239
9.4329999999999999e-11,172,162,257,239
9.4419999999999996e-11,168,162,251,239
9.4509999999999992e-11,170,162,257,239
9.4599999999999989e-11,166,162,246,239
9.4689999999999998e-11,170,162,261,239
9.4779999999999995e-11,156,162,247,239
9.4869999999999991e-11,170,162,246,239
9.4960000000000001e-11,170,162,267,239
9.5049999999999997e-11,168,162,257,239
9.5139999999999994e-11,170,162,261,239
9.5229999999999991e-11,170,162,262,239
9.532e-11,170,162,256,239
9.5409999999999997e-11,170,162,261,239
9.5499999999999993e-11,172,162,267,239
9.558999999999999e-11,170,162,253,239
9.5679999999999999e-11,166,162,246,239
9.5769999999999996e-11,162,162,242,239
9.5859999999999993e-11,170,162,261,239
9.5949999999999989e-11,170,162,259,239
9.6039999999999999e-11,172,162,251,243
9.6129999999999995e-11,170,162,247,243
9.6219999999999992e-11,168,162,250,243
9.6309999999999988e-11,170,162,259,243
9.6399999999999998e-11,170,162,249,243
9.6489999999999995e-11,168,162,252,243
9.6579999999999991e-11,172,162,270,243
9.6670000000000001e-11,162,162,244,243
9.6759999999999997e-11,168,162,246,243
9.6849999999999994e-11,164,162,261,243
9.693999999999999e-11,168,162,262,243
9.703e-11,168,162,252,243
9.7119999999999997e-11,158,162,246,243
9.7209999999999993e-11,170,162,248,243
9.729999999999999e-11,168,162,256,243
9.7389999999999999e-11,170,162,264,243
9.7479999999999996e-11,164,162,248,243
9.7569999999999992e-11,164,162,243,243
9.7659999999999989e-11,168,160,256,238
9.7749999999999998e-11,170,160,258,238
9.7839999999999995e-11,164,160,243,238
9.7929999999999992e-11,166,160,248,238
9.8019999999999988e-11,164,160,250,238
9.8109999999999998e-11,166,160,256,238
9.8199999999999994e-11,164,160,240,238
9.8289999999999991e-11,168,160,253,238
9.838e-11,162,160,245,238
9.8469999999999997e-11,170,160,255,238
9.8559999999999994e-11,170,160,258,238
9.864999999999999e-11,164,160,242,238
9.874e-11,168,160,247,238
9.8829999999999996e-11,170,160,248,238
9.8919999999999993e-11,168,160,248,238
9.9009999999999989e-11,164,160,250,238
9.9099999999999999e-11,172,160,251,238
9.9189999999999996e-11,168,160,262,238
9.9279999999999992e-11,166,160,245,238
9.9369999999999989e-11,166,160,238,238
9.9459999999999998e-11,170,160,245,238
9.9549999999999995e-11,170,160,258,238
9.9639999999999991e-11,170,158,263,247
9.9730000000000001e-11,170,158,259,247
9.9819999999999998e-11,168,158,261,247
9.9909999999999994e-11,166,158,241,247
-9.9999999999999994e-12,178,160,266,249
-1.0089999999999999e-11,174,160,265,249
-1.0179999999999999e-11,172,172,246,259
-1.0269999999999999e-11,170,172,268,259
-1.0359999999999999e-11,176,168,250,242
-1.045e-11,170,168,258,242
-1.054e-11,174,172,259,267
-1.063e-11,174,172,253,267
-1.072e-11,176,174,277,260
-1.0809999999999999e-11,174,172,258,261
-1.0899999999999999e-11,176,172,269,261
-1.0989999999999999e-11,176,172,265,261
-1.1079999999999999e-11,166,172,242,266
-1.1169999999999999e-11,172,172,266,263
-1.126e-11,174,172,262,263
-1.135e-11,176,172,266,263
-1.144e-11,172,170,259,261
-1.153e-11,176,172,263,257
-1.1619999999999999e-11,174,172,266,257
-1.1709999999999999e-11,176,172,268,257
-1.1799999999999999e-11,172,168,265,246
-1.1889999999999999e-11,176,170,267,253
-1.1979999999999999e-11,174,170,262,253
-1.207e-11,168,170,263,253
-1.216e-11,176,174,272,253
-1.225e-11,168,172,259,261
-1.234e-11,176,172,273,261
-1.2429999999999999e-11,176,168,278,250
-1.2519999999999999e-11,172,168,258,250
-1.2609999999999999e-11,172,170,263,260
-1.2699999999999999e-11,174,170,269,260
-1.2789999999999999e-11,174,172,268,251
-1.2879999999999998e-11,172,172,260,251
-1.297e-11,172,176,269,281
-1.306e-11,176,176,248,281
-1.315e-11,174,172,254,254
-1.3239999999999999e-11,178,166,265,260
-1.3329999999999999e-11,174,166,253,260
-1.3419999999999999e-11,174,166,255,260
-1.3509999999999999e-11,166,174,255,251
-1.3599999999999999e-11,178,168,275,246
-1.3689999999999998e-11,174,168,275,246
-1.378e-11,176,168,266,246
-1.387e-11,174,170,268,263
-1.3959999999999999e-11,172,172,261,254
-1.4049999999999999e-11,166,172,254,254
-1.4139999999999999e-11,174,172,257,254
-1.4229999999999999e-11,176,158,260,233
-1.4319999999999999e-11,176,172,263,270
-1.4409999999999999e-11,174,172,252,270
-1.4499999999999998e-11,172,172,255,270
-1.4589999999999998e-11,176,170,274,263
-1.4679999999999998e-11,172,170,267,253
-1.4769999999999998e-11,174,170,261,253
-1.4859999999999998e-11,172,170,262,253
-1.4950000000000001e-11,174,172,257,250
-1.5040000000000001e-11,170,172,260,270
-1.513e-11,176,172,269,270
-1.522e-11,176,172,271,270
-1.531e-11,174,174,266,264
-1.54e-11,174,176,247,277
-1.549e-11,160,176,237,277
-1.5579999999999999e-11,176,176,261,277
-1.5669999999999999e-11,174,164,271,247
-1.5759999999999999e-11,172,174,252,269
-1.5849999999999999e-11,176,174,259,269
-1.5939999999999999e-11,172,174,274,269
-1.6029999999999999e-11,174,174,274,263
-1.6119999999999998e-11,176,176,271,263
-1.6209999999999998e-11,174,176,256,263
-1.6299999999999998e-11,176,176,272,263
-1.6389999999999998e-11,176,162,271,256
-1.6479999999999998e-11,176,162,265,256
-1.6569999999999997e-11,174,162,264,256
-1.6660000000000001e-11,174,162,258,256
-1.675e-11,174,176,252,268
-1.684e-11,174,176,260,268
-1.693e-11,170,176,247,268
-1.702e-11,174,176,267,268
-1.711e-11,154,174,235,261
-1.7199999999999999e-11,172,174,255,261
-1.7289999999999999e-11,174,174,266,261
-1.7379999999999999e-11,176,174,258,261
-1.7469999999999999e-11,176,170,263,269
-1.7559999999999999e-11,174,170,276,269
-1.7649999999999999e-11,170,170,261,269
-1.7739999999999998e-11,176,170,260,269
-1.7829999999999998e-11,172,170,256,259
-1.7919999999999998e-11,174,170,262,259
-1.8009999999999998e-11,174,170,269,259
-1.8099999999999998e-11,170,170,258,266
-1.8189999999999997e-11,174,170,265,266
-1.828e-11,174,170,259,266
-1.837e-11,164,170,253,266
-1.846e-11,174,170,266,262
-1.855e-11,174,170,267,262
-1.864e-11,172,170,271,262
-1.873e-11,174,170,261,262
-1.8819999999999999e-11,168,172,255,256
-1.8909999999999999e-11,172,172,265,256
-1.8999999999999999e-11,176,172,271,256
-1.9089999999999999e-11,174,172,252,256
-1.9179999999999999e-11,174,172,268,256
-1.9269999999999998e-11,170,174,265,256
-1.9359999999999998e-11,176,174,264,256
-1.9449999999999998e-11,172,174,270,256
-1.9539999999999998e-11,164,174,251,273
-1.9629999999999998e-11,174,174,262,273
-1.9719999999999998e-11,176,174,266,273
-1.9809999999999997e-11,172,174,271,273
-1.99e-11,170,170,253,261
-1.999e-11,170,170,264,261
-2.008e-11,160,170,249,261
-2.017e-11,172,170,262,261
-2.026e-11,172,174,257,239
-2.035e-11,176,174,271,239
-2.0439999999999999e-11,172,174,259,239
-2.0529999999999999e-11,174,174,251,239
-2.0619999999999999e-11,172,168,251,245
-2.0709999999999999e-11,174,168,266,245
-2.0799999999999999e-11,168,168,242,245
-2.0889999999999998e-11,176,168,270,245
-2.0979999999999998e-11,170,164,247,250
-2.1069999999999998e-11,174,164,271,250
-2.1159999999999998e-11,172,164,267,250
-2.1249999999999998e-11,172,164,266,250
-2.1339999999999998e-11,174,172,255,266
-2.1429999999999997e-11,174,172,260,266
-2.152e-11,166,172,256,266
-2.161e-11,174,172,268,266
-2.17e-11,172,172,254,254
-2.179e-11,172,172,261,254
-2.188e-11,174,172,253,254
-2.1969999999999999e-11,172,172,256,254
-2.2059999999999999e-11,176,162,276,251
-2.2149999999999999e-11,172,162,266,251
-2.2239999999999999e-11,174,162,268,251
-2.2329999999999999e-11,172,168,256,251
-2.2419999999999999e-11,174,168,262,251
-2.2509999999999998e-11,172,168,263,251
-2.2599999999999998e-11,174,168,246,251
-2.2689999999999998e-11,176,168,261,251
-2.2779999999999998e-11,168,172,255,259
-2.2869999999999998e-11,170,172,261,259
-2.2959999999999997e-11,168,172,262,259
-2.3049999999999997e-11,172,170,260,251
-2.3139999999999997e-11,172,170,266,251
-2.323e-11,172,170,257,251
-2.332e-11,172,170,262,251
-2.341e-11,174,170,278,251
-2.35e-11,174,172,260,259
-2.3589999999999999e-11,168,172,246,259
-2.3679999999999999e-11,174,172,267,255
-2.3769999999999999e-11,170,172,256,255
-2.3859999999999999e-11,174,172,265,255
-2.3949999999999999e-11,170,172,253,255
-2.4039999999999999e-11,174,172,256,255
-2.4129999999999998e-11,172,172,254,255
-2.4219999999999998e-11,174,170,253,260
-2.4309999999999998e-11,172,170,258,260
-2.4399999999999998e-11,156,172,244,263
-2.4489999999999998e-11,174,172,278,263
-2.4579999999999997e-11,172,172,261,263
-2.4669999999999997e-11,172,172,259,263
-2.4759999999999997e-11,174,172,257,263
-2.485e-11,172,172,272,263
-2.494e-11,168,168,250,256
-2.503e-11,176,168,266,256
-2.512e-11,172,170,258,254
-2.5209999999999999e-11,176,170,268,254
-2.5299999999999999e-11,170,170,260,254
-2.5389999999999999e-11,174,170,274,254
-2.5479999999999999e-11,172,170,251,254
-2.5569999999999999e-11,174,170,265,254
-2.5659999999999999e-11,172,170,251,254
-2.5749999999999998e-11,168,170,242,254
-2.5839999999999998e-11,174,162,259,241
-2.5929999999999998e-11,172,162,264,241
-2.6019999999999998e-11,176,162,281,241
-2.6109999999999998e-11,168,162,253,241
-2.6199999999999997e-11,172,162,255,241
-2.6289999999999997e-11,172,172,255,257
-2.6379999999999997e-11,172,172,254,257
-2.647e-11,170,168,261,264
-2.656e-11,174,168,279,264
-2.665e-11,170,168,258,264
-2.674e-11,166,168,260,264
-2.6829999999999999e-11,174,168,269,264
-2.6919999999999999e-11,172,168,259,264
-2.7009999999999999e-11,174,166,251,243
-2.7099999999999999e-11,170,166,251,243
-2.7189999999999999e-11,174,172,264,254
-2.7279999999999998e-11,164,172,245,254
-2.7369999999999998e-11,168,172,246,254
-2.7459999999999998e-11,172,172,272,254
-2.7549999999999998e-11,172,172,263,254
-2.7639999999999998e-11,174,172,270,254
-2.7729999999999998e-11,170,172,263,254
-2.7819999999999997e-11,172,172,260,265
-2.7909999999999997e-11,172,172,267,248
-2.7999999999999997e-11,172,172,260,248
-2.8089999999999997e-11,172,172,254,248
-2.818e-11,170,172,260,248
-2.827e-11,170,172,261,248
-2.836e-11,174,172,274,248
-2.8449999999999999e-11,158,168,233,264
-2.8539999999999999e-11,176,168,271,264
-2.8629999999999999e-11,174,172,268,271
-2.8719999999999999e-11,174,172,271,271
-2.8809999999999999e-11,172,172,270,271
-2.8899999999999998e-11,174,172,263,271
-2.8989999999999998e-11,176,172,259,271
-2.9079999999999998e-11,164,172,251,271
-2.9170000000000001e-11,170,172,263,263
-2.9259999999999998e-11,164,170,240,246
-2.9350000000000001e-11,172,170,264,246
-2.9439999999999997e-11,176,170,264,246
-2.953e-11,170,170,253,246
-2.9619999999999997e-11,170,170,269,246
-2.971e-11,174,170,266,246
-2.9799999999999997e-11,172,170,272,246
-2.989e-11,172,172,250,270
-2.9979999999999996e-11,172,170,254,271
-3.0069999999999999e-11,172,170,277,271
-3.0159999999999996e-11,174,170,257,271
-3.0249999999999999e-11,172,170,270,271
-3.0339999999999996e-11,174,170,276,271
-3.0429999999999999e-11,174,170,258,271
-3.0519999999999995e-11,172,170,252,271
-3.0609999999999998e-11,174,168,264,253
-3.0700000000000001e-11,166,172,239,262
-3.0789999999999998e-11,168,172,250,262
-3.0880000000000001e-11,170,172,263,262
-3.0969999999999997e-11,176,172,277,262
-3.1060000000000001e-11,176,172,287,262
-3.1149999999999997e-11,176,172,266,262
-3.124e-11,172,162,270,253
-3.1329999999999997e-11,164,170,247,258
-3.142e-11,174,170,274,258
-3.1509999999999996e-11,170,170,263,258
-3.1599999999999999e-11,170,170,254,258
-3.1689999999999996e-11,174,170,269,258
-3.1779999999999999e-11,174,170,256,258
-3.1869999999999996e-11,174,170,272,258
-3.1959999999999999e-11,170,172,264,262
-3.2049999999999995e-11,174,170,263,260
-3.2139999999999998e-11,170,170,261,260
-3.2230000000000001e-11,172,170,258,260
-3.2319999999999998e-11,168,170,262,260
-3.2410000000000001e-11,176,170,263,260
-3.2499999999999998e-11,176,170,267,260
-3.2590000000000001e-11,176,170,273,260
-3.2679999999999997e-11,166,170,250,260
-3.277e-11,168,170,258,256
-3.2859999999999997e-11,174,170,259,256
-3.295e-11,172,170,265,256
-3.3039999999999997e-11,162,170,256,256
-3.313e-11,172,170,256,256
-3.3219999999999996e-11,172,170,259,256
-3.3309999999999999e-11,174,170,259,256
-3.3399999999999996e-11,162,170,236,256
-3.3489999999999999e-11,174,168,256,251
-3.3579999999999995e-11,172,168,261,251
-3.3669999999999999e-11,172,168,263,251
-3.3759999999999995e-11,176,168,268,251
-3.3849999999999998e-11,170,168,247,251
-3.3940000000000001e-11,170,168,244,251
-3.4029999999999998e-11,168,168,242,251
-3.4120000000000001e-11,170,170,260,253
-3.4209999999999997e-11,174,172,267,248
-3.43e-11,170,172,259,248
-3.4389999999999997e-11,174,172,258,248
-3.448e-11,174,172,261,248
-3.4569999999999997e-11,162,172,243,248
-3.466e-11,172,172,255,248
-3.4749999999999996e-11,174,172,265,248
-3.4839999999999999e-11,174,170,264,254
-3.4929999999999996e-11,174,170,259,254
-3.5019999999999999e-11,174,170,270,254
-3.5109999999999996e-11,166,170,260,254
-3.5199999999999999e-11,170,170,269,254
-3.5289999999999995e-11,164,170,247,254
-3.5379999999999998e-11,172,170,269,254
-3.5469999999999995e-11,170,170,252,254
-3.5559999999999998e-11,172,170,266,256
-3.5650000000000001e-11,172,170,275,256
-3.5739999999999998e-11,172,170,270,256
-3.5830000000000001e-11,170,170,259,256
-3.5919999999999997e-11,172,170,258,256
-3.601e-11,172,170,257,256
-3.6099999999999997e-11,174,170,267,256
-3.619e-11,172,170,261,256
-3.6279999999999996e-11,170,170,260,258
-3.637e-11,168,170,255,258
-3.6459999999999996e-11,176,170,269,258
-3.6549999999999999e-11,170,170,266,258
-3.6639999999999996e-11,170,170,257,258
-3.6729999999999999e-11,174,170,255,258
-3.6819999999999995e-11,170,170,250,258
-3.6909999999999998e-11,174,170,267,255
-3.6999999999999995e-11,170,170,258,255
-3.7089999999999998e-11,172,170,259,255
-3.7180000000000001e-11,170,170,263,255
-3.7269999999999998e-11,170,170,262,255
-3.7360000000000001e-11,174,170,261,255
-3.7449999999999997e-11,172,170,258,255
-3.754e-11,170,170,248,255
-3.7629999999999997e-11,168,170,244,255
-3.772e-11,166,170,250,253
-3.7809999999999997e-11,172,170,261,253
-3.79e-11,168,170,248,253
-3.7989999999999996e-11,172,170,256,253
-3.8079999999999999e-11,172,170,266,253
-3.8169999999999996e-11,172,170,248,253
-3.8259999999999999e-11,168,170,256,253
-3.8349999999999996e-11,172,170,270,250
-3.8439999999999999e-11,174,170,258,250
-3.8529999999999995e-11,172,170,251,250
-3.8619999999999998e-11,174,170,256,250
-3.8709999999999995e-11,174,170,264,250
-3.8799999999999998e-11,168,170,259,250
-3.8890000000000001e-11,174,170,275,250
-3.8979999999999997e-11,174,170,263,250
-3.9070000000000001e-11,168,170,259,250
-3.9159999999999997e-11,170,166,249,248
-3.925e-11,172,166,266,248
-3.9339999999999997e-11,174,166,273,248
-3.943e-11,168,166,261,248
-3.9519999999999996e-11,174,166,272,248
-3.9609999999999999e-11,160,166,242,248
-3.9699999999999996e-11,170,166,264,248
-3.9789999999999999e-11,174,166,264,240
-3.9879999999999996e-11,172,166,258,240
-3.9969999999999999e-11,174,166,253,240
-4.0059999999999995e-11,170,166,261,240
-4.0149999999999998e-11,170,166,266,240
-4.0239999999999995e-11,172,166,254,240
-4.0329999999999998e-11,160,166,244,240
-4.0419999999999995e-11,172,166,257,240
-4.0509999999999998e-11,172,162,262,256
-4.0600000000000001e-11,172,162,265,256
-4.0689999999999997e-11,168,162,252,256
-4.078e-11,174,162,239,256
-4.0869999999999997e-11,172,162,256,256
-4.096e-11,174,162,257,256
-4.1049999999999997e-11,172,162,251,256
-4.114e-11,170,168,266,257
-4.1229999999999996e-11,170,168,260,257
-4.1319999999999999e-11,172,168,250,257
-4.1409999999999996e-11,170,168,262,257
-4.1499999999999999e-11,168,168,245,257
-4.1589999999999995e-11,174,168,256,257
-4.1679999999999998e-11,172,168,262,257
-4.1769999999999995e-11,172,168,272,257
-4.1859999999999998e-11,170,168,264,257
-4.1949999999999995e-11,172,170,265,254
-4.2039999999999998e-11,166,170,255,254
-4.2130000000000001e-11,170,170,251,254
-4.2219999999999997e-11,164,170,250,254
-4.231e-11,172,170,264,254
-4.2399999999999997e-11,166,170,243,254
-4.249e-11,162,168,240,252
-4.2579999999999997e-11,168,168,261,252
-4.267e-11,170,168,266,252
-4.2759999999999996e-11,172,168,264,252
-4.2849999999999999e-11,172,168,271,252
-4.2939999999999996e-11,172,168,266,252
-4.3029999999999999e-11,172,168,255,252
-4.3119999999999996e-11,168,168,252,252
-4.3209999999999999e-11,172,168,254,252
-4.3299999999999995e-11,172,168,267,252
-4.3389999999999998e-11,172,170,262,257
-4.3479999999999995e-11,174,170,261,257
-4.3569999999999998e-11,170,170,256,257
-4.3659999999999995e-11,172,170,254,257
-4.3749999999999998e-11,174,170,263,257
-4.3840000000000001e-11,170,170,258,257
-4.3929999999999997e-11,172,170,261,259
-4.402e-11,170,170,249,259
-4.4109999999999997e-11,172,170,268,259
-4.42e-11,174,170,258,259
-4.4289999999999996e-11,162,170,251,259
-4.438e-11,170,170,256,259
-4.4469999999999996e-11,164,170,250,259
-4.4559999999999999e-11,170,170,264,259
-4.4649999999999996e-11,170,170,263,259
-4.4739999999999999e-11,172,170,267,259
-4.4829999999999995e-11,168,172,243,259
-4.4919999999999998e-11,170,172,252,259
-4.5009999999999995e-11,168,172,251,259
-4.5099999999999998e-11,170,172,257,259
-4.5189999999999995e-11,174,172,269,259
-4.5279999999999998e-11,172,168,274,242
-4.5369999999999994e-11,172,168,244,242
-4.5459999999999997e-11,172,168,255,242
-4.555e-11,174,168,266,242
-4.5639999999999997e-11,172,168,261,242
-4.573e-11,172,168,259,242
-4.5819999999999997e-11,174,168,253,242
-4.591e-11,170,168,259,242
-4.5999999999999996e-11,174,168,276,242
-4.6089999999999999e-11,156,168,239,242
-4.6179999999999996e-11,174,168,248,242
-4.6269999999999999e-11,170,168,251,256
-4.6359999999999996e-11,172,168,262,256
-4.6449999999999999e-11,170,168,251,256
-4.6539999999999995e-11,170,168,257,256
-4.6629999999999998e-11,168,168,258,256
-4.6719999999999995e-11,170,162,248,239
-4.6809999999999998e-11,172,162,270,239
-4.6899999999999994e-11,172,162,263,239
-4.6989999999999997e-11,160,162,244,239
-4.7080000000000001e-11,172,162,259,239
-4.7169999999999997e-11,172,162,247,239
-4.726e-11,170,162,255,239
-4.7349999999999997e-11,170,162,263,239
-4.744e-11,166,162,245,239
-4.7529999999999996e-11,166,162,252,239
-4.7619999999999999e-11,172,170,265,263
-4.7709999999999996e-11,172,170,264,263
-4.7799999999999999e-11,172,170,255,263
-4.7889999999999996e-11,172,170,253,263
-4.7979999999999999e-11,164,170,256,263
-4.8069999999999995e-11,172,168,261,251
-4.8159999999999998e-11,174,168,267,251
-4.8249999999999995e-11,164,168,255,251
-4.8339999999999998e-11,170,168,245,251
-4.8429999999999995e-11,168,168,249,251
-4.8519999999999998e-11,170,168,260,251
-4.8609999999999994e-11,166,168,260,251
-4.8699999999999997e-11,164,168,255,251
-4.879e-11,172,168,255,251
-4.8879999999999997e-11,172,168,271,251
-4.897e-11,160,168,235,251
-4.9059999999999997e-11,170,170,253,241
-4.915e-11,174,170,252,241
-4.9239999999999996e-11,172,170,263,241
-4.9329999999999999e-11,170,170,269,241
-4.9419999999999996e-11,170,170,272,241
-4.9509999999999999e-11,172,166,258,243
-4.9599999999999995e-11,170,166,257,243
-4.9689999999999998e-11,168,166,257,243
-4.9779999999999995e-11,168,166,257,243
-4.9869999999999998e-11,168,166,256,243
-4.9959999999999995e-11,172,166,270,243
-5.0049999999999998e-11,170,158,265,243
-5.0139999999999994e-11,168,158,258,243
-5.0229999999999997e-11,170,158,263,243
-5.032e-11,170,158,251,243
-5.0409999999999997e-11,170,158,252,243
-5.05e-11,172,158,262,243
-5.0589999999999997e-11,170,164,254,255
-5.068e-11,160,164,250,255
-5.0769999999999996e-11,170,164,252,255
-5.0859999999999999e-11,170,158,256,238
-5.0949999999999996e-11,172,158,255,238
-5.1039999999999999e-11,172,158,260,238
-5.1129999999999996e-11,170,158,266,238
-5.1219999999999999e-11,172,158,256,238
-5.1309999999999995e-11,170,158,254,238
-5.1399999999999998e-11,164,158,250,238
-5.1489999999999995e-11,168,158,259,238
-5.1579999999999998e-11,172,158,247,238
-5.1669999999999995e-11,160,158,246,238
-5.1759999999999998e-11,172,158,262,238
-5.1849999999999994e-11,172,158,259,238
-5.1939999999999997e-11,172,156,264,238
-5.203e-11,162,156,241,238
-5.2119999999999997e-11,172,156,261,238
-5.221e-11,166,156,254,238
-5.2299999999999996e-11,172,156,273,238
-5.239e-11,174,156,260,238
-5.2479999999999996e-11,170,156,258,238
-5.2569999999999999e-11,168,156,258,238
-5.2659999999999996e-11,168,160,252,246
-5.2749999999999999e-11,172,160,257,246
-5.2839999999999995e-11,172,160,256,246
-5.2929999999999998e-11,172,160,257,246
-5.3019999999999995e-11,168,160,247,246
-5.3109999999999998e-11,170,160,264,246
-5.3199999999999995e-11,172,160,250,246
-5.3289999999999998e-11,170,160,249,246
-5.3379999999999994e-11,172,160,264,246
-5.3469999999999997e-11,168,160,264,246
-5.3559999999999994e-11,170,160,267,246
-5.3649999999999997e-11,168,160,261,246
-5.374e-11,172,162,256,246
-5.3829999999999997e-11,172,162,263,246
-5.392e-11,172,162,260,246
-5.4009999999999996e-11,168,162,252,246
-5.4099999999999999e-11,170,162,246,246
-5.4189999999999996e-11,166,162,243,246
-5.4279999999999999e-11,170,162,256,246
-5.4369999999999996e-11,170,162,243,246
-5.4459999999999999e-11,172,160,260,229
-5.4549999999999995e-11,172,160,271,229
-5.4639999999999998e-11,172,160,258,229
-5.4729999999999995e-11,172,160,248,229
-5.4819999999999998e-11,172,160,255,229
-5.4909999999999994e-11,172,160,254,229
-5.4999999999999997e-11,172,160,262,229
-5.5089999999999994e-11,172,160,269,229
-5.5179999999999997e-11,168,160,248,229
-5.527e-11,170,160,251,229
-5.5359999999999997e-11,172,160,259,229
-5.545e-11,168,160,252,229
-5.5539999999999996e-11,172,166,265,246
-5.5629999999999999e-11,168,166,267,246
-5.5719999999999996e-11,168,166,253,246
-5.5809999999999999e-11,170,166,248,246
-5.5899999999999996e-11,164,166,258,246
-5.5989999999999999e-11,172,166,269,246
-5.6079999999999995e-11,170,166,243,246
-5.6169999999999998e-11,170,166,261,246
-5.6259999999999995e-11,172,162,248,249
-5.6349999999999998e-11,166,162,259,249
-5.6439999999999995e-11,170,162,259,249
-5.6529999999999998e-11,172,162,255,249
-5.6619999999999994e-11,166,162,245,249
-5.6709999999999997e-11,166,162,255,249
-5.6799999999999994e-11,166,162,264,249
-5.6889999999999997e-11,172,162,257,249
-5.698e-11,168,162,264,249
-5.7069999999999997e-11,172,162,257,249
-5.716e-11,168,162,256,249
-5.7249999999999996e-11,172,162,263,249
-5.7339999999999999e-11,172,164,264,243
-5.7429999999999996e-11,168,164,258,243
-5.7519999999999999e-11,170,164,254,243
-5.7609999999999995e-11,168,164,256,243
-5.7699999999999998e-11,172,164,271,243
-5.7789999999999995e-11,170,164,260,243
-5.7879999999999998e-11,170,164,256,243
-5.7969999999999995e-11,170,164,262,243
-5.8059999999999998e-11,168,160,257,241
-5.8149999999999994e-11,170,160,252,241
-5.8239999999999997e-11,168,160,256,241
-5.8329999999999994e-11,172,160,263,241
-5.8419999999999991e-11,172,160,263,241
-5.851e-11,168,160,249,241
-5.8599999999999997e-11,164,160,250,241
-5.8689999999999993e-11,170,160,259,241
-5.8780000000000003e-11,166,160,250,241
-5.8869999999999999e-11,170,160,257,241
-5.8959999999999996e-11,172,160,264,241
-5.9049999999999993e-11,170,160,246,241
-5.9140000000000002e-11,170,160,255,241
-5.9229999999999999e-11,150,162,232,245
-5.9319999999999995e-11,170,162,260,245
-5.9409999999999992e-11,172,162,252,245
-5.9500000000000001e-11,166,162,256,245
-5.9589999999999998e-11,170,162,250,245
-5.9679999999999995e-11,172,162,255,245
-5.9769999999999991e-11,172,164,270,249
-5.9860000000000001e-11,168,164,258,249
-5.9949999999999997e-11,172,164,248,249
-6.0039999999999994e-11,172,164,256,249
-6.012999999999999e-11,170,164,246,249
-6.022e-11,172,164,258,249
-6.0309999999999996e-11,170,164,255,249
-6.0399999999999993e-11,166,164,253,249
-6.0490000000000003e-11,170,164,271,249
-6.0579999999999999e-11,170,164,256,249
-6.0669999999999996e-11,172,164,261,249
-6.0759999999999992e-11,172,164,259,249
-6.0850000000000002e-11,170,164,266,249
-6.0939999999999998e-11,170,164,252,249
-6.1029999999999995e-11,172,156,254,223
-6.1119999999999992e-11,168,156,253,223
-6.1210000000000001e-11,172,156,260,223
-6.1299999999999998e-11,170,156,256,223
-6.1389999999999994e-11,172,156,260,223
-6.1479999999999991e-11,172,156,261,223
-6.157e-11,170,164,257,243
-6.1659999999999997e-11,172,164,269,243
-6.1749999999999994e-11,170,164,263,243
-6.183999999999999e-11,172,164,262,243
-6.193e-11,166,164,241,243
-6.2019999999999996e-11,170,164,257,243
-6.2109999999999993e-11,164,164,240,243
-6.2200000000000002e-11,170,164,256,243
-6.2289999999999999e-11,170,164,248,243
-6.2379999999999996e-11,172,164,261,243
-6.2469999999999992e-11,170,164,267,243
-6.2560000000000002e-11,162,164,253,243
-6.2649999999999998e-11,172,164,250,243
-6.2739999999999995e-11,172,164,260,243
-6.2829999999999991e-11,172,162,264,247
-6.2920000000000001e-11,172,162,259,247
-6.3009999999999997e-11,168,162,252,247
-6.3099999999999994e-11,168,162,250,247
-6.3189999999999991e-11,172,162,257,247
-6.328e-11,170,162,258,247
-6.3369999999999997e-11,168,158,254,242
-6.3459999999999993e-11,170,158,249,242
-6.3550000000000003e-11,172,158,265,242
-6.3639999999999999e-11,162,158,248,242
-6.3729999999999996e-11,168,158,254,242
-6.3819999999999993e-11,172,158,265,242
-6.3910000000000002e-11,170,158,266,242
-6.3999999999999999e-11,172,158,262,242
-6.4089999999999995e-11,172,158,257,242
-6.4179999999999992e-11,168,158,235,242
-6.4270000000000001e-11,170,158,253,242
-6.4359999999999998e-11,170,158,252,242
-6.4449999999999995e-11,168,158,271,242
-6.4539999999999991e-11,172,158,257,242
-6.4630000000000001e-11,170,158,256,232
-6.4719999999999997e-11,170,164,260,249
-6.4809999999999994e-11,170,164,259,249
-6.489999999999999e-11,170,164,255,249
-6.499e-11,166,164,244,249
-6.5079999999999997e-11,170,164,269,249
-6.5169999999999993e-11,170,164,251,249
-6.5260000000000003e-11,170,164,254,249
-6.5349999999999999e-11,170,164,262,249
-6.5439999999999996e-11,172,164,263,249
-6.5529999999999992e-11,168,164,251,249
-6.5620000000000002e-11,168,164,263,249
-6.5709999999999998e-11,172,164,251,249
-6.5799999999999995e-11,172,164,259,249
-6.5889999999999992e-11,166,164,253,249
-6.5980000000000001e-11,168,160,249,244
-6.6069999999999998e-11,170,160,262,244
-6.6159999999999994e-11,170,160,256,244
-6.6249999999999991e-11,170,160,266,244
-6.634e-11,168,160,255,244
-6.6429999999999997e-11,164,160,248,244
-6.6519999999999994e-11,172,164,259,242
-6.660999999999999e-11,170,164,266,242
-6.67e-11,172,164,253,242
-6.6789999999999996e-11,172,164,257,242
-6.6879999999999993e-11,168,164,260,242
-6.6970000000000002e-11,168,164,246,242
-6.7059999999999999e-11,162,164,235,242
-6.7149999999999996e-11,162,164,254,242
-6.7239999999999992e-11,170,164,249,242
-6.7330000000000002e-11,170,164,259,242
-6.7419999999999998e-11,172,164,247,242
-6.7509999999999995e-11,168,164,251,242
-6.7599999999999991e-11,170,164,244,242
-6.7690000000000001e-11,170,164,266,242
-6.7779999999999998e-11,170,164,270,237
-6.7869999999999994e-11,166,164,245,237
-6.7959999999999991e-11,170,164,257,237
-6.805e-11,168,164,259,237
-6.8139999999999997e-11,172,164,258,237
-6.8229999999999993e-11,170,162,253,248
-6.831999999999999e-11,172,162,262,248
-6.841e-11,170,162,266,248
-6.8499999999999996e-11,170,162,248,248
-6.8589999999999993e-11,172,162,249,248
-6.8680000000000002e-11,170,162,252,248
-6.8769999999999999e-11,172,162,253,248
-6.8859999999999995e-11,172,162,244,248
-6.8949999999999992e-11,172,162,248,248
-6.9040000000000001e-11,170,162,254,248
-6.9129999999999998e-11,170,162,258,248
-6.9219999999999995e-11,172,162,258,248
-6.9309999999999991e-11,172,162,260,248
-6.9400000000000001e-11,170,162,256,248
-6.9489999999999997e-11,172,162,260,248
-6.9579999999999994e-11,170,162,255,248
-6.9669999999999991e-11,170,160,253,236
-6.976e-11,170,160,250,236
-6.9849999999999997e-11,172,160,267,236
-6.9939999999999993e-11,168,160,251,236
-7.002999999999999e-11,170,162,249,239
-7.0119999999999999e-11,168,162,255,239
-7.0209999999999996e-11,166,162,245,239
-7.0299999999999992e-11,170,162,254,239
-7.0390000000000002e-11,172,162,263,239
-7.0479999999999999e-11,168,162,266,239
-7.0569999999999995e-11,166,162,255,239
-7.0659999999999992e-11,162,162,244,239
-7.0750000000000001e-11,172,162,256,239
-7.0839999999999998e-11,170,162,258,239
-7.0929999999999994e-11,166,162,254,239
-7.1019999999999991e-11,170,162,261,239
-7.1110000000000001e-11,170,162,243,239
-7.1199999999999997e-11,168,162,251,239
-7.1289999999999994e-11,168,162,257,239
-7.137999999999999e-11,170,162,251,239
-7.147e-11,172,164,261,239
-7.1559999999999996e-11,170,164,257,239
-7.1649999999999993e-11,170,164,270,239
-7.1740000000000002e-11,170,164,256,239
-7.1829999999999999e-11,168,162,248,245
-7.1919999999999996e-11,170,162,251,245
-7.2009999999999992e-11,160,162,235,245
-7.2100000000000002e-11,170,162,235,245
-7.2189999999999998e-11,170,162,258,245
-7.2279999999999995e-11,168,162,261,245
-7.2369999999999992e-11,172,162,255,245
-7.2460000000000001e-11,170,162,261,245
-7.2549999999999998e-11,168,162,249,245
-7.2639999999999994e-11,172,162,270,245
-7.2729999999999991e-11,170,162,271,245
-7.282e-11,172,162,255,245
-7.2909999999999997e-11,150,162,237,245
-7.2999999999999993e-11,170,162,259,245
-7.308999999999999e-11,170,162,258,245
-7.318e-11,170,162,241,245
-7.3269999999999996e-11,170,160,257,239
-7.3359999999999993e-11,170,160,249,239
-7.3450000000000002e-11,166,160,238,239
-7.3539999999999999e-11,172,160,254,239
-7.3629999999999995e-11,170,162,253,253
-7.3719999999999992e-11,170,162,249,253
-7.3810000000000002e-11,170,162,264,253
-7.3899999999999998e-11,172,162,257,253
-7.3989999999999995e-11,164,162,251,253
-7.4079999999999991e-11,168,162,245,253
-7.4170000000000001e-11,170,162,254,253
-7.4259999999999997e-11,170,162,259,253
-7.4349999999999994e-11,170,162,248,253
-7.4439999999999991e-11,170,162,267,253
-7.453e-11,170,162,255,253
-7.4619999999999997e-11,172,162,265,253
-7.4709999999999993e-11,168,162,257,253
-7.479999999999999e-11,172,162,259,253
-7.4889999999999999e-11,154,162,226,253
-7.4979999999999996e-11,172,162,245,253
-7.5069999999999993e-11,168,164,249,248
-7.5160000000000002e-11,166,164,249,248
-7.5249999999999999e-11,166,164,260,248
-7.5339999999999995e-11,154,164,234,248
-7.5429999999999992e-11,162,160,246,246
-7.5520000000000001e-11,172,160,264,246
-7.5609999999999998e-11,168,160,249,246
-7.5699999999999994e-11,170,160,267,246
-7.5789999999999991e-11,170,160,257,246
-7.5880000000000001e-11,170,160,255,246
-7.5969999999999997e-11,170,160,253,246
-7.6059999999999994e-11,168,160,250,246
-7.614999999999999e-11,170,160,260,246
-7.624e-11,172,160,262,246
-7.6329999999999996e-11,170,160,263,246
-7.6419999999999993e-11,172,160,271,246
-7.650999999999999e-11,168,160,244,246
-7.6599999999999999e-11,166,160,260,246
-7.6689999999999996e-11,172,160,256,246
-7.6779999999999992e-11,168,160,255,246
-7.6870000000000002e-11,172,164,262,252
-7.6959999999999998e-11,168,164,245,252
-7.7049999999999995e-11,170,164,259,252
-7.7139999999999992e-11,170,164,257,245
-7.7230000000000001e-11,170,164,261,245
-7.7319999999999998e-11,170,164,260,245
-7.7409999999999994e-11,170,164,250,245
-7.7499999999999991e-11,170,164,255,245
-7.759e-11,172,164,254,245
-7.7679999999999997e-11,170,164,264,245
-7.7769999999999994e-11,170,164,262,245
-7.785999999999999e-11,166,164,257,245
-7.795e-11,170,164,265,245
-7.8039999999999996e-11,168,164,255,245
-7.8129999999999993e-11,170,164,249,245
-7.8219999999999989e-11,168,164,255,245
-7.8309999999999999e-11,172,164,261,245
-7.8399999999999996e-11,170,164,261,245
-7.8489999999999992e-11,166,164,250,245
-7.8580000000000002e-11,164,164,253,245
-7.8669999999999998e-11,170,164,256,245
-7.8759999999999995e-11,166,162,248,246
-7.8849999999999991e-11,170,162,262,246
-7.8940000000000001e-11,172,162,256,246
-7.9029999999999997e-11,160,162,229,246
-7.9119999999999994e-11,170,162,250,246
-7.9209999999999991e-11,168,162,255,246
-7.93e-11,168,162,257,246
-7.9389999999999997e-11,168,162,253,246
-7.9479999999999993e-11,170,162,261,246
-7.956999999999999e-11,170,162,247,246
-7.9659999999999999e-11,170,162,259,246
-7.9749999999999996e-11,168,162,253,246
-7.9839999999999993e-11,170,162,254,246
-7.9929999999999989e-11,170,162,263,246
-8.0019999999999999e-11,170,162,255,246
-8.0109999999999995e-11,166,164,252,244
-8.0199999999999992e-11,166,164,240,244
-8.0290000000000001e-11,168,156,251,224
-8.0379999999999998e-11,170,156,251,224
-8.0469999999999995e-11,164,156,241,224
-8.0559999999999991e-11,166,156,249,224
-8.0650000000000001e-11,166,156,255,224
-8.0739999999999997e-11,170,156,257,224
-8.0829999999999994e-11,170,156,258,224
-8.091999999999999e-11,170,156,250,224
-8.101e-11,164,156,246,224
-8.1099999999999997e-11,158,156,237,224
-8.1189999999999993e-11,172,156,260,224
-8.127999999999999e-11,170,156,250,224
-8.1369999999999999e-11,170,156,256,224
-8.1459999999999996e-11,170,156,266,224
-8.1549999999999992e-11,162,156,256,224
-8.1640000000000002e-11,168,156,251,224
-8.1729999999999998e-11,172,156,256,224
-8.1819999999999995e-11,170,156,260,224
-8.1909999999999992e-11,170,164,256,247
-8.2000000000000001e-11,164,164,257,247
-8.2089999999999998e-11,170,162,264,241
-8.2179999999999994e-11,170,162,253,241
-8.2269999999999991e-11,170,162,244,241
-8.236e-11,170,162,256,241
-8.2449999999999997e-11,170,162,260,241
-8.2539999999999994e-11,170,162,273,241
-8.262999999999999e-11,170,162,251,241
-8.272e-11,170,162,255,241
-8.2809999999999996e-11,168,162,261,241
-8.2899999999999993e-11,166,162,250,241
-8.2989999999999989e-11,168,162,257,241
-8.3079999999999999e-11,166,162,254,241
-8.3169999999999996e-11,170,162,251,241
-8.3259999999999992e-11,170,162,258,241
-8.3350000000000002e-11,170,162,250,241
-8.3439999999999998e-11,170,162,260,241
-8.3529999999999995e-11,164,162,254,241
-8.3619999999999991e-11,172,162,254,241
-8.3710000000000001e-11,168,160,256,254
-8.3799999999999998e-11,170,160,259,254
-8.3889999999999994e-11,170,162,253,238
-8.3979999999999991e-11,170,162,265,238
-8.407e-11,160,162,242,238
-8.4159999999999997e-11,172,162,258,238
-8.4249999999999993e-11,172,162,268,238
-8.433999999999999e-11,170,162,254,238
-8.443e-11,170,162,260,238
-8.4519999999999996e-11,172,162,262,238
-8.4609999999999993e-11,164,162,239,238
-8.4699999999999989e-11,172,162,266,238
-8.4789999999999999e-11,164,162,252,238
-8.4879999999999995e-11,168,162,245,238
-8.4969999999999992e-11,168,162,250,238
-8.5060000000000001e-11,168,162,254,238
-8.5149999999999998e-11,168,162,256,238
-8.5239999999999995e-11,164,162,250,238
-8.5329999999999991e-11,170,162,254,238
-8.5420000000000001e-11,170,162,259,238
-8.5509999999999997e-11,166,162,241,239
-8.5599999999999994e-11,170,160,263,240
-8.5689999999999991e-11,168,160,264,240
-8.578e-11,168,160,252,240
-8.5869999999999997e-11,172,160,253,240
-8.5959999999999993e-11,168,160,254,240
-8.604999999999999e-11,170,160,267,240
-8.6139999999999999e-11,168,160,256,240
-8.6229999999999996e-11,172,160,263,240
-8.6319999999999992e-11,168,160,252,240
-8.6409999999999989e-11,168,160,252,240
-8.6499999999999999e-11,170,160,271,240
-8.6589999999999995e-11,152,160,226,240
-8.6679999999999992e-11,170,160,251,240
-8.6770000000000001e-11,170,160,257,240
-8.6859999999999998e-11,170,160,253,240
-8.6949999999999994e-11,168,160,245,240
-8.7039999999999991e-11,170,160,254,240
-8.7130000000000001e-11,170,160,260,240
-8.7219999999999997e-11,170,160,257,240
-8.7309999999999994e-11,168,160,254,240
-8.739999999999999e-11,170,162,259,251
-8.749e-11,168,162,254,251
-8.7579999999999996e-11,170,162,253,251
-8.7669999999999993e-11,172,162,263,251
-8.775999999999999e-11,166,162,246,251
-8.7849999999999999e-11,170,162,258,251
-8.7939999999999996e-11,164,162,254,251
-8.8029999999999992e-11,170,162,250,251
-8.8119999999999989e-11,168,162,261,251
-8.8209999999999998e-11,172,162,246,251
-8.8299999999999995e-11,172,162,262,251
-8.8389999999999992e-11,170,162,277,251
-8.8480000000000001e-11,168,162,252,251
-8.8569999999999998e-11,166,162,258,251
-8.8659999999999994e-11,170,162,259,251
-8.8749999999999991e-11,170,162,258,251
-8.884e-11,168,162,256,251
-8.8929999999999997e-11,170,162,255,251
-8.9019999999999993e-11,168,162,255,251
-8.910999999999999e-11,166,162,252,251
-8.92e-11,172,162,259,250
-8.9289999999999996e-11,168,162,253,250
-8.9379999999999993e-11,166,162,262,250
-8.9469999999999989e-11,170,162,264,250
-8.9559999999999999e-11,168,162,244,250
-8.9649999999999995e-11,162,162,251,250
-8.9739999999999992e-11,160,162,236,250
-8.9830000000000002e-11,166,162,260,250
-8.9919999999999998e-11,162,162,242,250
-9.0009999999999995e-11,172,162,259,250
-9.0099999999999991e-11,160,162,237,250
-9.0190000000000001e-11,172,162,253,250
-9.0279999999999997e-11,170,162,265,250
-9.0369999999999994e-11,166,162,243,250
-9.0459999999999991e-11,166,162,254,250
-9.055e-11,168,162,255,250
-9.0639999999999997e-11,168,162,254,250
-9.0729999999999993e-11,170,162,261,250
-9.081999999999999e-11,172,162,264,250
-9.0909999999999999e-11,166,162,249,250
-9.0999999999999996e-11,172,162,258,236
-9.1089999999999993e-11,168,162,266,236
-9.1179999999999989e-11,170,162,246,236
-9.1269999999999999e-11,166,162,250,236
-9.1359999999999995e-11,170,162,259,236
-9.1449999999999992e-11,168,162,242,236
-9.1540000000000001e-11,170,162,248,236
-9.1629999999999998e-11,168,162,257,236
-9.1719999999999994e-11,170,162,256,236
-9.1809999999999991e-11,162,162,230,236
-9.1900000000000001e-11,170,162,267,236
-9.1989999999999997e-11,166,162,260,236
-9.2079999999999994e-11,170,162,267,236
-9.216999999999999e-11,172,162,261,236
-9.226e-11,170,162,263,236
-9.2349999999999996e-11,170,162,260,236
-9.2439999999999993e-11,152,162,238,236
-9.252999999999999e-11,170,162,258,236
-9.2619999999999999e-11,168,162,262,236
-9.2709999999999996e-11,166,162,245,236
-9.2799999999999992e-11,168,160,256,252
-9.2889999999999989e-11,170,160,246,252
-9.2979999999999998e-11,170,160,251,252
-9.3069999999999995e-11,168,160,261,252
-9.3159999999999992e-11,170,160,253,252
-9.3250000000000001e-11,168,160,245,252
-9.3339999999999998e-11,168,160,264,252
-9.3429999999999994e-11,166,160,234,252
-9.3519999999999991e-11,170,160,262,252
-9.361e-11,162,160,244,252
-9.3699999999999997e-11,170,160,264,252
-9.3789999999999994e-11,172,160,259,252
-9.387999999999999e-11,168,160,234,252
-9.397e-11,172,160,255,252
-9.4059999999999996e-11,170,162,265,251
-9.4149999999999993e-11,170,162,265,251
-9.4239999999999989e-11,162,162,239,251
-9.4329999999999999e-11,170,162,255,251
-9.4419999999999996e-11,166,162,246,251
-9.4509999999999992e-11,168,162,245,251
-9.4599999999999989e-11,170,162,244,251
-9.4689999999999998e-11,170,162,260,251
-9.4779999999999995e-11,170,162,259,251
-9.4869999999999991e-11,170,162,249,251
-9.4960000000000001e-11,170,162,251,251
-9.5049999999999997e-11,170,162,254,251
-9.5139999999999994e-11,166,162,256,251
-9.5229999999999991e-11,170,162,245,251
-9.532e-11,168,162,269,251
-9.5409999999999997e-11,170,162,254,251
-9.5499999999999993e-11,172,162,274,251
-9.558999999999999e-11,170,162,263,251
-9.5679999999999999e-11,166,162,236,251
-9.5769999999999996e-11,162,162,254,251
-9.5859999999999993e-11,168,162,257,251
-9.5949999999999989e-11,170,162,260,251
-9.6039999999999999e-11,172,162,264,239
-9.6129999999999995e-11,170,162,252,239
-9.6219999999999992e-11,168,162,269,239
-9.6309999999999988e-11,170,162,263,239
-9.6399999999999998e-11,168,162,250,239
-9.6489999999999995e-11,166,162,254,239
-9.6579999999999991e-11,170,162,254,239
-9.6670000000000001e-11,162,162,248,239
-9.6759999999999997e-11,172,162,256,239
-9.6849999999999994e-11,164,162,253,239
-9.693999999999999e-11,170,162,255,239
-9.703e-11,168,162,251,239
-9.7119999999999997e-11,158,162,229,239
-9.7209999999999993e-11,170,162,261,239
-9.729999999999999e-11,170,162,258,239
-9.7389999999999999e-11,172,162,258,239
-9.7479999999999996e-11,170,162,261,239
-9.7569999999999992e-11,168,162,252,239
-9.7659999999999989e-11,170,160,261,243
-9.7749999999999998e-11,170,160,245,243
-9.7839999999999995e-11,168,160,252,243
-9.7929999999999992e-11,166,160,244,243
-9.8019999999999988e-11,168,160,259,243
-9.8109999999999998e-11,166,160,254,243
-9.8199999999999994e-11,170,160,268,243
-9.8289999999999991e-11,168,160,260,243
-9.838e-11,168,160,253,243
-9.8469999999999997e-11,170,160,241,243
-9.8559999999999994e-11,170,160,250,243
-9.864999999999999e-11,164,160,248,243
-9.874e-11,160,160,236,243
-9.8829999999999996e-11,170,160,257,243
-9.8919999999999993e-11,168,160,247,243
-9.9009999999999989e-11,164,160,239,243
-9.9099999999999999e-11,168,160,248,243
-9.9189999999999996e-11,168,160,249,243
-9.9279999999999992e-11,170,160,266,243
-9.9369999999999989e-11,170,160,239,243
-9.9459999999999998e-11,170,160,266,243
-9.9549999999999995e-11,170,160,266,243
-9.9639999999999991e-11,172,158,265,241
-9.9730000000000001e-11,170,158,245,241
-9.9819999999999998e-11,170,158,252,241
-9.9909999999999994e-11,166,158,243,241
